cell_budget,seed,feature_set,transform,eligible_patients,eligible_diseases,accuracy,balanced_accuracy,macro_f1,log_loss,macro_auroc
100,0,pred_soft_lineage,raw,40,6,0.425,0.4275793650793651,0.43297258297258295,2.7414764069667745,0.7544879931139122
100,0,pred_soft_lineage,clr,40,6,0.45,0.4523809523809524,0.4545843045843046,2.043477086837739,0.7830346864124437
100,0,pred_soft_subtype,raw,40,6,0.475,0.496031746031746,0.47361111111111115,3.882372487042408,0.7704923115079364
100,0,pred_soft_subtype,clr,40,6,0.65,0.6656746031746031,0.6495710172180761,0.8239386712674044,0.9400048608458534
100,1,pred_soft_lineage,raw,40,6,0.45,0.45535714285714285,0.4499389499389499,2.440710492634066,0.7554873511904762
100,1,pred_soft_lineage,clr,40,6,0.5,0.5148809523809524,0.4939407814407814,1.7369613043131682,0.7921467829556065
100,1,pred_soft_subtype,raw,40,6,0.6,0.6240079365079365,0.601037851037851,3.0320395031109726,0.8140353442513368
100,1,pred_soft_subtype,clr,40,6,0.725,0.7420634920634921,0.7274392274392275,0.8773908668920235,0.9349976259443172
100,2,pred_soft_lineage,raw,40,6,0.4,0.4077380952380953,0.4033730158730158,2.0920078109408142,0.7692233853768781
100,2,pred_soft_lineage,clr,40,6,0.45,0.4593253968253968,0.45009018759018754,2.060147020537557,0.7714570203081234
100,2,pred_soft_subtype,raw,40,6,0.525,0.5515873015873015,0.5166056166056167,4.746349182967184,0.7571806895106526
100,2,pred_soft_subtype,clr,40,6,0.675,0.6875,0.6838624338624338,1.1058095010238183,0.9002888323890161
100,3,pred_soft_lineage,raw,40,6,0.475,0.4871031746031746,0.47903664962488496,2.594317637260956,0.7740197404719463
100,3,pred_soft_lineage,clr,40,6,0.475,0.4871031746031746,0.4721611721611721,1.8884784202524265,0.8062036130740174
100,3,pred_soft_subtype,raw,40,6,0.55,0.5793650793650793,0.544017094017094,3.260991183158988,0.8067687775867922
100,3,pred_soft_subtype,clr,40,6,0.65,0.6775793650793651,0.647415450047029,1.1540377969141655,0.9130293215771158
100,4,pred_soft_lineage,raw,40,6,0.475,0.49007936507936506,0.4820225526107879,1.9178654093223468,0.7769967598781937
100,4,pred_soft_lineage,clr,40,6,0.4,0.4077380952380952,0.4080510992275698,3.312166966239336,0.7587022735230455
100,4,pred_soft_subtype,raw,40,6,0.575,0.5972222222222222,0.591889591889592,3.5634699902049767,0.8201986050101859
100,4,pred_soft_subtype,clr,40,6,0.675,0.6944444444444445,0.6729920406390995,0.928254289901064,0.9168120609986419
100,5,pred_soft_lineage,raw,40,6,0.425,0.4246031746031746,0.41725921137685834,2.7867599399186247,0.7535867803560818
100,5,pred_soft_lineage,clr,40,6,0.45,0.4523809523809524,0.4541389982566453,2.958453863285976,0.7502554762435277
100,5,pred_soft_subtype,raw,40,6,0.625,0.6507936507936508,0.6011904761904762,2.523402521148861,0.8243447473686444
100,5,pred_soft_subtype,clr,40,6,0.7,0.7182539682539683,0.7040112665112664,1.2156635328727918,0.899370875244037
100,6,pred_soft_lineage,raw,40,6,0.525,0.5347222222222222,0.5324453324453324,1.937856033795681,0.810175680120533
100,6,pred_soft_lineage,clr,40,6,0.5,0.5148809523809523,0.49267399267399264,1.8207983126773422,0.8300194367519736
100,6,pred_soft_subtype,raw,40,6,0.55,0.5724206349206349,0.5541514041514041,3.002740092660079,0.8336707078664799
100,6,pred_soft_subtype,clr,40,6,0.65,0.6765873015873015,0.646991896991897,0.876192301735431,0.9167195524042951
100,7,pred_soft_lineage,raw,40,6,0.475,0.48710317460317465,0.4835678210678211,2.880623060836161,0.7506472285884049
100,7,pred_soft_lineage,clr,40,6,0.45,0.4702380952380953,0.44928127428127423,2.2739849732123387,0.7761996607355064
100,7,pred_soft_subtype,raw,40,6,0.575,0.6031746031746031,0.561050061050061,2.1514557866970017,0.8497701874310332
100,7,pred_soft_subtype,clr,40,6,0.725,0.7390873015873015,0.7260109171873877,1.1518714001937496,0.9084307491936169
100,8,pred_soft_lineage,raw,40,6,0.425,0.435515873015873,0.42718253968253966,2.220121133879507,0.7758264764239029
100,8,pred_soft_lineage,clr,40,6,0.525,0.5357142857142857,0.5092755283931755,1.346918511169053,0.823030230084458
100,8,pred_soft_subtype,raw,40,6,0.625,0.6408730158730158,0.6237789987789988,3.24516254338828,0.8125260284037857
100,8,pred_soft_subtype,clr,40,6,0.675,0.6904761904761904,0.6709401709401709,0.9092169257287207,0.9199043016827942
100,9,pred_soft_lineage,raw,40,6,0.375,0.37996031746031744,0.3807200152788388,4.871742597240757,0.7212207089275103
100,9,pred_soft_lineage,clr,40,6,0.475,0.4871031746031746,0.48012820512820514,3.182163133197056,0.7287366177531619
100,9,pred_soft_subtype,raw,40,6,0.575,0.6031746031746031,0.5561868686868686,2.9796000286223916,0.7904740021008404
100,9,pred_soft_subtype,clr,40,6,0.575,0.5942460317460317,0.5903263403263403,1.4123419403515527,0.8771227240896358
100,10,pred_soft_lineage,raw,40,6,0.525,0.5347222222222222,0.5388403263403263,2.394940607923638,0.7749827914120194
100,10,pred_soft_lineage,clr,40,6,0.5,0.5148809523809523,0.503525641025641,2.1488369188620298,0.780383104946524
100,10,pred_soft_subtype,raw,40,6,0.575,0.6031746031746031,0.5525183150183149,3.0800889237611146,0.783454290807232
100,10,pred_soft_subtype,clr,40,6,0.7,0.7222222222222223,0.693210384386855,0.8330761097029166,0.9352565836940837
100,11,pred_soft_lineage,raw,40,6,0.475,0.48313492063492064,0.4769119769119769,2.200610712224639,0.7823480007533318
100,11,pred_soft_lineage,clr,40,6,0.475,0.49404761904761907,0.4916958041958042,2.5662104232002565,0.7516469182369918
100,11,pred_soft_subtype,raw,40,6,0.6,0.6240079365079364,0.5944535856300562,2.5675367194962724,0.8221875397886428
100,11,pred_soft_subtype,clr,40,6,0.675,0.6904761904761904,0.6780372405372406,0.9124970582057168,0.9291551611174773
100,12,pred_soft_lineage,raw,40,6,0.4,0.41071428571428564,0.39517704517704516,3.1772697628788626,0.7273849644024276
100,12,pred_soft_lineage,clr,40,6,0.425,0.4384920634920635,0.42493894993895,2.9630462291210837,0.7542174303433494
100,12,pred_soft_subtype,raw,40,6,0.55,0.5753968253968255,0.5411070411070411,3.677076729707303,0.7838911369472031
100,12,pred_soft_subtype,clr,40,6,0.7,0.7152777777777777,0.701389254020833,0.8424956603711706,0.9405231079174095
100,13,pred_soft_lineage,raw,40,6,0.475,0.4930555555555556,0.4853826728826729,2.528771930124857,0.741282474163908
100,13,pred_soft_lineage,clr,40,6,0.5,0.507936507936508,0.4927170868347339,1.910564055476095,0.7718137918046007
100,13,pred_soft_subtype,raw,40,6,0.55,0.5753968253968255,0.5547202797202797,3.4224070225710532,0.7950750612745098
100,13,pred_soft_subtype,clr,40,6,0.7,0.7113095238095237,0.7023809523809524,0.7035180643862171,0.9540121209468637
100,14,pred_soft_lineage,raw,40,6,0.475,0.48313492063492064,0.49127473833356183,2.295898049785174,0.7804945131461675
100,14,pred_soft_lineage,clr,40,6,0.525,0.5386904761904762,0.5306304806304806,2.0239258579917765,0.8059366975957049
100,14,pred_soft_subtype,raw,40,6,0.55,0.568452380952381,0.5523088023088023,2.4301538186448894,0.8026725368177575
100,14,pred_soft_subtype,clr,40,6,0.675,0.6865079365079364,0.6875,1.0848007293288693,0.8978522753798489
100,15,pred_soft_lineage,raw,40,6,0.45,0.4593253968253968,0.4445887445887446,2.106689010476022,0.7717701900836093
100,15,pred_soft_lineage,clr,40,6,0.425,0.4424603174603175,0.41491841491841486,2.64195292388177,0.7530721805767762
100,15,pred_soft_subtype,raw,40,6,0.65,0.6795634920634921,0.6368506493506493,3.7167570797851206,0.8222472227527374
100,15,pred_soft_subtype,clr,40,6,0.675,0.6974206349206349,0.6857142857142856,1.2316047123434308,0.8931341712821492
100,16,pred_soft_lineage,raw,40,6,0.525,0.5317460317460317,0.5301254301254301,1.8562835311684047,0.8087081423478483
100,16,pred_soft_lineage,clr,40,6,0.4,0.41071428571428575,0.41764069264069265,2.316430805536025,0.7723356861684069
100,16,pred_soft_subtype,raw,40,6,0.6,0.6200396825396824,0.5895516248457425,3.057680161663293,0.8017718214179612
100,16,pred_soft_subtype,clr,40,6,0.75,0.7569444444444443,0.7418372319688108,1.2795334147442472,0.9093182017125033
100,17,pred_soft_lineage,raw,40,6,0.45,0.4593253968253968,0.4415972915972916,2.0210415896205935,0.7422904531130635
100,17,pred_soft_lineage,clr,40,6,0.425,0.43154761904761907,0.4184680515562869,1.7145437698185968,0.7504857530133265
100,17,pred_soft_subtype,raw,40,6,0.525,0.5406746031746031,0.5242165242165243,2.891623696772677,0.8098059773151686
100,17,pred_soft_subtype,clr,40,6,0.65,0.6626984126984127,0.6616069116069117,1.209009542637763,0.9149865912274001
100,18,pred_soft_lineage,raw,40,6,0.475,0.4871031746031746,0.466056166056166,2.306634007436347,0.7765556033019267
100,18,pred_soft_lineage,clr,40,6,0.5,0.5079365079365079,0.49526453938218645,1.987859876545461,0.815792675971904
100,18,pred_soft_subtype,raw,40,6,0.525,0.5446428571428571,0.5233974358974359,2.497344264513006,0.7883013764217809
100,18,pred_soft_subtype,clr,40,6,0.7,0.7083333333333334,0.6974210000525791,1.2712621403065214,0.8955171794096426
100,19,pred_soft_lineage,raw,40,6,0.475,0.4751984126984126,0.4942279942279943,2.4412303747455697,0.7479505533273915
100,19,pred_soft_lineage,clr,40,6,0.5,0.5148809523809523,0.5082556332556333,2.6413144090806697,0.7659050125732111
100,19,pred_soft_subtype,raw,40,6,0.625,0.6478174603174603,0.6291971916971917,3.47324931332577,0.7931342044393515
100,19,pred_soft_subtype,clr,40,6,0.65,0.6726190476190476,0.6464577089577089,1.1178901326925739,0.9010910708980563
100,20,pred_soft_lineage,raw,40,6,0.5,0.5109126984126985,0.5069309775192128,1.7381294759818728,0.7981797359095154
100,20,pred_soft_lineage,clr,40,6,0.475,0.4871031746031746,0.47124444183267716,2.72513796109103,0.7431866922905526
100,20,pred_soft_subtype,raw,40,6,0.575,0.5962301587301587,0.5889597330773801,1.625694226577135,0.8409686080871742
100,20,pred_soft_subtype,clr,40,6,0.675,0.6904761904761904,0.6781236307552098,1.09967853216223,0.9140215508551907
100,21,pred_soft_lineage,raw,40,6,0.45,0.45238095238095233,0.43907203907203907,1.9402857365830364,0.7789336378490791
100,21,pred_soft_lineage,clr,40,6,0.425,0.431547619047619,0.3991452991452991,2.385990385318124,0.7557559245289025
100,21,pred_soft_subtype,raw,40,6,0.6,0.6210317460317459,0.6100122100122101,1.9422695004310302,0.864971272599949
100,21,pred_soft_subtype,clr,40,6,0.675,0.689484126984127,0.6693584193584194,1.182168904013783,0.9037167897462015
100,22,pred_soft_lineage,raw,40,6,0.45,0.45535714285714285,0.45290404040404036,3.3296679898085544,0.7512782101476955
100,22,pred_soft_lineage,clr,40,6,0.45,0.4662698412698412,0.4459096459096459,2.583575221659429,0.74164703760292
100,22,pred_soft_subtype,raw,40,6,0.55,0.5753968253968255,0.5277777777777778,3.052780448036437,0.8345301425494439
100,22,pred_soft_subtype,clr,40,6,0.725,0.7450396825396824,0.7286380286380286,1.5477454618657758,0.8956882705733809
100,23,pred_soft_lineage,raw,40,6,0.475,0.4831349206349207,0.47222222222222215,2.314315630811305,0.7651528414396062
100,23,pred_soft_lineage,clr,40,6,0.425,0.44246031746031744,0.4208916083916084,1.5825993355847168,0.7809592113360496
100,23,pred_soft_subtype,raw,40,6,0.55,0.5724206349206349,0.5524698340874812,3.007388220725092,0.7944362877726848
100,23,pred_soft_subtype,clr,40,6,0.725,0.746031746031746,0.7236235986235986,0.8393035879908755,0.9318221606824548
100,24,pred_soft_lineage,raw,40,6,0.45,0.4593253968253968,0.44797008547008543,2.2439202035493837,0.7543502249384603
100,24,pred_soft_lineage,clr,40,6,0.475,0.48313492063492064,0.4715950715950716,1.4876051609562588,0.7714222052457345
100,24,pred_soft_subtype,raw,40,6,0.5,0.5198412698412699,0.49748584748584745,3.79850346323486,0.7837684552987861
100,24,pred_soft_subtype,clr,40,6,0.725,0.7390873015873015,0.731018981018981,0.9768719688891293,0.9223639029475427
100,25,pred_soft_lineage,raw,40,6,0.4,0.40079365079365076,0.3975011916188387,2.705277578921585,0.747025798955946
100,25,pred_soft_lineage,clr,40,6,0.425,0.43154761904761907,0.4266636141636142,2.09402745490672,0.7388354726360241
100,25,pred_soft_subtype,raw,40,6,0.525,0.5446428571428571,0.5383458646616542,3.7161182128439707,0.7813756657966219
100,25,pred_soft_subtype,clr,40,6,0.625,0.6378968253968255,0.6245051245051245,1.1710060369445032,0.8866409963606655
100,26,pred_soft_lineage,raw,40,6,0.425,0.43154761904761907,0.4351003027473616,4.05310688131465,0.7583849590972753
100,26,pred_soft_lineage,clr,40,6,0.4,0.4077380952380953,0.3999430580312933,3.5459700261831473,0.786958343943638
100,26,pred_soft_subtype,raw,40,6,0.625,0.6408730158730159,0.6273101898101898,2.2276484512894066,0.8263658446333079
100,26,pred_soft_subtype,clr,40,6,0.7,0.7103174603174603,0.704594017094017,1.0505773600026544,0.9008117214688908
100,27,pred_soft_lineage,raw,40,6,0.5,0.5069444444444444,0.5025641025641026,2.1999595742324867,0.7633499185659112
100,27,pred_soft_lineage,clr,40,6,0.5,0.5079365079365079,0.49526453938218645,1.4262000703750473,0.8107181319497495
100,27,pred_soft_subtype,raw,40,6,0.6,0.6240079365079365,0.5913530913530913,2.9178551974698523,0.8131571757490875
100,27,pred_soft_subtype,clr,40,6,0.65,0.6666666666666666,0.6468142968142969,1.1531771078015318,0.9086799255687122
100,28,pred_soft_lineage,raw,40,6,0.475,0.4761904761904761,0.45905491567256274,2.912408205741702,0.7813542794011544
100,28,pred_soft_lineage,clr,40,6,0.5,0.5069444444444445,0.49116300366300364,1.8301513341978382,0.7606363331317376
100,28,pred_soft_subtype,raw,40,6,0.625,0.6517857142857143,0.6206887883358472,2.6368159415278027,0.8048963903743315
100,28,pred_soft_subtype,clr,40,6,0.75,0.7698412698412698,0.7502442002442002,0.7455677706950484,0.9505297857779476
100,29,pred_soft_lineage,raw,40,6,0.475,0.48710317460317465,0.4771829477711831,1.9204579500950203,0.8067623119323487
100,29,pred_soft_lineage,clr,40,6,0.475,0.4871031746031746,0.4735199441081795,1.5545170760483091,0.7634663003458959
100,29,pred_soft_subtype,raw,40,6,0.55,0.5793650793650793,0.5422008547008547,3.0827285858357163,0.8271236524912995
100,29,pred_soft_subtype,clr,40,6,0.725,0.7390873015873015,0.7238741650506356,0.7938638670488092,0.9443588988625754
100,30,pred_soft_lineage,raw,40,6,0.5,0.5109126984126984,0.507097477685713,2.302200030281896,0.7601411303157626
100,30,pred_soft_lineage,clr,40,6,0.45,0.4593253968253968,0.4546536796536797,2.0928439021615817,0.8079480134856974
100,30,pred_soft_subtype,raw,40,6,0.625,0.6478174603174603,0.6136363636363636,3.0705785693288243,0.8380574057274424
100,30,pred_soft_subtype,clr,40,6,0.7,0.7212301587301587,0.7087895764366352,1.0759787745206797,0.8968774536329684
100,31,pred_soft_lineage,raw,40,6,0.4,0.40079365079365076,0.3901936843113314,2.6195862467606355,0.7388349752779901
100,31,pred_soft_lineage,clr,40,6,0.475,0.4871031746031746,0.4715506715506715,2.5664337418670784,0.758910666539343
100,31,pred_soft_subtype,raw,40,6,0.625,0.6478174603174603,0.6173756798756799,3.0263157825027447,0.7877196333078685
100,31,pred_soft_subtype,clr,40,6,0.725,0.7321428571428571,0.7261277937748526,0.8565534386028038,0.9300926810117988
100,32,pred_soft_lineage,raw,40,6,0.425,0.43154761904761907,0.4312169312169312,2.977641692706063,0.739289892093201
100,32,pred_soft_lineage,clr,40,6,0.5,0.5218253968253969,0.5076947018123489,2.2240598308665547,0.7593297735760971
100,32,pred_soft_subtype,raw,40,6,0.625,0.6507936507936508,0.5906126553185377,2.9682910590259404,0.8095281199601052
100,32,pred_soft_subtype,clr,40,6,0.725,0.7351190476190476,0.7249139749139749,0.9849597714841302,0.9292930950789406
100,33,pred_soft_lineage,raw,40,6,0.425,0.4384920634920635,0.42002442002442003,1.7549671797818593,0.7677351243527714
100,33,pred_soft_lineage,clr,40,6,0.525,0.5357142857142857,0.5166278166278166,2.4141416268316513,0.7639162435807657
100,33,pred_soft_subtype,raw,40,6,0.6,0.6200396825396826,0.5956196581196581,2.6793701062574407,0.8264709529645192
100,33,pred_soft_subtype,clr,40,6,0.7,0.7182539682539683,0.7000646412411119,0.9700016788822664,0.9329291138804007
100,34,pred_soft_lineage,raw,40,6,0.4,0.41071428571428564,0.3912938912938913,2.606773792659498,0.7341883249511926
100,34,pred_soft_lineage,clr,40,6,0.45,0.4593253968253968,0.44493654493654494,2.738288831591458,0.7473404608055344
100,34,pred_soft_subtype,raw,40,6,0.575,0.6031746031746031,0.563131313131313,3.4917858507603383,0.7805924926788897
100,34,pred_soft_subtype,clr,40,6,0.675,0.6865079365079364,0.6678302090066796,0.9347814285579743,0.9128908902576183
100,35,pred_soft_lineage,raw,40,6,0.4,0.4146825396825397,0.39377289377289376,2.493680994327454,0.7451356726402683
100,35,pred_soft_lineage,clr,40,6,0.425,0.4384920634920635,0.4248015873015873,2.99696770667316,0.7620712110601816
100,35,pred_soft_subtype,raw,40,6,0.625,0.6438492063492064,0.6134623546388253,3.451635032727367,0.7995046977124183
100,35,pred_soft_subtype,clr,40,6,0.675,0.6934523809523809,0.6742424242424242,1.0628053092836995,0.916358470471522
100,36,pred_soft_lineage,raw,40,6,0.475,0.48313492063492064,0.4935897435897436,2.1576539277418485,0.769379721585604
100,36,pred_soft_lineage,clr,40,6,0.45,0.4553571428571428,0.44833638583638585,1.9595216380990066,0.7031611413504796
100,36,pred_soft_subtype,raw,40,6,0.625,0.6478174603174603,0.615986790986791,2.996702440245745,0.8195561842161107
100,36,pred_soft_subtype,clr,40,6,0.7,0.7113095238095237,0.7035464535464536,0.9789213280501367,0.9265811675048807
100,37,pred_soft_lineage,raw,40,6,0.5,0.513888888888889,0.48969168086815146,3.2381602801920595,0.736817193733554
100,37,pred_soft_lineage,clr,40,6,0.425,0.4384920634920635,0.4139063550828257,2.333309257374081,0.762676495787709
100,37,pred_soft_subtype,raw,40,6,0.525,0.5406746031746031,0.5240413181589653,3.0331094789679627,0.7758079083906289
100,37,pred_soft_subtype,clr,40,6,0.675,0.683531746031746,0.6800568712333418,0.9552375145200838,0.9272177857885578
100,38,pred_soft_lineage,raw,40,6,0.45,0.4593253968253968,0.45545500251382603,1.9308128816992234,0.7987163852283338
100,38,pred_soft_lineage,clr,40,6,0.475,0.48015873015873006,0.47332373508844094,1.7543765088485617,0.771159268631695
100,38,pred_soft_subtype,raw,40,6,0.575,0.5962301587301587,0.5622405372405372,3.022509998896725,0.8150509493570155
100,38,pred_soft_subtype,clr,40,6,0.7,0.7192460317460317,0.6926276338041045,0.8722434654103711,0.9357585837365249
100,39,pred_soft_lineage,raw,40,6,0.4,0.4067460317460317,0.408064158064158,1.7870598887022395,0.750951114347254
100,39,pred_soft_lineage,clr,40,6,0.475,0.47222222222222227,0.47727272727272724,4.1402838775667306,0.7744496235994397
100,39,pred_soft_subtype,raw,40,6,0.65,0.6696428571428572,0.6619047619047619,2.33929523146352,0.8580830296133605
100,39,pred_soft_subtype,clr,40,6,0.7,0.7182539682539683,0.7016186427951134,1.0259359504627796,0.9094176733193278
100,40,pred_soft_lineage,raw,40,6,0.5,0.5148809523809523,0.4969187675070028,2.4577705577208286,0.7608356079174095
100,40,pred_soft_lineage,clr,40,6,0.45,0.4593253968253968,0.4539284245166599,1.7186925467527054,0.7588712094686358
100,40,pred_soft_subtype,raw,40,6,0.55,0.5714285714285715,0.5537730243612596,3.3704561392842836,0.7979937240047535
100,40,pred_soft_subtype,clr,40,6,0.7,0.7073412698412698,0.7039835164835164,0.9227287638902979,0.9210603275401071
100,41,pred_soft_lineage,raw,40,6,0.425,0.42757936507936506,0.4270299145299145,3.7480413269463795,0.7310231384220355
100,41,pred_soft_lineage,clr,40,6,0.425,0.4384920634920635,0.41702578467284357,2.3302961928702133,0.740874474789916
100,41,pred_soft_subtype,raw,40,6,0.575,0.6031746031746031,0.5626373626373626,2.4318664631360924,0.8269560428338002
100,41,pred_soft_subtype,clr,40,6,0.7,0.7142857142857143,0.7053779553779553,1.2524627539147413,0.8914169597763348
100,42,pred_soft_lineage,raw,40,6,0.475,0.48313492063492064,0.49233405483405485,2.622735586580729,0.7608840174327306
100,42,pred_soft_lineage,clr,40,6,0.425,0.44543650793650796,0.4258699633699634,1.8122728094713103,0.760569687155165
100,42,pred_soft_subtype,raw,40,6,0.65,0.6607142857142857,0.6497113997113997,3.4324948141570912,0.7850775016445972
100,42,pred_soft_subtype,clr,40,6,0.675,0.6974206349206349,0.6762057387057387,1.3022551726771556,0.9027577176704016
100,43,pred_soft_lineage,raw,40,6,0.425,0.431547619047619,0.4219155844155844,3.4586115870829572,0.68579538823105
100,43,pred_soft_lineage,clr,40,6,0.425,0.431547619047619,0.4172008547008546,1.878019972426923,0.8175480182603345
100,43,pred_soft_subtype,raw,40,6,0.55,0.5724206349206349,0.5569055944055944,3.5250108998401415,0.7873918743633816
100,43,pred_soft_subtype,clr,40,6,0.725,0.7321428571428571,0.7259702286018075,0.8472640341399419,0.9467266546770223
100,44,pred_soft_lineage,raw,40,6,0.45,0.4553571428571428,0.4435286935286935,2.9176379824444005,0.7244253525273745
100,44,pred_soft_lineage,clr,40,6,0.475,0.4871031746031746,0.4698704073704074,1.473423447682894,0.7892224835009761
100,44,pred_soft_subtype,raw,40,6,0.525,0.5515873015873015,0.515018315018315,3.201875688201549,0.7697187539788642
100,44,pred_soft_subtype,clr,40,6,0.65,0.6696428571428571,0.6474358974358975,1.1536036407370536,0.9172500676406927
100,45,pred_soft_lineage,raw,40,6,0.4,0.41071428571428575,0.4202402172990409,2.7667853326433884,0.7493562529178338
100,45,pred_soft_lineage,clr,40,6,0.45,0.46329365079365087,0.4506105006105006,1.8466816586575008,0.7877952317290552
100,45,pred_soft_subtype,raw,40,6,0.725,0.7371031746031745,0.7177914677914679,2.850416086743985,0.8545325563937696
100,45,pred_soft_subtype,clr,40,6,0.675,0.6974206349206349,0.6758519258519259,1.0130767923346764,0.9245978694508107
100,46,pred_soft_lineage,raw,40,6,0.45,0.4553571428571428,0.454034854034854,2.4253987933402135,0.7665305231941262
100,46,pred_soft_lineage,clr,40,6,0.4,0.4077380952380953,0.39767033075856606,2.624098797312633,0.7768619758509465
100,46,pred_soft_subtype,raw,40,6,0.5,0.5277777777777778,0.48174603174603176,3.503570176622295,0.790295284780579
100,46,pred_soft_subtype,clr,40,6,0.6,0.6140873015873016,0.6002039627039627,0.9587536091914537,0.9095168133541297
100,47,pred_soft_lineage,raw,40,6,0.475,0.48313492063492053,0.4726939726939727,2.2459595690191696,0.7715385870257193
100,47,pred_soft_lineage,clr,40,6,0.475,0.48313492063492064,0.46823731823731823,2.0177780989901017,0.7524867901706137
100,47,pred_soft_subtype,raw,40,6,0.55,0.5684523809523809,0.5388500388500389,1.8605117756668776,0.8067780616034294
100,47,pred_soft_subtype,clr,40,6,0.675,0.6904761904761904,0.6748047274363064,0.9606022286586657,0.911191583641032
100,48,pred_soft_lineage,raw,40,6,0.525,0.5386904761904762,0.5386603592485946,1.9575251720134623,0.7725180507809183
100,48,pred_soft_lineage,clr,40,6,0.475,0.48710317460317465,0.4848105111263006,1.941099535392965,0.7955657878681776
100,48,pred_soft_subtype,raw,40,6,0.6,0.623015873015873,0.5691881218197007,2.132445173698617,0.8395148305534336
100,48,pred_soft_subtype,clr,40,6,0.65,0.6666666666666666,0.6481435231435232,0.974486923781918,0.9140338190200322
100,49,pred_soft_lineage,raw,40,6,0.45,0.4563492063492063,0.4453422394598865,1.555857647430012,0.8005199712460742
100,49,pred_soft_lineage,clr,40,6,0.475,0.4871031746031746,0.47353341103341107,2.027353818721977,0.7570984596490112
100,49,pred_soft_subtype,raw,40,6,0.575,0.5962301587301587,0.5685356310356311,2.967722433941765,0.8119658374713521
100,49,pred_soft_subtype,clr,40,6,0.75,0.7628968253968255,0.7516519428284134,1.0827174922139922,0.9011079810712164
500,0,pred_soft_lineage,raw,40,6,0.425,0.43154761904761907,0.42023809523809524,2.4824450922314965,0.7580180746541041
500,0,pred_soft_lineage,clr,40,6,0.475,0.49404761904761907,0.4782967032967033,2.4934078161485664,0.7395642679420252
500,0,pred_soft_subtype,raw,40,6,0.575,0.5992063492063492,0.5581232492997199,3.099749693563335,0.8202516565338255
500,0,pred_soft_subtype,clr,40,6,0.65,0.6726190476190476,0.643956043956044,1.154974490607112,0.8911712649074782
500,1,pred_soft_lineage,raw,40,6,0.475,0.4871031746031746,0.46862026862026857,2.0976536072976915,0.7764606079174095
500,1,pred_soft_lineage,clr,40,6,0.525,0.5357142857142857,0.5226088726088727,2.452059951493329,0.8003279910449027
500,1,pred_soft_subtype,raw,40,6,0.55,0.5753968253968254,0.5343137254901961,2.868886018010161,0.8017303749151176
500,1,pred_soft_subtype,clr,40,6,0.675,0.6934523809523809,0.6782869907869907,1.177340014986233,0.9118553908305747
500,2,pred_soft_lineage,raw,40,6,0.475,0.4871031746031746,0.47060439560439565,1.8790353781557427,0.7959865527650455
500,2,pred_soft_lineage,clr,40,6,0.475,0.4871031746031746,0.4766622266622267,2.2302704885663385,0.7943583683473391
500,2,pred_soft_subtype,raw,40,6,0.65,0.6686507936507938,0.6542277167277167,3.5820706599704524,0.8099545215813597
500,2,pred_soft_subtype,clr,40,6,0.775,0.7906746031746033,0.778021978021978,0.8482515590514274,0.9232473766021561
500,3,pred_soft_lineage,raw,40,6,0.475,0.4871031746031746,0.47314491064491065,2.766580190751249,0.7403292045985062
500,3,pred_soft_lineage,clr,40,6,0.5,0.5079365079365079,0.49747899159663866,3.3351257390958438,0.7576785449028095
500,3,pred_soft_subtype,raw,40,6,0.575,0.6031746031746031,0.548611111111111,3.612838822315524,0.7953171088511163
500,3,pred_soft_subtype,clr,40,6,0.775,0.7837301587301587,0.7797619047619048,0.7644452590803636,0.9503243769098549
500,4,pred_soft_lineage,raw,40,6,0.45,0.45932539682539675,0.4432234432234432,2.5859416808357545,0.7628908571004159
500,4,pred_soft_lineage,clr,40,6,0.425,0.4384920634920635,0.4273199023199023,2.6074720757687473,0.7297981455839911
500,4,pred_soft_subtype,raw,40,6,0.6,0.6200396825396826,0.5915398327163034,3.365872964426323,0.7989834664926577
500,4,pred_soft_subtype,clr,40,6,0.65,0.6726190476190476,0.6489607614607614,1.2933654287234138,0.8729677950725745
500,5,pred_soft_lineage,raw,40,6,0.45,0.4593253968253968,0.44481074481074484,2.799593610092617,0.725932181584755
500,5,pred_soft_lineage,clr,40,6,0.45,0.4593253968253968,0.45138888888888884,3.149090254997219,0.7448286369472031
500,5,pred_soft_subtype,raw,40,6,0.6,0.6240079365079365,0.5952380952380952,3.401984309143927,0.8029140870363296
500,5,pred_soft_subtype,clr,40,6,0.725,0.7490079365079364,0.7301587301587302,1.0608620016883048,0.9029307982662763
500,6,pred_soft_lineage,raw,40,6,0.45,0.45535714285714285,0.4575757575757575,2.4644031424062285,0.7697366588680926
500,6,pred_soft_lineage,clr,40,6,0.5,0.5148809523809523,0.4905834361716715,1.478314488532573,0.7998816951022834
500,6,pred_soft_subtype,raw,40,6,0.55,0.5753968253968255,0.5483405483405482,4.1049994375477405,0.7894592259252186
500,6,pred_soft_subtype,clr,40,6,0.7,0.7212301587301587,0.7014652014652015,0.950723860857325,0.911030273851965
500,7,pred_soft_lineage,raw,40,6,0.475,0.48313492063492064,0.4873737373737374,2.684157001692263,0.7339892159515321
500,7,pred_soft_lineage,clr,40,6,0.425,0.4384920634920635,0.42736430236430234,1.9882340871553137,0.7532646581359818
500,7,pred_soft_subtype,raw,40,6,0.625,0.6517857142857143,0.6232600732600733,2.160573129459253,0.8451618336728629
500,7,pred_soft_subtype,clr,40,6,0.725,0.7490079365079364,0.7264957264957265,0.9319571243891345,0.9120306266445972
500,8,pred_soft_lineage,raw,40,6,0.5,0.5069444444444444,0.5106837606837606,2.1366423700084476,0.7811163764748322
500,8,pred_soft_lineage,clr,40,6,0.525,0.5317460317460317,0.51876881288646,1.6272349616553385,0.7938063009294627
500,8,pred_soft_subtype,raw,40,6,0.55,0.5753968253968255,0.5499278499278499,3.163612048258468,0.7881448744270436
500,8,pred_soft_subtype,clr,40,6,0.6,0.6180555555555556,0.6011396011396011,1.3370916029044604,0.8629559778456836
500,9,pred_soft_lineage,raw,40,6,0.425,0.42757936507936506,0.4233044733044733,3.117393632106579,0.7614859864400305
500,9,pred_soft_lineage,clr,40,6,0.45,0.46626984126984133,0.45208957708957714,1.5927400461356633,0.7829158178422885
500,9,pred_soft_subtype,raw,40,6,0.55,0.5793650793650794,0.5409035409035409,2.6932544170016692,0.7887741981262201
500,9,pred_soft_subtype,clr,40,6,0.75,0.7698412698412698,0.7502442002442002,0.995439541205628,0.909431101986249
500,10,pred_soft_lineage,raw,40,6,0.425,0.435515873015873,0.42721426177308536,2.7715048653994727,0.7574863989156269
500,10,pred_soft_lineage,clr,40,6,0.45,0.4702380952380953,0.45077838827838823,2.8741685897808016,0.7436722795178676
500,10,pred_soft_subtype,raw,40,6,0.6,0.6240079365079365,0.6011904761904762,2.859428246332204,0.8269034886681945
500,10,pred_soft_subtype,clr,40,6,0.775,0.7906746031746033,0.7795482295482296,0.8660626182074829,0.9275263135557253
500,11,pred_soft_lineage,raw,40,6,0.525,0.5386904761904762,0.5348752554634908,1.8149246935988654,0.7905476110898905
500,11,pred_soft_lineage,clr,40,6,0.45,0.4702380952380953,0.45391210097092455,2.5293825756741835,0.7544918061921737
500,11,pred_soft_subtype,raw,40,6,0.6,0.6200396825396826,0.5929292929292929,2.5127888865394663,0.8382228601667939
500,11,pred_soft_subtype,clr,40,6,0.7,0.7281746031746031,0.693084693084693,0.9101525880254462,0.9206886353026059
500,12,pred_soft_lineage,raw,40,6,0.5,0.5178571428571429,0.500395437895438,2.117658758094411,0.7790954449961802
500,12,pred_soft_lineage,clr,40,6,0.5,0.5218253968253969,0.49723609723609724,2.44494589405258,0.7713116259761481
500,12,pred_soft_subtype,raw,40,6,0.55,0.5753968253968255,0.5474858474858475,3.6056536108299637,0.8010450155440965
500,12,pred_soft_subtype,clr,40,6,0.7,0.7251984126984127,0.7043650793650794,0.9745014019161182,0.9140618368559545
500,13,pred_soft_lineage,raw,40,6,0.45,0.4553571428571428,0.4571872571872572,2.1394476173335297,0.7596054757130125
500,13,pred_soft_lineage,clr,40,6,0.45,0.46626984126984133,0.447052947052947,1.6029570148836192,0.7824481355042018
500,13,pred_soft_subtype,raw,40,6,0.525,0.5476190476190477,0.5106060606060606,2.4111905732679175,0.8106315916518122
500,13,pred_soft_subtype,clr,40,6,0.75,0.7628968253968255,0.7522893772893773,0.7901790466240951,0.9414508464370597
500,14,pred_soft_lineage,raw,40,6,0.45,0.4593253968253968,0.4493589743589744,2.200744662263461,0.7696509475002123
500,14,pred_soft_lineage,clr,40,6,0.45,0.4593253968253968,0.4532647907647908,2.1381145292157244,0.7707640347805788
500,14,pred_soft_subtype,raw,40,6,0.575,0.6031746031746031,0.5726495726495726,3.067195730386024,0.8164077420741024
500,14,pred_soft_subtype,clr,40,6,0.75,0.7628968253968255,0.7573260073260073,0.9249541309753351,0.9251381660618794
500,15,pred_soft_lineage,raw,40,6,0.425,0.42757936507936506,0.42839317545199895,2.5322500326794084,0.758527037709023
500,15,pred_soft_lineage,clr,40,6,0.45,0.46626984126984133,0.4493284493284493,2.9219650019929255,0.7557514483065954
500,15,pred_soft_subtype,raw,40,6,0.6,0.6240079365079365,0.6026251526251526,2.842143809772711,0.827099116161616
500,15,pred_soft_subtype,clr,40,6,0.7,0.7113095238095237,0.7088952713952713,0.9236015543451321,0.9215102707749767
500,16,pred_soft_lineage,raw,40,6,0.475,0.48313492063492064,0.47912087912087914,2.5922890517658765,0.7736976182518461
500,16,pred_soft_lineage,clr,40,6,0.475,0.49404761904761907,0.47532051282051285,2.216180313497882,0.7553613538218319
500,16,pred_soft_subtype,raw,40,6,0.6,0.623015873015873,0.586038961038961,3.3106345738206437,0.7995628886024106
500,16,pred_soft_subtype,clr,40,6,0.7,0.7152777777777777,0.7002719502719503,1.235567955294408,0.9206682436232069
500,17,pred_soft_lineage,raw,40,6,0.475,0.4871031746031746,0.4765567765567766,2.2438628885754284,0.7543283411849587
500,17,pred_soft_lineage,clr,40,6,0.5,0.5049603174603174,0.48891293891293897,3.2741350340848157,0.7573512833163568
500,17,pred_soft_subtype,raw,40,6,0.575,0.6031746031746031,0.5626373626373626,3.2526097602752273,0.8154257915287326
500,17,pred_soft_subtype,clr,40,6,0.675,0.6934523809523809,0.6749292374292374,1.1459932165599607,0.8931540656035141
500,18,pred_soft_lineage,raw,40,6,0.425,0.431547619047619,0.43785593491475844,2.9334711538243745,0.7651584781639929
500,18,pred_soft_lineage,clr,40,6,0.5,0.5079365079365079,0.502113572701808,3.27107731630648,0.7467436311645871
500,18,pred_soft_subtype,raw,40,6,0.6,0.6309523809523809,0.5753968253968254,3.289643627798372,0.8201981076521517
500,18,pred_soft_subtype,clr,40,6,0.725,0.7321428571428571,0.7259702286018075,1.2565277952507514,0.9105876252015959
500,19,pred_soft_lineage,raw,40,6,0.525,0.5386904761904762,0.5312257187257187,2.190164355593468,0.7218621350055173
500,19,pred_soft_lineage,clr,40,6,0.475,0.4871031746031746,0.47794566544566536,2.0670295798477887,0.7470034178444105
500,19,pred_soft_subtype,raw,40,6,0.6,0.626984126984127,0.5822649572649573,2.8231658147872087,0.8189117739898989
500,19,pred_soft_subtype,clr,40,6,0.675,0.6974206349206349,0.6748806748806749,0.9346446372024572,0.9234837874543756
500,20,pred_soft_lineage,raw,40,6,0.425,0.431547619047619,0.4259615384615385,2.121226715542948,0.7667929624501317
500,20,pred_soft_lineage,clr,40,6,0.525,0.5396825396825397,0.5141673141673143,1.560684052715256,0.8089216747304983
500,20,pred_soft_subtype,raw,40,6,0.6,0.6240079365079364,0.5974450386215092,3.5207268359675594,0.8026234641583906
500,20,pred_soft_subtype,clr,40,6,0.725,0.7390873015873015,0.7249139749139749,0.8654649702744308,0.9252785868135134
500,21,pred_soft_lineage,raw,40,6,0.475,0.4910714285714286,0.465956265956266,3.127307150439023,0.7719757647377133
500,21,pred_soft_lineage,clr,40,6,0.525,0.5426587301587301,0.5232892107892108,2.233132970945225,0.779155127960275
500,21,pred_soft_subtype,raw,40,6,0.575,0.5922619047619048,0.5675865800865801,3.325011690647146,0.7843493694826416
500,21,pred_soft_subtype,clr,40,6,0.75,0.7559523809523809,0.7589285714285715,0.9316317163245842,0.9390626989432137
500,22,pred_soft_lineage,raw,40,6,0.475,0.48313492063492064,0.4794094794094794,2.1987364846384345,0.7713146101243528
500,22,pred_soft_lineage,clr,40,6,0.45,0.4593253968253968,0.44813976872800404,2.1000479958414395,0.7720528552330022
500,22,pred_soft_subtype,raw,40,6,0.55,0.5793650793650794,0.5372405372405372,3.1977950123739367,0.7978799948009506
500,22,pred_soft_subtype,clr,40,6,0.675,0.6934523809523809,0.6853535353535354,0.8038926106013132,0.9454321975002121
500,23,pred_soft_lineage,raw,40,6,0.45,0.4593253968253968,0.4493589743589744,2.2636062450222054,0.7482274159663863
500,23,pred_soft_lineage,clr,40,6,0.5,0.5148809523809523,0.5022269397269398,1.7664880202090825,0.7749844492721331
500,23,pred_soft_subtype,raw,40,6,0.55,0.5793650793650794,0.5302960927960928,2.3369221093989845,0.8042620930948137
500,23,pred_soft_subtype,clr,40,6,0.775,0.7837301587301587,0.7797349709114415,0.978902872846658,0.933825850415924
500,24,pred_soft_lineage,raw,40,6,0.45,0.4593253968253968,0.4572209653092006,2.640410368767937,0.7645901637170018
500,24,pred_soft_lineage,clr,40,6,0.45,0.4662698412698412,0.45066045066045063,1.971315101531696,0.7662135403403786
500,24,pred_soft_subtype,raw,40,6,0.525,0.5515873015873016,0.517094017094017,2.9614955333321884,0.8067014684661743
500,24,pred_soft_subtype,clr,40,6,0.675,0.6865079365079364,0.6847303023773611,1.4016122254817878,0.8999340503246752
500,25,pred_soft_lineage,raw,40,6,0.475,0.4761904761904761,0.46994671994672,2.140585867621,0.77471023920932
500,25,pred_soft_lineage,clr,40,6,0.45,0.4593253968253968,0.44813976872800404,1.9419391434667097,0.7471892639631611
500,25,pred_soft_subtype,raw,40,6,0.6,0.6240079365079365,0.600904650904651,2.8244897491764327,0.8066028257894066
500,25,pred_soft_subtype,clr,40,6,0.725,0.7490079365079364,0.7236874236874237,1.125857952102944,0.9084813139270859
500,26,pred_soft_lineage,raw,40,6,0.475,0.4871031746031746,0.48012820512820514,2.388311558545998,0.7810167390819965
500,26,pred_soft_lineage,clr,40,6,0.55,0.5634920634920634,0.5480894922071392,2.5382961028656603,0.764763410098888
500,26,pred_soft_subtype,raw,40,6,0.625,0.6517857142857143,0.63003663003663,3.0056093242381907,0.8236350174539514
500,26,pred_soft_subtype,clr,40,6,0.725,0.7420634920634921,0.7280219780219781,1.151313663389375,0.9015633952444615
500,27,pred_soft_lineage,raw,40,6,0.5,0.5178571428571429,0.500395437895438,2.044649617885701,0.7810363018313385
500,27,pred_soft_lineage,clr,40,6,0.475,0.49404761904761907,0.47841741591741593,1.791595308565256,0.7745197510822511
500,27,pred_soft_subtype,raw,40,6,0.6,0.6309523809523809,0.575,3.303894455209685,0.8289091678338002
500,27,pred_soft_subtype,clr,40,6,0.775,0.7906746031746033,0.7803724053724054,0.7518445185996401,0.9489238166857653
500,28,pred_soft_lineage,raw,40,6,0.4,0.4037698412698412,0.39444444444444443,2.506212014173011,0.7551605869620577
500,28,pred_soft_lineage,clr,40,6,0.45,0.46626984126984133,0.4493284493284493,2.5290631370224466,0.7525411679823444
500,28,pred_soft_subtype,raw,40,6,0.6,0.6240079365079365,0.5968253968253968,3.6867321937804975,0.7946247864676174
500,28,pred_soft_subtype,clr,40,6,0.675,0.7003968253968255,0.6723887223887224,1.1956684062802403,0.8661505084988542
500,29,pred_soft_lineage,raw,40,6,0.45,0.4593253968253968,0.4493589743589744,2.3153065024116883,0.7440975206370427
500,29,pred_soft_lineage,clr,40,6,0.475,0.4871031746031746,0.4769688644688644,3.3105528727133793,0.7428700410088277
500,29,pred_soft_subtype,raw,40,6,0.525,0.5476190476190477,0.5236763236763237,3.1273828505708954,0.8040583420868348
500,29,pred_soft_subtype,clr,40,6,0.8,0.8115079365079366,0.8035714285714285,0.7776820790492897,0.9452760270774977
500,30,pred_soft_lineage,raw,40,6,0.45,0.4662698412698412,0.45582889332889337,2.9119052185339633,0.7452948272111876
500,30,pred_soft_lineage,clr,40,6,0.475,0.49007936507936506,0.48063048063048064,3.4561088825895654,0.7425489135047959
500,30,pred_soft_subtype,raw,40,6,0.625,0.6478174603174603,0.6221500721500721,3.107957663310079,0.8178991530324251
500,30,pred_soft_subtype,clr,40,6,0.775,0.7906746031746033,0.7803724053724054,0.6944877262570819,0.957134534685086
500,31,pred_soft_lineage,raw,40,6,0.4,0.4037698412698412,0.40297619047619043,3.0403469740415745,0.7339693216301671
500,31,pred_soft_lineage,clr,40,6,0.475,0.4871031746031746,0.4710470085470086,2.9262149952346332,0.789589202158136
500,31,pred_soft_subtype,raw,40,6,0.6,0.6309523809523809,0.5803418803418803,3.377894706651893,0.8121236657541805
500,31,pred_soft_subtype,clr,40,6,0.75,0.7589285714285715,0.7479889391654098,0.7890604647998423,0.9471820688502675
500,32,pred_soft_lineage,raw,40,6,0.425,0.431547619047619,0.43063048063048065,2.6186185575487486,0.7663808184258553
500,32,pred_soft_lineage,clr,40,6,0.425,0.44543650793650796,0.42507492507492506,2.415785513986134,0.7440847551141668
500,32,pred_soft_subtype,raw,40,6,0.6,0.6240079365079365,0.6021978021978023,2.9937274365446513,0.8153997631249469
500,32,pred_soft_subtype,clr,40,6,0.7,0.7142857142857143,0.6957356369121075,1.0529249749876306,0.9094060682985315
500,33,pred_soft_lineage,raw,40,6,0.475,0.4871031746031746,0.46982600732600727,1.5118025261627668,0.806171947945845
500,33,pred_soft_lineage,clr,40,6,0.425,0.435515873015873,0.4207116412998766,2.269785492525585,0.7628525605317885
500,33,pred_soft_subtype,raw,40,6,0.6,0.6240079365079365,0.5950854700854701,2.988781641957715,0.8162761079810711
500,33,pred_soft_subtype,clr,40,6,0.65,0.6696428571428571,0.661525974025974,1.1075052869152227,0.8879376087556236
500,34,pred_soft_lineage,raw,40,6,0.425,0.431547619047619,0.4225885225885226,2.150520721369852,0.7678627795815296
500,34,pred_soft_lineage,clr,40,6,0.475,0.4871031746031746,0.4721070051952405,1.7578002443246938,0.7903060608713183
500,34,pred_soft_subtype,raw,40,6,0.55,0.5753968253968255,0.5358974358974359,3.397300034295165,0.7852600320431202
500,34,pred_soft_subtype,clr,40,6,0.7,0.7182539682539683,0.6967068878833585,0.7252744255562652,0.9533401902427637
500,35,pred_soft_lineage,raw,40,6,0.425,0.42757936507936506,0.43063048063048065,2.3078500647497058,0.7579307054261099
500,35,pred_soft_lineage,clr,40,6,0.5,0.5079365079365079,0.49526453938218645,1.7044204235585965,0.8156756310478738
500,35,pred_soft_subtype,raw,40,6,0.6,0.6240079365079365,0.592406204906205,2.9505459436352774,0.8147823760185892
500,35,pred_soft_subtype,clr,40,6,0.725,0.7450396825396824,0.7223748473748474,1.0195882440541477,0.9247485689351499
500,36,pred_soft_lineage,raw,40,6,0.45,0.45535714285714285,0.4643065268065268,2.71232539356105,0.7477156345492743
500,36,pred_soft_lineage,clr,40,6,0.425,0.4454365079365079,0.42678571428571427,2.144179644171235,0.7435321903382565
500,36,pred_soft_subtype,raw,40,6,0.55,0.5793650793650794,0.5202614379084968,3.4928294634688024,0.8062770562770561
500,36,pred_soft_subtype,clr,40,6,0.725,0.746031746031746,0.7290903540903542,0.9675061493155492,0.9230941903276463
500,37,pred_soft_lineage,raw,40,6,0.425,0.431547619047619,0.4259175465057818,2.6392163638421247,0.7563252336919616
500,37,pred_soft_lineage,clr,40,6,0.45,0.46329365079365076,0.44778554778554785,3.417516958861879,0.7731135541337747
500,37,pred_soft_subtype,raw,40,6,0.575,0.5932539682539683,0.598596256684492,2.5493300616370442,0.8364613837959426
500,37,pred_soft_subtype,clr,40,6,0.725,0.7490079365079366,0.7291666666666666,0.8632549123773146,0.9251830940709618
500,38,pred_soft_lineage,raw,40,6,0.425,0.43154761904761907,0.42910561660561664,3.8250914364371837,0.7558875586219336
500,38,pred_soft_lineage,clr,40,6,0.475,0.49404761904761907,0.48592657342657347,2.651435469708171,0.7444141719187675
500,38,pred_soft_subtype,raw,40,6,0.575,0.6031746031746031,0.560515873015873,2.9560684523229894,0.8322741265066632
500,38,pred_soft_subtype,clr,40,6,0.65,0.6626984126984127,0.6606432782903372,1.2689369256746388,0.9142329280196928
500,39,pred_soft_lineage,raw,40,6,0.475,0.4871031746031746,0.47060439560439565,2.0393018870429236,0.7614254745458789
500,39,pred_soft_lineage,clr,40,6,0.5,0.5079365079365079,0.49312778724543443,1.8943646424283347,0.7829449961802902
500,39,pred_soft_subtype,raw,40,6,0.625,0.6517857142857143,0.6086913086913087,3.3633453450988307,0.8085901027077497
500,39,pred_soft_subtype,clr,40,6,0.725,0.7420634920634921,0.7232905982905983,0.824976663980358,0.9375946638124947
500,40,pred_soft_lineage,raw,40,6,0.425,0.43154761904761907,0.42023809523809524,2.3047002240099963,0.7805976320452425
500,40,pred_soft_lineage,clr,40,6,0.5,0.5079365079365079,0.4933886375062846,2.7707450709699093,0.7735689683070198
500,40,pred_soft_subtype,raw,40,6,0.55,0.5753968253968255,0.5412087912087912,3.167750815873135,0.8107690282552417
500,40,pred_soft_subtype,clr,40,6,0.775,0.7807539682539683,0.7777597402597403,0.8827538583874972,0.9277847739474577
500,41,pred_soft_lineage,raw,40,6,0.5,0.5148809523809523,0.4932692307692308,2.160238743322781,0.7794268512329174
500,41,pred_soft_lineage,clr,40,6,0.475,0.48412698412698413,0.46817996817996815,2.318829985052093,0.8194001795794076
500,41,pred_soft_subtype,raw,40,6,0.55,0.5753968253968255,0.5409382284382285,3.753895221917174,0.8050954993739919
500,41,pred_soft_subtype,clr,40,6,0.65,0.6696428571428571,0.6530344655344655,0.9540253149329629,0.9168243291634836
500,42,pred_soft_lineage,raw,40,6,0.5,0.5109126984126984,0.5119463869463869,2.142140653713004,0.7782227474323062
500,42,pred_soft_lineage,clr,40,6,0.5,0.5148809523809523,0.5029761904761904,2.618549072848636,0.7737218230095069
500,42,pred_soft_subtype,raw,40,6,0.625,0.6478174603174603,0.6222527472527473,2.808449624995248,0.8330069006769375
500,42,pred_soft_subtype,clr,40,6,0.7,0.7182539682539683,0.6988436400201107,1.0131753587797523,0.9168901462099991
500,43,pred_soft_lineage,raw,40,6,0.5,0.5109126984126985,0.508537296037296,2.294347359374668,0.7638640209871826
500,43,pred_soft_lineage,clr,40,6,0.5,0.5148809523809523,0.5007783882783883,2.522394228683468,0.783476008774722
500,43,pred_soft_subtype,raw,40,6,0.575,0.5962301587301587,0.5752636252636253,3.535252389894359,0.7720762310606061
500,43,pred_soft_subtype,clr,40,6,0.675,0.6904761904761904,0.6818532344848135,1.1167552853780116,0.915373701563959
500,44,pred_soft_lineage,raw,40,6,0.5,0.5109126984126984,0.5070346320346321,2.0799996850305673,0.8055688184364657
500,44,pred_soft_lineage,clr,40,6,0.475,0.4871031746031746,0.4766622266622267,1.9420616039615202,0.8157940022599949
500,44,pred_soft_subtype,raw,40,6,0.6,0.626984126984127,0.5828754578754579,3.360258343994798,0.8251856140183346
500,44,pred_soft_subtype,clr,40,6,0.675,0.6934523809523809,0.6717338217338219,1.005156921714566,0.9149666969060352
500,45,pred_soft_lineage,raw,40,6,0.425,0.431547619047619,0.42940882646765005,3.278139794591298,0.7447102657350819
500,45,pred_soft_lineage,clr,40,6,0.4,0.4146825396825397,0.3962606837606837,2.3949820024953965,0.7966306314192343
500,45,pred_soft_subtype,raw,40,6,0.6,0.6200396825396826,0.5913530913530913,2.4141847754742525,0.8594351803221288
500,45,pred_soft_subtype,clr,40,6,0.75,0.7599206349206349,0.7522069433834139,0.745272475435146,0.9449925329980476
500,46,pred_soft_lineage,raw,40,6,0.45,0.45932539682539675,0.4432234432234432,2.3158662680054065,0.7500575277459468
500,46,pred_soft_lineage,clr,40,6,0.45,0.45932539682539675,0.4454059829059829,1.8363815847489995,0.7961072449813259
500,46,pred_soft_subtype,raw,40,6,0.525,0.5476190476190476,0.5151903651903652,3.1827729296717937,0.7933261846405228
500,46,pred_soft_subtype,clr,40,6,0.675,0.6974206349206349,0.6833152958152958,1.21643850413632,0.8996225384093032
500,47,pred_soft_lineage,raw,40,6,0.5,0.5109126984126984,0.5136575842458196,2.8814967805948584,0.7197256506769373
500,47,pred_soft_lineage,clr,40,6,0.475,0.4801587301587302,0.47167647167647164,2.3929400304005015,0.7809943579704609
500,47,pred_soft_subtype,raw,40,6,0.575,0.5992063492063492,0.5720085470085471,3.2641674953340094,0.8077583542886853
500,47,pred_soft_subtype,clr,40,6,0.675,0.6974206349206349,0.6713156124920832,0.8232649990477882,0.9306125859434683
500,48,pred_soft_lineage,raw,40,6,0.475,0.48313492063492064,0.4768453768453768,2.4446343983713086,0.7629833656947628
500,48,pred_soft_lineage,clr,40,6,0.475,0.4871031746031746,0.47051282051282045,2.96016811083162,0.783191188407181
500,48,pred_soft_subtype,raw,40,6,0.575,0.6031746031746031,0.5626373626373626,2.920802020120913,0.8353496228036669
500,48,pred_soft_subtype,clr,40,6,0.725,0.7490079365079364,0.7297979797979798,0.8452593717891265,0.9301386037369492
500,49,pred_soft_lineage,raw,40,6,0.425,0.431547619047619,0.4259615384615385,1.8680502991539676,0.7617272050865801
500,49,pred_soft_lineage,clr,40,6,0.45,0.46329365079365076,0.4460030165912519,1.9404988934879257,0.7652929306192173
500,49,pred_soft_subtype,raw,40,6,0.65,0.6686507936507936,0.6456196581196582,2.9873412941496147,0.8347736822001527
500,49,pred_soft_subtype,clr,40,6,0.725,0.7390873015873015,0.7247344159108865,0.791686227486001,0.9380721275252525
2000,0,pred_soft_lineage,raw,39,6,0.38461538461538464,0.3859126984126984,0.36941391941391943,2.0651307407312443,0.7491005542001746
2000,0,pred_soft_lineage,clr,39,6,0.46153846153846156,0.4579365079365079,0.44314574314574323,2.2122813746105416,0.7566183372990775
2000,0,pred_soft_subtype,raw,39,6,0.5641025641025641,0.5795634920634921,0.5563534504710975,2.8784114293723277,0.8313527345607516
2000,0,pred_soft_subtype,clr,39,6,0.717948717948718,0.729563492063492,0.7249694749694751,0.915794335852261,0.9285598228375743
2000,1,pred_soft_lineage,raw,39,6,0.46153846153846156,0.4609126984126984,0.4684371184371184,2.02100201204738,0.7789912030305768
2000,1,pred_soft_lineage,clr,39,6,0.48717948717948717,0.49821428571428567,0.4787989787989788,2.3304558691675914,0.7782587212141291
2000,1,pred_soft_subtype,raw,39,6,0.5641025641025641,0.5755952380952382,0.5578643578643578,3.031314266667375,0.8301625293323586
2000,1,pred_soft_subtype,clr,39,6,0.7435897435897436,0.7698412698412698,0.7512210012210012,0.8126111593129917,0.9374101917567289
2000,2,pred_soft_lineage,raw,39,6,0.46153846153846156,0.4553571428571428,0.44322344322344326,1.967693616827181,0.766063995653654
2000,2,pred_soft_lineage,clr,39,6,0.46153846153846156,0.45238095238095233,0.4358974358974359,1.8506890154425748,0.8171813206383889
2000,2,pred_soft_subtype,raw,39,6,0.5897435897435898,0.6128968253968254,0.5834776334776335,3.0802839697977125,0.8184590580285551
2000,2,pred_soft_subtype,clr,39,6,0.7692307692307693,0.7837301587301587,0.7716117216117216,0.701578137426793,0.9563521840798881
2000,3,pred_soft_lineage,raw,39,6,0.4358974358974359,0.4371031746031746,0.43253968253968256,1.7826384079590247,0.7603696846936884
2000,3,pred_soft_lineage,clr,39,6,0.46153846153846156,0.4579365079365079,0.44696969696969696,2.6583774068585564,0.7668845458515762
2000,3,pred_soft_subtype,raw,39,6,0.5897435897435898,0.6128968253968254,0.5813852813852814,3.191804792710201,0.8322664900107974
2000,3,pred_soft_subtype,clr,39,6,0.6923076923076923,0.7126984126984127,0.6999666999667,1.0605151122338934,0.9016405556194456
2000,4,pred_soft_lineage,raw,39,6,0.46153846153846156,0.46488095238095234,0.45818070818070816,1.887419479171752,0.770360555838497
2000,4,pred_soft_lineage,clr,39,6,0.5128205128205128,0.519047619047619,0.5093240093240093,2.6601453603215193,0.7717204403755638
2000,4,pred_soft_subtype,raw,39,6,0.5897435897435898,0.6003968253968254,0.5871794871794872,1.6130466298839339,0.8482405005827681
2000,4,pred_soft_subtype,clr,39,6,0.7692307692307693,0.7906746031746033,0.7744200244200244,0.881997083135463,0.9180420587915844
2000,5,pred_soft_lineage,raw,39,6,0.46153846153846156,0.4609126984126984,0.4615384615384615,1.8878967936653253,0.7351886706132437
2000,5,pred_soft_lineage,clr,39,6,0.41025641025641024,0.4037698412698412,0.38382173382173385,2.3203423023923553,0.7747940117721902
2000,5,pred_soft_subtype,raw,39,6,0.5897435897435898,0.6033730158730158,0.5710550887021475,3.058980680556806,0.8534971108026137
2000,5,pred_soft_subtype,clr,39,6,0.7692307692307693,0.7837301587301587,0.7704517704517704,0.6414448251926692,0.9629469619388974
2000,6,pred_soft_lineage,raw,39,6,0.46153846153846156,0.4553571428571428,0.45775335775335774,2.1325844246730443,0.7583608916033016
2000,6,pred_soft_lineage,clr,39,6,0.46153846153846156,0.4704365079365079,0.4570818070818072,3.0671854086787236,0.7539716937605933
2000,6,pred_soft_subtype,raw,39,6,0.5897435897435898,0.6003968253968254,0.5858974358974359,1.9175704550724908,0.8742968505421068
2000,6,pred_soft_subtype,clr,39,6,0.6923076923076923,0.7087301587301588,0.6978021978021979,1.046064188062137,0.9168970500386534
2000,7,pred_soft_lineage,raw,39,6,0.46153846153846156,0.4704365079365079,0.46306471306471303,1.8501968276486223,0.7671762465168538
2000,7,pred_soft_lineage,clr,39,6,0.48717948717948717,0.49821428571428567,0.4856365856365857,2.9864282796104518,0.7818877734378208
2000,7,pred_soft_subtype,raw,39,6,0.5128205128205128,0.5349206349206349,0.5002886002886003,2.261159794786111,0.8239902155877014
2000,7,pred_soft_subtype,clr,39,6,0.7692307692307693,0.7906746031746033,0.7728937728937729,0.806484544150216,0.9328535707212179
2000,8,pred_soft_lineage,raw,39,6,0.46153846153846156,0.4704365079365079,0.4694749694749694,2.0188197349457275,0.7777812546491388
2000,8,pred_soft_lineage,clr,39,6,0.48717948717948717,0.49821428571428567,0.47965367965367967,1.8262209573122488,0.7371110096857251
2000,8,pred_soft_subtype,raw,39,6,0.5897435897435898,0.6128968253968254,0.593029193029193,3.501727872964215,0.796973116796409
2000,8,pred_soft_subtype,clr,39,6,0.7692307692307693,0.7906746031746033,0.7756410256410257,0.7311789540348873,0.9483224052899101
2000,9,pred_soft_lineage,raw,39,6,0.41025641025641024,0.4037698412698412,0.3957264957264957,2.4121325950348105,0.7478397248439942
2000,9,pred_soft_lineage,clr,39,6,0.46153846153846156,0.46488095238095234,0.4456908831908832,1.7416840491197172,0.7930767134158975
2000,9,pred_soft_subtype,raw,39,6,0.5897435897435898,0.6073412698412698,0.5747276688453159,3.102478750553291,0.8428822339460386
2000,9,pred_soft_subtype,clr,39,6,0.6923076923076923,0.7087301587301588,0.7023809523809524,1.3665188807600603,0.877448667231637
2000,10,pred_soft_lineage,raw,39,6,0.41025641025641024,0.4037698412698412,0.4114774114774115,2.1082059405422156,0.7753915601757159
2000,10,pred_soft_lineage,clr,39,6,0.46153846153846156,0.45238095238095233,0.43160597572362275,1.628564486453957,0.8116101576668465
2000,10,pred_soft_subtype,raw,39,6,0.5641025641025641,0.5795634920634921,0.5533189033189033,2.8218283868891563,0.8456415435186783
2000,10,pred_soft_subtype,clr,39,6,0.6923076923076923,0.7057539682539682,0.7027750027750028,0.9173802901669122,0.9336546259103186
2000,11,pred_soft_lineage,raw,39,6,0.46153846153846156,0.4664682539682539,0.46898656898656893,2.353948957746616,0.7583255923744537
2000,11,pred_soft_lineage,clr,39,6,0.46153846153846156,0.46488095238095234,0.4493538868538869,1.9517521944163012,0.816782612768144
2000,11,pred_soft_subtype,raw,39,6,0.5641025641025641,0.5795634920634921,0.5507936507936507,2.9362153300148983,0.8404484810379023
2000,11,pred_soft_subtype,clr,39,6,0.6923076923076923,0.7126984126984127,0.7009587634587634,1.0004191068219503,0.9124435001273238
2000,12,pred_soft_lineage,raw,39,6,0.4358974358974359,0.42757936507936506,0.44065934065934065,2.0140183401736773,0.750520007612038
2000,12,pred_soft_lineage,clr,39,6,0.41025641025641024,0.41071428571428575,0.38682844932844934,2.357822911936667,0.7700612054857784
2000,12,pred_soft_subtype,raw,39,6,0.6410256410256411,0.651984126984127,0.629544747191806,2.200934339775443,0.8509131536289981
2000,12,pred_soft_subtype,clr,39,6,0.717948717948718,0.7351190476190476,0.7216117216117217,0.9682114628681747,0.9144031406958352
2000,13,pred_soft_lineage,raw,39,6,0.46153846153846156,0.45138888888888884,0.45433455433455433,1.7378206178537023,0.7772540850814096
2000,13,pred_soft_lineage,clr,39,6,0.4358974358974359,0.431547619047619,0.4085470085470085,1.6738187560316549,0.8130646593111015
2000,13,pred_soft_subtype,raw,39,6,0.6153846153846154,0.6242063492063492,0.6033549783549784,2.060321908786171,0.8824328150941055
2000,13,pred_soft_subtype,clr,39,6,0.7435897435897436,0.7573412698412699,0.7478632478632479,0.8158191374480305,0.9382287710620254
2000,14,pred_soft_lineage,raw,39,6,0.41025641025641024,0.4037698412698412,0.3974358974358974,2.2150574740863127,0.746526716747305
2000,14,pred_soft_lineage,clr,39,6,0.4358974358974359,0.4440476190476191,0.42161172161172167,1.888838215380743,0.776616471368606
2000,14,pred_soft_subtype,raw,39,6,0.5897435897435898,0.6073412698412698,0.5738448914919503,3.0743270580530324,0.8364212828337592
2000,14,pred_soft_subtype,clr,39,6,0.7435897435897436,0.7668650793650794,0.7472527472527473,1.036496855924002,0.9085637024441579
2000,15,pred_soft_lineage,raw,39,6,0.48717948717948717,0.4791666666666667,0.47580891330891334,2.259200899433432,0.7363461065429756
2000,15,pred_soft_lineage,clr,39,6,0.48717948717948717,0.49821428571428567,0.48325702075702076,1.4291592453012036,0.7949683282403871
2000,15,pred_soft_subtype,raw,39,6,0.6153846153846154,0.6367063492063493,0.6111111111111112,3.0654954283880014,0.8283928902287537
2000,15,pred_soft_subtype,clr,39,6,0.717948717948718,0.729563492063492,0.7216117216117217,0.8894214231759898,0.9258050140877465
2000,16,pred_soft_lineage,raw,39,6,0.4358974358974359,0.42757936507936506,0.43162393162393164,1.916715741551776,0.7421375502791537
2000,16,pred_soft_lineage,clr,39,6,0.46153846153846156,0.46488095238095234,0.4467643467643468,1.580614927699209,0.7859482857170238
2000,16,pred_soft_subtype,raw,39,6,0.5128205128205128,0.518452380952381,0.4990680615680616,3.1720035191524314,0.8171443756714156
2000,16,pred_soft_subtype,clr,39,6,0.7435897435897436,0.7599206349206349,0.745998445998446,0.7382546834791318,0.9477426976003827
2000,17,pred_soft_lineage,raw,39,6,0.48717948717948717,0.4942460317460317,0.49023199023199027,2.043082262180198,0.7593704079057494
2000,17,pred_soft_lineage,clr,39,6,0.46153846153846156,0.4704365079365079,0.4562881562881563,3.016817202449517,0.713643149097371
2000,17,pred_soft_subtype,raw,39,6,0.6153846153846154,0.6367063492063493,0.6053030303030303,3.023581678024664,0.8415612795297331
2000,17,pred_soft_subtype,clr,39,6,0.7948717948717948,0.8115079365079366,0.7972527472527472,0.7321144277965878,0.9456638793510236
2000,18,pred_soft_lineage,raw,39,6,0.41025641025641024,0.4037698412698412,0.4047619047619048,1.8059850300098497,0.7549702004457698
2000,18,pred_soft_lineage,clr,39,6,0.4358974358974359,0.4440476190476191,0.42468642468642465,2.3636744065545137,0.7402563888866069
2000,18,pred_soft_subtype,raw,39,6,0.6153846153846154,0.6367063492063493,0.6101398601398601,2.1656513562971655,0.8415547735875061
2000,18,pred_soft_subtype,clr,39,6,0.7948717948717948,0.8045634920634921,0.7948232323232323,0.8359772377858061,0.9274729653999104
2000,19,pred_soft_lineage,raw,39,6,0.4358974358974359,0.4371031746031746,0.43894993894993894,1.8148839750965005,0.7670466439263878
2000,19,pred_soft_lineage,clr,39,6,0.46153846153846156,0.4704365079365079,0.4570818070818072,2.7748454363609367,0.73781159213441
2000,19,pred_soft_subtype,raw,39,6,0.6666666666666666,0.6978174603174603,0.6556998556998557,2.8832313727416623,0.8486959735833076
2000,19,pred_soft_subtype,clr,39,6,0.717948717948718,0.7390873015873015,0.7247682872682873,0.9638943550457899,0.9186375935189978
2000,20,pred_soft_lineage,raw,39,6,0.4358974358974359,0.431547619047619,0.4212454212454213,1.7837596669109432,0.7651948548236499
2000,20,pred_soft_lineage,clr,39,6,0.4358974358974359,0.431547619047619,0.398550061050061,2.923543191229168,0.776202757903422
2000,20,pred_soft_subtype,raw,39,6,0.5641025641025641,0.5835317460317461,0.5574074074074074,2.934139196524591,0.8487137429914945
2000,20,pred_soft_subtype,clr,39,6,0.6923076923076923,0.7182539682539683,0.6923076923076924,0.8429532731679047,0.9347036627456458
2000,21,pred_soft_lineage,raw,39,6,0.48717948717948717,0.4886904761904762,0.48717948717948717,2.035262270185327,0.7369540484815627
2000,21,pred_soft_lineage,clr,39,6,0.48717948717948717,0.5011904761904762,0.4723204899675488,1.4583828758228292,0.798645343605021
2000,21,pred_soft_subtype,raw,39,6,0.6153846153846154,0.6311507936507936,0.5992417168887757,2.7211458446169203,0.8645463056516188
2000,21,pred_soft_subtype,clr,39,6,0.7692307692307693,0.7837301587301587,0.768892218892219,0.877490721492484,0.923018551262147
2000,22,pred_soft_lineage,raw,39,6,0.48717948717948717,0.4942460317460317,0.4966699966699967,1.870672744651472,0.7625380259630735
2000,22,pred_soft_lineage,clr,39,6,0.48717948717948717,0.49821428571428567,0.48136308136308137,1.7606323776524289,0.7914403819527159
2000,22,pred_soft_subtype,raw,39,6,0.5897435897435898,0.6033730158730158,0.5690797492268082,3.062763626277047,0.8394472048350131
2000,22,pred_soft_subtype,clr,39,6,0.717948717948718,0.7390873015873015,0.7249972249972251,0.9027379322384723,0.9252100669202187
2000,23,pred_soft_lineage,raw,39,6,0.41025641025641024,0.4037698412698412,0.4047619047619048,2.192176423038881,0.7602776231867788
2000,23,pred_soft_lineage,clr,39,6,0.46153846153846156,0.4704365079365079,0.4570818070818072,3.0548572100793088,0.7270713368436329
2000,23,pred_soft_subtype,raw,39,6,0.6153846153846154,0.6311507936507936,0.5988215488215488,3.229252413218322,0.8314487407051449
2000,23,pred_soft_subtype,clr,39,6,0.717948717948718,0.7365079365079366,0.7200854700854702,0.8475978560375884,0.9350763611081447
2000,24,pred_soft_lineage,raw,39,6,0.41025641025641024,0.4037698412698412,0.4047619047619048,1.899178124007945,0.7706994153151648
2000,24,pred_soft_lineage,clr,39,6,0.48717948717948717,0.49821428571428567,0.48136308136308137,1.6744667545545167,0.7879254532539637
2000,24,pred_soft_subtype,raw,39,6,0.5641025641025641,0.5755952380952382,0.5528732705203293,3.3535335513719713,0.8123685548673688
2000,24,pred_soft_subtype,clr,39,6,0.6666666666666666,0.6849206349206348,0.6761571761571762,0.8354901644834538,0.9345940799747726
2000,25,pred_soft_lineage,raw,39,6,0.46153846153846156,0.4609126984126984,0.45818070818070816,1.9249830854899928,0.7661298080652919
2000,25,pred_soft_lineage,clr,39,6,0.4358974358974359,0.431547619047619,0.4085470085470085,2.419152477593058,0.8023201427850384
2000,25,pred_soft_subtype,raw,39,6,0.5641025641025641,0.5795634920634921,0.5533189033189033,2.943012146869483,0.8387356099168244
2000,25,pred_soft_subtype,clr,39,6,0.7692307692307693,0.7906746031746033,0.7744200244200244,0.7222095689002158,0.9461264201835835
2000,26,pred_soft_lineage,raw,39,6,0.46153846153846156,0.4609126984126984,0.46736596736596736,1.9406591666564554,0.7405602029831159
2000,26,pred_soft_lineage,clr,39,6,0.48717948717948717,0.49821428571428567,0.4790875790875791,2.343279896250366,0.7634938290239525
2000,26,pred_soft_subtype,raw,39,6,0.5897435897435898,0.6033730158730158,0.5748103748103749,3.1181766167659406,0.8346161077660129
2000,26,pred_soft_subtype,clr,39,6,0.7435897435897436,0.7628968253968255,0.7457264957264957,0.999211746429128,0.9146084187177642
2000,27,pred_soft_lineage,raw,39,6,0.4358974358974359,0.4371031746031746,0.44566544566544564,2.0183019567599834,0.7707581228157604
2000,27,pred_soft_lineage,clr,39,6,0.46153846153846156,0.45238095238095233,0.4240510306686778,2.029982087868349,0.8194377416981781
2000,27,pred_soft_subtype,raw,39,6,0.5384615384615384,0.5557539682539682,0.5328671328671329,3.806461314484263,0.8282147654597845
2000,27,pred_soft_subtype,clr,39,6,0.7948717948717948,0.8115079365079366,0.796092796092796,0.7309702998705224,0.952042643385148
2000,28,pred_soft_lineage,raw,39,6,0.41025641025641024,0.4037698412698412,0.4047619047619048,1.8153762881386843,0.7710791786574519
2000,28,pred_soft_lineage,clr,39,6,0.4358974358974359,0.4371031746031746,0.42389277389277386,3.086314565031642,0.7518643731523239
2000,28,pred_soft_subtype,raw,39,6,0.6153846153846154,0.6406746031746032,0.6093073593073594,2.8579131131401887,0.8508826432984403
2000,28,pred_soft_subtype,clr,39,6,0.717948717948718,0.7390873015873015,0.7247682872682871,0.7571525819186291,0.9479124054313809
2000,29,pred_soft_lineage,raw,39,6,0.46153846153846156,0.45138888888888884,0.45433455433455433,1.7263043151463358,0.7710501201132131
2000,29,pred_soft_lineage,clr,39,6,0.46153846153846156,0.4579365079365079,0.4437382878559349,1.9998382616125547,0.7637369219437531
2000,29,pred_soft_subtype,raw,39,6,0.5641025641025641,0.5795634920634921,0.5594516594516594,3.835746931353102,0.8217514954825201
2000,29,pred_soft_subtype,clr,39,6,0.7692307692307693,0.7876984126984127,0.771062271062271,0.9075716627625207,0.9207505615475254
2000,30,pred_soft_lineage,raw,39,6,0.4358974358974359,0.42757936507936506,0.4352869352869353,1.795833644440858,0.762593370681606
2000,30,pred_soft_lineage,clr,39,6,0.48717948717948717,0.49821428571428567,0.4784770784770785,1.547481997687782,0.7827312156534169
2000,30,pred_soft_subtype,raw,39,6,0.6410256410256411,0.651984126984127,0.6296296296296297,1.6489084665990994,0.851880799159025
2000,30,pred_soft_subtype,clr,39,6,0.7435897435897436,0.7573412698412699,0.7493894993894994,0.9058649755863806,0.922326177538464
2000,31,pred_soft_lineage,raw,39,6,0.48717948717948717,0.49821428571428567,0.49023199023199027,2.2094764062722523,0.7637717020662941
2000,31,pred_soft_lineage,clr,39,6,0.48717948717948717,0.49821428571428567,0.48624708624708624,2.3650217439269112,0.7698138570351568
2000,31,pred_soft_subtype,raw,39,6,0.5641025641025641,0.5795634920634921,0.5537818662818662,2.789942763347297,0.842571600161733
2000,31,pred_soft_subtype,clr,39,6,0.6666666666666666,0.6849206349206348,0.6761571761571762,1.049537909754513,0.9178678472855418
2000,32,pred_soft_lineage,raw,39,6,0.4358974358974359,0.4371031746031746,0.44566544566544564,1.9438531242652908,0.7735699733624305
2000,32,pred_soft_lineage,clr,39,6,0.48717948717948717,0.4857142857142857,0.4666727607904079,2.092502279660873,0.8146992908437406
2000,32,pred_soft_subtype,raw,39,6,0.5384615384615384,0.5557539682539682,0.5341269841269841,2.8097561439184946,0.8443657912822998
2000,32,pred_soft_subtype,clr,39,6,0.6923076923076923,0.7126984126984127,0.7009587634587634,1.0357249413654641,0.9009924799180018
2000,33,pred_soft_lineage,raw,39,6,0.4358974358974359,0.4371031746031746,0.43894993894993894,2.068663850527442,0.7544915530565436
2000,33,pred_soft_lineage,clr,39,6,0.41025641025641024,0.4037698412698412,0.38664529914529916,2.6366431587983867,0.7738235254186391
2000,33,pred_soft_subtype,raw,39,6,0.6410256410256411,0.660515873015873,0.6236471861471861,2.8094202918836215,0.8484807926102992
2000,33,pred_soft_subtype,clr,39,6,0.7435897435897436,0.7573412698412699,0.7478632478632479,0.8070848578564844,0.936570967992932
2000,34,pred_soft_lineage,raw,39,6,0.5128205128205128,0.5220238095238094,0.5115995115995117,1.972833623762999,0.757921830348301
2000,34,pred_soft_lineage,clr,39,6,0.4358974358974359,0.4440476190476191,0.4277389277389278,2.234730988812082,0.7855679376670839
2000,34,pred_soft_subtype,raw,39,6,0.6410256410256411,0.660515873015873,0.6266106442577032,3.2401647528971718,0.8376580707225868
2000,34,pred_soft_subtype,clr,39,6,0.7692307692307693,0.7876984126984127,0.7720057720057719,0.926266211269664,0.9142537635777673
2000,35,pred_soft_lineage,raw,39,6,0.4358974358974359,0.4371031746031746,0.43253968253968256,1.9047261881807565,0.7658866752142369
2000,35,pred_soft_lineage,clr,39,6,0.4358974358974359,0.431547619047619,0.4085470085470085,2.1380364398513856,0.8059466251472894
2000,35,pred_soft_subtype,raw,39,6,0.5384615384615384,0.5557539682539683,0.5376595082477436,2.7230077915342483,0.8082623926077437
2000,35,pred_soft_subtype,clr,39,6,0.7692307692307693,0.7876984126984127,0.7704184704184703,0.8205527394483115,0.9246419278855237
2000,36,pred_soft_lineage,raw,39,6,0.4358974358974359,0.4371031746031746,0.43894993894993894,1.8951041092026457,0.7641449879886787
2000,36,pred_soft_lineage,clr,39,6,0.46153846153846156,0.46488095238095234,0.4434153809153809,1.580032776317011,0.7664389159052346
2000,36,pred_soft_subtype,raw,39,6,0.6923076923076923,0.7061507936507936,0.6917027417027417,1.896136816177866,0.8915181081393131
2000,36,pred_soft_subtype,clr,39,6,0.7692307692307693,0.7876984126984127,0.7720057720057721,1.0198064620299183,0.9017212880590489
2000,37,pred_soft_lineage,raw,39,6,0.41025641025641024,0.40932539682539687,0.41282051282051285,2.658638716397677,0.760206197581672
2000,37,pred_soft_lineage,clr,39,6,0.41025641025641024,0.4037698412698412,0.3851495726495726,2.2996189253228763,0.7819941959351352
2000,37,pred_soft_subtype,raw,39,6,0.5384615384615384,0.5557539682539682,0.524537037037037,3.2011172113570483,0.8189427966527113
2000,37,pred_soft_subtype,clr,39,6,0.717948717948718,0.729563492063492,0.7277777777777779,0.8751698328204202,0.9366618829023952
2000,38,pred_soft_lineage,raw,39,6,0.48717948717948717,0.4847222222222222,0.48504273504273504,2.0396969093019877,0.73022288257108
2000,38,pred_soft_lineage,clr,39,6,0.4358974358974359,0.4440476190476191,0.42407592407592404,3.0015421602173418,0.7552576284668314
2000,38,pred_soft_subtype,raw,39,6,0.6666666666666666,0.6882936507936508,0.6432239057239058,3.089929066667403,0.8419825742287793
2000,38,pred_soft_subtype,clr,39,6,0.6923076923076923,0.7017857142857142,0.7021367521367522,1.03614254015479,0.905273238735051
2000,39,pred_soft_lineage,raw,39,6,0.46153846153846156,0.4704365079365079,0.46306471306471303,1.777417849669846,0.7752083099450272
2000,39,pred_soft_lineage,clr,39,6,0.48717948717948717,0.49821428571428567,0.48136308136308137,2.5654871248111357,0.7793224470465931
2000,39,pred_soft_subtype,raw,39,6,0.5384615384615384,0.5517857142857143,0.5360236985236985,3.210193545795973,0.8238735364624833
2000,39,pred_soft_subtype,clr,39,6,0.717948717948718,0.729563492063492,0.7234432234432235,0.8306521058736676,0.9309808604934317
2000,40,pred_soft_lineage,raw,39,6,0.41025641025641024,0.4037698412698412,0.4047619047619048,1.7357123270412613,0.7665513708741886
2000,40,pred_soft_lineage,clr,39,6,0.48717948717948717,0.4857142857142857,0.4678710178710179,2.7422943221360216,0.7676164458126032
2000,40,pred_soft_subtype,raw,39,6,0.5897435897435898,0.609920634920635,0.5984681984681984,2.284537040302498,0.8557727559091411
2000,40,pred_soft_subtype,clr,39,6,0.8205128205128205,0.8323412698412699,0.8188922188922189,0.7967602190904338,0.9373867435537265
2000,41,pred_soft_lineage,raw,39,6,0.4358974358974359,0.42757936507936506,0.45076035076035076,1.968629094201624,0.7602073128045612
2000,41,pred_soft_lineage,clr,39,6,0.46153846153846156,0.46488095238095234,0.4463203463203464,1.6608895458789794,0.7423953321960912
2000,41,pred_soft_subtype,raw,39,6,0.6153846153846154,0.6337301587301588,0.6137806637806638,2.244721622151576,0.8609432344133484
2000,41,pred_soft_subtype,clr,39,6,0.7692307692307693,0.7837301587301587,0.7704517704517704,0.6927484994032772,0.954267997929051
2000,42,pred_soft_lineage,raw,39,6,0.48717948717948717,0.4847222222222222,0.4922133422133422,1.8697288021126128,0.7604854625134512
2000,42,pred_soft_lineage,clr,39,6,0.48717948717948717,0.49821428571428567,0.48136308136308137,1.664555545371701,0.7933085542786681
2000,42,pred_soft_subtype,raw,39,6,0.5641025641025641,0.5795634920634921,0.5502886002886003,2.865713152283968,0.8385749436627047
2000,42,pred_soft_subtype,clr,39,6,0.6923076923076923,0.7126984126984127,0.6999666999667,1.2044157155272233,0.8951087436440853
2000,43,pred_soft_lineage,raw,39,6,0.4358974358974359,0.4246031746031746,0.4222222222222222,1.7716415873990117,0.7755666359081919
2000,43,pred_soft_lineage,clr,39,6,0.46153846153846156,0.46488095238095234,0.44436304436304436,1.6781326671458674,0.8047022189455776
2000,43,pred_soft_subtype,raw,39,6,0.5897435897435898,0.6003968253968254,0.5853923853923854,1.977388862049673,0.8700926313829539
2000,43,pred_soft_subtype,clr,39,6,0.7435897435897436,0.7628968253968255,0.7463369963369964,0.7855824740188969,0.9494899951671774
2000,44,pred_soft_lineage,raw,39,6,0.46153846153846156,0.4609126984126984,0.4615384615384615,1.9240093986440387,0.7399313827029671
2000,44,pred_soft_lineage,clr,39,6,0.48717948717948717,0.49821428571428567,0.48272283272283273,2.346056869596678,0.7812758868617503
2000,44,pred_soft_subtype,raw,39,6,0.5897435897435898,0.6003968253968254,0.5858974358974359,2.978357311958242,0.8394090733393389
2000,44,pred_soft_subtype,clr,39,6,0.7948717948717948,0.8115079365079366,0.7976190476190476,0.9212124070414862,0.9089923359373074
2000,45,pred_soft_lineage,raw,39,6,0.48717948717948717,0.4942460317460317,0.4966699966699967,1.7349559821423715,0.7773001144087482
2000,45,pred_soft_lineage,clr,39,6,0.5128205128205128,0.531547619047619,0.5091408591408592,2.228123607326441,0.737243170728702
2000,45,pred_soft_subtype,raw,39,6,0.5384615384615384,0.5422619047619048,0.5195399371869961,3.2889742145749596,0.836325584730471
2000,45,pred_soft_subtype,clr,39,6,0.7435897435897436,0.7628968253968255,0.7487789987789988,0.901869174554433,0.9341343799657368
2000,46,pred_soft_lineage,raw,39,6,0.4358974358974359,0.4371031746031746,0.43925518925518925,2.118180853888201,0.7686188686129388
2000,46,pred_soft_lineage,clr,39,6,0.48717948717948717,0.49821428571428567,0.48624708624708624,1.66092791712917,0.785218619054008
2000,46,pred_soft_subtype,raw,39,6,0.6153846153846154,0.6311507936507936,0.6088546529723001,2.6208788505808047,0.8602322299072774
2000,46,pred_soft_subtype,clr,39,6,0.717948717948718,0.7420634920634921,0.7194749694749696,0.7946211066118232,0.9395485788808844
2000,47,pred_soft_lineage,raw,39,6,0.38461538461538464,0.3859126984126984,0.3706349206349206,2.3943851451063374,0.7256388658428506
2000,47,pred_soft_lineage,clr,39,6,0.46153846153846156,0.46488095238095234,0.44981684981684983,2.2053287789959413,0.7484843778664936
2000,47,pred_soft_subtype,raw,39,6,0.6410256410256411,0.664484126984127,0.6291486291486291,2.452901036014766,0.8464256992304904
2000,47,pred_soft_subtype,clr,39,6,0.7435897435897436,0.7573412698412699,0.75,0.9965795212741333,0.9219577033322289
2000,48,pred_soft_lineage,raw,39,6,0.48717948717948717,0.4847222222222222,0.48504273504273504,1.9557355490492694,0.7254801704813564
2000,48,pred_soft_lineage,clr,39,6,0.46153846153846156,0.46488095238095234,0.45319680319680317,2.4780072304167913,0.7662938371014746
2000,48,pred_soft_subtype,raw,39,6,0.6153846153846154,0.6271825396825397,0.596043771043771,3.0064449540957283,0.8216690317378174
2000,48,pred_soft_subtype,clr,39,6,0.6666666666666666,0.6849206349206348,0.6783549783549784,0.9431823240547157,0.9233929809297456
2000,49,pred_soft_lineage,raw,39,6,0.46153846153846156,0.4664682539682539,0.4684371184371184,1.9076195199195973,0.7569270287130818
2000,49,pred_soft_lineage,clr,39,6,0.48717948717948717,0.4857142857142857,0.4716955158131629,1.4641015296709643,0.8137660403848734
2000,49,pred_soft_subtype,raw,39,6,0.6153846153846154,0.6311507936507936,0.5910947712418301,2.9474749381121166,0.8493793085823448
2000,49,pred_soft_subtype,clr,39,6,0.7435897435897436,0.7628968253968255,0.7451159951159951,0.7268648629053871,0.9498568065218919
