source,subtype,disease,n_disease,median_disease,iqr_disease,median_other,median_difference,rank_biserial,p_value,median_lr_coefficient,iqr_lr_coefficient,coefficient_positive_fraction,coefficient_sign_stability,top_five_fraction,q_value,heldout_log_loss_increase,heldout_log_loss_increase_sd
true_subtype,Atypical Memory B,BTC,6,0.0010056733881578799,0.0012392584837330697,0.0005487235178705694,0.00045694987028731043,0.08333333333333326,0.7614933858409626,-0.33798121663120445,1.0179686062951867,0.2,0.8,0.4,0.8843376592126295,0.20059226660938845,0.22275520352733597
true_subtype,Atypical Memory B,CRC,8,0.0,0.00020070924517783068,0.0009426842640315011,-0.0009426842640315011,-0.77734375,0.0007995300274685504,-0.33315727490497143,0.15812777549867207,0.0,1.0,0.0,0.006167803069043104,0.20059226660938845,0.22275520352733597
true_subtype,Atypical Memory B,GC,7,0.0008357709987463436,0.0005326582014405245,0.0005275652862041678,0.00030820571254217574,0.16883116883116878,0.49813711393240145,-0.470947170920064,0.352755144779576,0.0,1.0,0.0,0.7017235865830351,0.20059226660938845,0.22275520352733597
true_subtype,Atypical Memory B,HCC,7,0.00014465499783017504,0.00014047380876686165,0.0009677865339416563,-0.0008231315361114812,-0.48917748917748916,0.04586675462814906,-0.017699887735632344,0.09116965930388538,0.4,0.6,0.0,0.16887305113091247,0.20059226660938845,0.22275520352733597
true_subtype,Atypical Memory B,Normal,6,0.005605305427623317,0.0018556402854188626,0.000434453383279214,0.005170852044344102,0.8333333333333333,0.0013462529254407041,0.31892787636284525,0.3547671857560895,1.0,1.0,0.0,0.009482303213973656,0.20059226660938845,0.22275520352733597
true_subtype,Atypical Memory B,PC,6,0.0014839845695209285,0.0009884953743505903,0.0004888557918754353,0.0009951287776454932,0.42156862745098045,0.10686371499337947,0.7647946168472389,0.7255582489427175,1.0,1.0,0.6,0.2933867411307395,0.20059226660938845,0.22275520352733597
true_subtype,CD14 Monocyte-1,BTC,6,0.06672910021171327,0.06706969923934902,0.07563295693959535,-0.008903856727882076,-0.16666666666666663,0.5414289361657783,0.04893643156752793,0.3326118710683956,0.6,0.6,0.0,0.7248883277591411,0.13773726378560697,0.3214330913182212
true_subtype,CD14 Monocyte-1,CRC,8,0.060847800538522186,0.04029099158192613,0.08193923795669444,-0.02109143741817226,-0.328125,0.16359494873426764,-0.758636221428783,0.15922210546106663,0.0,1.0,0.2,0.3786054527850194,0.13773726378560697,0.3214330913182212
true_subtype,CD14 Monocyte-1,GC,7,0.1534998874634256,0.1089191450494434,0.07230343737653101,0.08119645008689459,0.5151515151515151,0.03356065043371545,0.2581356929288069,0.8625076833148296,0.8,0.8,0.2,0.13592063425654757,0.13773726378560697,0.3214330913182212
true_subtype,CD14 Monocyte-1,HCC,7,0.09512697323266987,0.1067817533473081,0.07230343737653101,0.02282353585613886,0.09090909090909083,0.7276492257916408,0.6704634036972428,0.6554419434419498,1.0,1.0,0.0,0.8604458541409119,0.13773726378560697,0.3214330913182212
true_subtype,CD14 Monocyte-1,Normal,6,0.05117375533283118,0.015024370211545165,0.08193923795669444,-0.030765482623863263,-0.47058823529411764,0.07138792928266614,-0.08843728721763186,0.10936884335010283,0.0,1.0,0.0,0.22240085661138298,0.13773726378560697,0.3214330913182212
true_subtype,CD14 Monocyte-1,PC,6,0.10259750784567026,0.038542574324781184,0.07050339134516348,0.03209411650050678,0.36274509803921573,0.17113886587570798,-0.5793928035153595,1.2314332708919373,0.0,1.0,0.0,0.3904858629840097,0.13773726378560697,0.3214330913182212
true_subtype,CD14 Monocyte-2,BTC,6,0.008579807522514568,0.003585805110297534,0.010840271920267642,-0.0022604643977530738,-0.08823529411764708,0.7536158483526905,0.15550940292512863,0.4454883083280049,0.6,0.6,0.0,0.8843376592126295,0.0771946043603802,0.15051720129127846
true_subtype,CD14 Monocyte-2,CRC,8,0.008254301764728047,0.006040576979489158,0.010809379897942652,-0.002555078133214605,0.0078125,0.9867792579866883,-0.24067973538184426,0.23807913949662848,0.0,1.0,0.2,0.9929083217008913,0.0771946043603802,0.15051720129127846
true_subtype,CD14 Monocyte-2,GC,7,0.0183021258623117,0.012457065013041342,0.007657142857142857,0.010644983005168843,0.5844155844155845,0.014596461190888433,-0.1513701436321339,1.4924457587747586,0.4,0.6,0.2,0.06931558179678479,0.0771946043603802,0.15051720129127846
true_subtype,CD14 Monocyte-2,HCC,7,0.01084420041180508,0.016411093224585737,0.010029419630917358,0.0008147807808877219,0.03896103896103886,0.8892959284600152,0.15983401609946374,0.5694216681802065,0.6,0.6,0.0,0.9294576800678868,0.0771946043603802,0.15051720129127846
true_subtype,CD14 Monocyte-2,Normal,6,0.0012235779129313403,0.0001770231731878871,0.011023469429490527,-0.009799891516559188,-0.8431372549019608,0.0003303476987687514,-0.2744163761416616,0.20861298574357412,0.0,1.0,0.0,0.0031480192470904546,0.0771946043603802,0.15051720129127846
true_subtype,CD14 Monocyte-2,PC,6,0.022085844300618142,0.02313234634820844,0.010115071776630118,0.011970772523988024,0.21568627450980382,0.425173119909962,1.042497644528802,0.8010431149467281,1.0,1.0,0.2,0.6437200507048023,0.0771946043603802,0.15051720129127846
true_subtype,CD14 Monocyte-3,BTC,6,0.00040319618576726115,0.0003789722512963175,0.0004132853681664369,-1.0089182399175751e-05,0.06862745098039214,0.8047682529174406,-0.022439406114722223,0.011706612815910216,0.0,1.0,0.0,0.8870277621344477,0.019890591546169473,0.04072671560520046
true_subtype,CD14 Monocyte-3,CRC,8,0.0001806082482293214,0.00048294797588621196,0.0004183229841924485,-0.00023771473596312712,-0.2890625,0.21532632091268789,-0.04277886161549993,0.34307909693196825,0.4,0.6,0.0,0.45383389686468606,0.019890591546169473,0.04072671560520046
true_subtype,CD14 Monocyte-3,GC,7,0.0002785903329154478,0.00013991573966917715,0.0004178854993731718,-0.00013929516645772396,-0.19913419913419916,0.4213573561584022,-0.19936941490841759,0.1703389440358452,0.0,1.0,0.0,0.6437200507048023,0.019890591546169473,0.04072671560520046
true_subtype,CD14 Monocyte-3,HCC,7,0.0004118050789293068,0.00035350215856246666,0.00041476565740356696,-2.9605784742601777e-06,-0.20346320346320346,0.41111287080966763,-0.003964748878339929,0.06237166236752724,0.4,0.6,0.0,0.6364646765682468,0.019890591546169473,0.04072671560520046
true_subtype,CD14 Monocyte-3,Normal,6,0.0265765019922021,0.0039610827638793256,0.00028008075001396775,0.026296421242188135,1.0,0.00011346858642175723,0.508939602098883,0.35835609433153226,1.0,1.0,0.4,0.00144379143360771,0.019890591546169473,0.04072671560520046
true_subtype,CD14 Monocyte-3,PC,6,0.0002781331701618735,0.0006833336387819527,0.0004132853681664369,-0.0001351521980045634,-0.25,0.34175890356802363,-0.11661206808075247,0.373981656724585,0.0,1.0,0.0,0.5589552308284063,0.019890591546169473,0.04072671560520046
true_subtype,CD16 Monocyte-1,BTC,6,0.03239675966802048,0.008458361722397521,0.05289936148893053,-0.020502601820910044,-0.37254901960784315,0.15931981721455404,-1.7974804280703962,1.3496800899357742,0.0,1.0,1.0,0.37405522302547467,0.35817491730728473,0.32260660309279826
true_subtype,CD16 Monocyte-1,CRC,8,0.0496987773289627,0.033205135758797445,0.0449553085828053,0.0047434687461573935,0.0546875,0.8293994572632343,0.5941551591616349,0.7202781212093909,0.8,0.8,0.4,0.8884967095493411,0.35817491730728473,0.32260660309279826
true_subtype,CD16 Monocyte-1,GC,7,0.06748633879781421,0.03186144439076941,0.03772290809327846,0.02976343070453575,0.6190476190476191,0.009158980366410706,0.23803002198712847,1.1080117127476474,0.8,0.8,0.2,0.0463673381049542,0.35817491730728473,0.32260660309279826
true_subtype,CD16 Monocyte-1,HCC,7,0.05161290322580645,0.029488814608877967,0.04505757356622351,0.0065553296595829424,-0.038961038961038974,0.8892959284600152,0.0219952336674381,0.1329242082006621,0.8,0.8,0.0,0.9294576800678868,0.35817491730728473,0.32260660309279826
true_subtype,CD16 Monocyte-1,Normal,6,0.013494247578375591,0.005161501703392569,0.05425608648606286,-0.04076183890768727,-0.8235294117647058,0.0005189689400215716,-0.24985810664252575,0.1808629944959976,0.0,1.0,0.0,0.0044248930675523475,0.35817491730728473,0.32260660309279826
true_subtype,CD16 Monocyte-1,PC,6,0.0651315834972998,0.08315785707542137,0.04354629501018257,0.021585288487117237,0.47058823529411775,0.07138792928266614,0.42382654893291993,1.7200948966228027,0.6,0.6,0.2,0.22240085661138298,0.35817491730728473,0.32260660309279826
true_subtype,CD16 Monocyte-2,BTC,6,0.006310377440310826,0.001911573148567572,0.009251690036208859,-0.002941312595898033,-0.3137254901960784,0.23958597116491853,-0.13608540063456065,0.3180869429788013,0.0,1.0,0.0,0.4688409594546239,-0.018477909796621318,0.025050257110860084
true_subtype,CD16 Monocyte-2,CRC,8,0.004758573022410713,0.01324524983574257,0.008653496630078892,-0.0038949236076681786,-0.234375,0.3251904354071537,0.10264508469067658,1.022529359967911,0.6,0.6,0.0,0.5452613968045968,-0.018477909796621318,0.025050257110860084
true_subtype,CD16 Monocyte-2,GC,7,0.00915106293115585,0.003949504880580776,0.008079376328844791,0.0010716866023110592,0.1341991341991342,0.6009924070295588,0.05141912693616276,0.499121396564848,0.6,0.6,0.0,0.7915509751121018,-0.018477909796621318,0.025050257110860084
true_subtype,CD16 Monocyte-2,HCC,7,0.012151019817734702,0.013133456641630082,0.008114285714285715,0.004036734103448987,-0.0043290043290042934,0.9999999999999999,0.19480696020675425,0.9828737858721943,1.0,1.0,0.2,0.9999999999999998,-0.018477909796621318,0.025050257110860084
true_subtype,CD16 Monocyte-2,Normal,6,0.02161196859737989,0.004618965080182249,0.007129410505016072,0.01448255809236382,0.7450980392156863,0.0023666234192549983,-0.018999821894857247,0.06214967099318601,0.4,0.6,0.0,0.01533571975677239,-0.018477909796621318,0.025050257110860084
true_subtype,CD16 Monocyte-2,PC,6,0.005627267448337881,0.0022021231169859013,0.009251690036208859,-0.003624422587870978,-0.28431372549019607,0.28839197786566206,-0.16677337489216978,0.3323355627977783,0.0,1.0,0.0,0.5078206566764919,-0.018477909796621318,0.025050257110860084
true_subtype,CD16 NK,BTC,6,0.1989026278878104,0.12002104662289062,0.18999608000387766,0.008906547883932747,0.2058823529411764,0.4472470156680683,-0.29533826062966084,1.071386226222879,0.4,0.6,0.0,0.6708705235021024,0.19207623357775255,0.28300848280352786
true_subtype,CD16 NK,CRC,8,0.17826975883687812,0.17126317879454295,0.19224296250253448,-0.013973203665656353,0.0625,0.80363572128278,0.03937793996885505,0.07817477371339726,0.8,0.8,0.0,0.8870277621344477,0.19207623357775255,0.28300848280352786
true_subtype,CD16 NK,GC,7,0.16952221757905,0.07603073993449372,0.21046994242870531,-0.04094772484965531,-0.09956709956709953,0.7016064528448431,-0.13917535706566328,0.3932791119667041,0.2,0.8,0.2,0.8561150470226566,0.19207623357775255,0.28300848280352786
true_subtype,CD16 NK,HCC,7,0.2947485722245438,0.04636557559144516,0.14606957524505093,0.14867899697949288,0.7575757575757576,0.0009183868316995252,1.5127027438911793,1.1230677516667127,1.0,1.0,1.0,0.006762666669787413,0.19207623357775255,0.28300848280352786
true_subtype,CD16 NK,Normal,6,0.032168351293646015,0.006490876055515269,0.21994213898909304,-0.18777378769544703,-0.9607843137254902,6.2526378315852004e-06,-0.4558147805638133,0.2475545217304928,0.0,1.0,0.0,0.00032076032076032077,0.19207623357775255,0.28300848280352786
true_subtype,CD16 NK,PC,6,0.178739784477469,0.10114113629263849,0.18999608000387766,-0.011256295526408666,-0.06862745098039214,0.8103710419499893,-0.24736223673843127,0.4422826557206804,0.2,0.8,0.4,0.8870277621344477,0.19207623357775255,0.28300848280352786
true_subtype,CD4 + Tcm-1,BTC,6,0.266455776492894,0.17007981501671698,0.2415604243786758,0.024895352114218172,0.23529411764705888,0.38287663024505125,0.18856313318191845,1.2475558568543796,0.6,0.6,0.2,0.6080981774480225,-0.09508913328715915,0.253071191279674
true_subtype,CD4 + Tcm-1,CRC,8,0.265620967732707,0.14250033220742253,0.2415604243786758,0.024060543354031183,0.109375,0.6541782207416883,0.09549187489307157,1.3907331473163294,0.6,0.6,0.4,0.841086283810742,-0.09508913328715915,0.253071191279674
true_subtype,CD4 + Tcm-1,GC,7,0.26941255908170153,0.04378259613088026,0.23895526535148653,0.030457293730214996,0.2554112554112553,0.309246624571702,0.09625041031983222,0.23768444243547102,0.6,0.6,0.2,0.5386876686087713,-0.09508913328715915,0.253071191279674
true_subtype,CD4 + Tcm-1,HCC,7,0.23895526535148653,0.10135206331129934,0.24579542321477804,-0.006840157863291507,0.1601731601731602,0.5299173548399555,-0.29099814792302847,1.6011183178688346,0.0,1.0,0.4,0.7248883277591411,-0.09508913328715915,0.253071191279674
true_subtype,CD4 + Tcm-1,Normal,6,0.03833615787521604,0.005466906370127686,0.2596386016629724,-0.22130244378775638,-0.9509803921568627,9.900009900009901e-06,-0.5123163963955064,0.3176256118217116,0.0,1.0,0.2,0.00032076032076032077,-0.09508913328715915,0.253071191279674
true_subtype,CD4 + Tcm-1,PC,6,0.25360912681252523,0.05408709795663294,0.24315175962525615,0.010457367187269084,0.10784313725490202,0.6980991980991981,0.538054134743188,0.7097751429563459,0.8,0.8,0.0,0.8561150470226566,-0.09508913328715915,0.253071191279674
true_subtype,CD4 + Tcm-2,BTC,6,0.011829498987523678,0.011300306531468182,0.006188982700510316,0.005640516287013362,0.37254901960784315,0.15931981721455404,0.03262855698212352,0.36830108561122155,1.0,1.0,0.0,0.37405522302547467,0.10307440685598905,0.17607786783320942
true_subtype,CD4 + Tcm-2,CRC,8,0.00299792333132978,0.02732184004233094,0.00674382866599163,-0.00374590533466185,-0.421875,0.06991685877134794,0.16416667579927396,0.14478152535045125,0.8,0.8,0.0,0.22240085661138298,0.10307440685598905,0.17607786783320942
true_subtype,CD4 + Tcm-2,GC,7,0.006979341150195421,0.0018669023547622189,0.006126228807522439,0.0008531123426729825,0.07359307359307365,0.780619044860531,-0.11934062705996976,0.643568025185922,0.2,0.8,0.0,0.8843376592126295,0.10307440685598905,0.17607786783320942
true_subtype,CD4 + Tcm-2,HCC,7,0.005930854911037176,0.00038114865239296646,0.006979341150195421,-0.0010484862391582448,-0.18614718614718617,0.4631928665984394,-0.21121702118989213,0.07436785558746495,0.0,1.0,0.0,0.6821567671722472,0.10307440685598905,0.17607786783320942
true_subtype,CD4 + Tcm-2,Normal,6,0.11407120987384627,0.020732572788733625,0.006028541859279807,0.10804266801456645,0.9411764705882353,1.5631594578963003e-05,0.5631462335723731,0.46475454206530664,1.0,1.0,0.4,0.00036175976025600097,0.10307440685598905,0.17607786783320942
true_subtype,CD4 + Tcm-2,PC,6,0.0036489021124977384,0.0011561338038524683,0.0073899352359139804,-0.003741033123416242,-0.6568627450980392,0.009010051115314272,-0.16373091192752695,0.7367792568623684,0.2,0.8,0.0,0.0463673381049542,0.10307440685598905,0.17607786783320942
true_subtype,CD4 Monocyte-4,BTC,6,0.00039269455350830675,0.0006112676557813116,0.002288142064591511,-0.0018954475110832042,-0.7058823529411764,0.0067121144005615335,-0.31654983584630314,0.9752442210809957,0.0,1.0,0.2,0.03624541776303228,0.0768330589973763,0.11618748177970228
true_subtype,CD4 Monocyte-4,CRC,8,0.002288142064591511,0.0022902673407545512,0.001835827130032273,0.0004523149345592378,0.0703125,0.7735938529252918,1.1062699296584273,1.3978648464981873,1.0,1.0,0.6,0.8843376592126295,0.0768330589973763,0.11618748177970228
true_subtype,CD4 Monocyte-4,GC,7,0.0031420765027322405,0.002094912556164864,0.001842664776754075,0.0012994117259781655,0.20346320346320357,0.41252340147941924,0.017139711252284924,1.6235116580420554,0.6,0.6,0.2,0.6364646765682468,0.0768330589973763,0.11618748177970228
true_subtype,CD4 Monocyte-4,HCC,7,0.001532246831034963,0.0012364162149233558,0.002370604504148558,-0.0008383576731135951,-0.37662337662337664,0.12551357035735844,-0.21473867110692246,0.7266930200559163,0.2,0.8,0.0,0.32274918091892174,0.0768330589973763,0.11618748177970228
true_subtype,CD4 Monocyte-4,Normal,6,0.007858365953249371,0.003089701134710982,0.001553879436224211,0.00630448651702516,0.9215686274509804,0.0003927739622409997,0.2455742348083229,0.18791292046587474,1.0,1.0,0.0,0.003534965660168997,0.0768330589973763,0.11618748177970228
true_subtype,CD4 Monocyte-4,PC,6,0.00212623644741163,0.002712208079306772,0.0018615898742731752,0.0002646465731384548,-0.10784313725490191,0.6905642304322789,-0.16055289759526625,0.881599224530685,0.4,0.6,0.2,0.8561150470226566,0.0768330589973763,0.11618748177970228
true_subtype,CD56 NK,BTC,6,0.03477678455758518,0.004972832629077294,0.013756510095525788,0.02102027446205939,0.42156862745098045,0.10885373516952467,0.0975913606090588,0.8317187344904509,0.8,0.8,0.0,0.2933867411307395,0.1321699034512768,0.16787171321400857
true_subtype,CD56 NK,CRC,8,0.004906170623397803,0.06744106638765525,0.019751306342334754,-0.01484513571893695,-0.421875,0.06991685877134794,-0.15987933078885103,0.4411408613957763,0.4,0.6,0.0,0.22240085661138298,0.1321699034512768,0.16787171321400857
true_subtype,CD56 NK,GC,7,0.011885245901639344,0.0019372398380390309,0.022983702465524447,-0.011098456563885103,-0.35064935064935066,0.1577345742980418,-0.6322856101939865,0.4833528915801187,0.0,1.0,0.2,0.37405522302547467,0.1321699034512768,0.16787171321400857
true_subtype,CD56 NK,HCC,7,0.022983702465524447,0.010532406557987973,0.0129959905986451,0.009987711866879348,0.24675324675324672,0.32648367586448085,-0.01843315483352833,0.0287415708334584,0.4,0.6,0.0,0.5452613968045968,0.1321699034512768,0.16787171321400857
true_subtype,CD56 NK,Normal,6,0.25913953134553547,0.053576088663819715,0.013756510095525788,0.2453830212500097,0.9215686274509804,3.334740176845441e-05,0.5103090152715628,0.46356144089593576,1.0,1.0,0.4,0.0006752848858112017,0.1321699034512768,0.16787171321400857
true_subtype,CD56 NK,PC,6,0.008469253359210234,0.004848229477122045,0.02153601706835134,-0.013066763709141106,-0.696078431372549,0.0051620735831262145,-0.16718893374137947,0.21060786117633198,0.2,0.8,0.0,0.028836411050567126,0.1321699034512768,0.16787171321400857
true_subtype,CD8 + CTL-1,BTC,6,0.0026393932636659596,0.0007889905352892954,0.0016107776324041302,0.0010286156312618294,0.32352941176470584,0.22461871935556146,-0.10735948430698615,0.12299640432501859,0.0,1.0,0.0,0.46061053842532856,0.01874963677473774,0.055628586371918795
true_subtype,CD8 + CTL-1,CRC,8,0.0008227302324762861,0.010828375480732158,0.00202621999161173,-0.0012034897591354438,-0.3828125,0.10179372036957175,0.08705252301811502,0.11946065506496611,0.8,0.8,0.0,0.2931110972828868,0.01874963677473774,0.055628586371918795
true_subtype,CD8 + CTL-1,GC,7,0.001392951664577239,0.0009168056184027135,0.002073828287017835,-0.000680876622440596,-0.2813852813852814,0.2610460663092242,-0.07700407563250586,0.11718164314676478,0.4,0.6,0.0,0.4881566476529552,0.01874963677473774,0.055628586371918795
true_subtype,CD8 + CTL-1,HCC,7,0.001671541997492687,0.000894658033875669,0.002073828287017835,-0.00040228628952514796,-0.05627705627705626,0.8345801982024893,-0.10192384986262844,0.14570902601241353,0.0,1.0,0.0,0.8884967095493411,0.01874963677473774,0.055628586371918795
true_subtype,CD8 + CTL-1,Normal,6,0.05447168719445105,0.007786743596624492,0.0016107776324041302,0.05286090956204692,0.9901960784313726,1.0421063052642e-06,0.6108426247597301,0.44245656118193666,1.0,1.0,0.4,8.44106107264002e-05,0.01874963677473774,0.055628586371918795
true_subtype,CD8 + CTL-1,PC,6,0.0011140514267718995,0.0006357075881410569,0.0021228766492245098,-0.0010088252224526102,-0.4509803921568627,0.08495146389883235,-0.38215740404685755,0.37126667127138374,0.0,1.0,0.0,0.25312415737963256,0.01874963677473774,0.055628586371918795
true_subtype,CD8 + CTL-2,BTC,6,0.0011509782493812465,0.0006042297279347363,0.0004420556455186139,0.0007089226038626327,0.42156862745098045,0.10651714592615491,0.002761011398585559,0.0364261499320535,0.6,0.6,0.0,0.2933867411307395,0.025637196409517116,0.03329276010265027
true_subtype,CD8 + CTL-2,CRC,8,0.00013587085419476506,0.0012446357803173398,0.0007007543539856913,-0.0005648834997909263,-0.4140625,0.07510161570273463,-0.06440201084976727,0.16281155344143247,0.4,0.6,0.0,0.22955588195930207,0.025637196409517116,0.03329276010265027
true_subtype,CD8 + CTL-2,GC,7,0.00045014629754670267,0.0002744258207937098,0.0008236101578586136,-0.0003734638603119109,-0.24675324675324672,0.3176509549968294,-0.05695203575575622,0.34243834845518867,0.0,1.0,0.0,0.5416784706261722,0.025637196409517116,0.03329276010265027
true_subtype,CD8 + CTL-2,HCC,7,0.0008236101578586136,0.0004124453954307182,0.0005484260173302622,0.00027518414052835137,0.09956709956709964,0.6946290712955021,0.005686982533842879,0.09689744155327491,0.6,0.6,0.0,0.8561150470226566,0.025637196409517116,0.03329276010265027
true_subtype,CD8 + CTL-2,Normal,6,0.03346181166845284,0.01230752959610798,0.0004420556455186139,0.03301975602293423,1.0,0.00011585980640061869,0.35452081406297925,0.40902955722506085,1.0,1.0,0.0,0.00144379143360771,0.025637196409517116,0.03329276010265027
true_subtype,CD8 + CTL-2,PC,6,7.256894049346879e-05,0.00016144439681957748,0.0007669691647369499,-0.0006944002242434812,-0.7352941176470589,0.004664555319707865,-0.1286815182054713,0.3635860152507161,0.0,1.0,0.0,0.026987784349738364,0.025637196409517116,0.03329276010265027
true_subtype,CD8 + CTL-3,BTC,6,0.0004128189801829969,0.00025216453431496833,0.0001448964394085563,0.0002679225407744406,0.2450980392156863,0.3450340931039545,-0.06650929113157622,0.04145270122157836,0.0,1.0,0.0,0.5589552308284063,0.006697476897006184,0.04072421237516481
true_subtype,CD8 + CTL-3,CRC,8,0.0003983804730830274,0.0008033718740650792,0.00015600889154203084,0.00024237158154099655,0.1015625,0.6671491077655478,0.21067134867690762,0.16605065254113152,1.0,1.0,0.0,0.8510090980946358,0.006697476897006184,0.04072421237516481
true_subtype,CD8 + CTL-3,GC,7,0.0001392951664577239,0.0001829293661647976,0.00034285714285714285,-0.00020356197639941894,-0.3939393939393939,0.10313168237731203,-0.08308157043070842,0.04194521095734037,0.2,0.8,0.0,0.2931110972828868,0.006697476897006184,0.04072421237516481
true_subtype,CD8 + CTL-3,HCC,7,0.00013726835964310226,0.0002860331549914517,0.00022862368541380886,-9.13553257707066e-05,-0.2813852813852814,0.24645228803543318,-0.06454721138200384,0.0621529640576578,0.0,1.0,0.0,0.47530084121119254,0.006697476897006184,0.04072421237516481
true_subtype,CD8 + CTL-3,Normal,6,0.025659364332722118,0.0034353310485279696,0.00014272029069320946,0.02551664404202891,0.9411764705882353,0.00023258760358598507,0.1394869019375661,0.33568394021519465,0.8,0.8,0.2,0.0025119461187286386,0.006697476897006184,0.04072421237516481
true_subtype,CD8 + CTL-3,PC,6,0.0,0.00010885341074020318,0.00030966467869979067,-0.00030966467869979067,-0.5490196078431373,0.032431621888770745,-0.11436815819227761,0.027573827766725775,0.0,1.0,0.0,0.13592063425654757,0.006697476897006184,0.04072421237516481
true_subtype,CD8 Tem-1,BTC,6,0.11911255152510933,0.025488392386716074,0.10445524578600816,0.014657305739101165,0.33333333333333326,0.21030486819960503,-0.5986549614499685,1.3779768406120332,0.2,0.8,0.2,0.45383389686468606,0.17075769038619526,0.28421198079042603
true_subtype,CD8 Tem-1,CRC,8,0.08748694124483948,0.07339175399366898,0.11137233128009483,-0.023885390035255347,-0.09375,0.7028598842840329,-0.012601195259052081,0.09629193003018294,0.4,0.6,0.0,0.8561150470226566,0.17075769038619526,0.28421198079042603
true_subtype,CD8 Tem-1,GC,7,0.11114183024606027,0.015448723130601,0.10572503134141245,0.0054167989046478154,0.17748917748917759,0.4849231584525703,0.7518303989836479,0.9816622219396213,1.0,1.0,0.4,0.7017235865830351,0.17075769038619526,0.28421198079042603
true_subtype,CD8 Tem-1,HCC,7,0.12694115970936032,0.02658891117657569,0.10318546023060388,0.023755699478756442,0.3246753246753247,0.19229063547949,-0.2526222537990823,0.3428033561294458,0.2,0.8,0.2,0.4209605803740186,0.17075769038619526,0.28421198079042603
true_subtype,CD8 Tem-1,Normal,6,0.0051341574293636665,0.0013676605362124119,0.11409775019075317,-0.1089635927613895,-0.9411764705882353,1.5631594578963003e-05,-0.44959862991651744,0.29806494996754507,0.0,1.0,0.0,0.00036175976025600097,0.17075769038619526,0.28421198079042603
true_subtype,CD8 Tem-1,PC,6,0.11347609056866531,0.10181439650369578,0.10899904408262467,0.004477046486040637,0.15686274509803932,0.5663571610940031,0.31741177230696827,0.5189597477920255,0.8,0.8,0.4,0.7520480335838402,0.17075769038619526,0.28421198079042603
true_subtype,CD8 Tem-2,BTC,6,0.01323753310965919,0.024203050167799584,0.017733073924629895,-0.004495540814970705,-0.18627450980392157,0.49319713003923527,-0.7039724870917327,1.0462195511025456,0.2,0.8,0.4,0.7017235865830351,0.1252640612207147,0.3432258749593216
true_subtype,CD8 Tem-2,CRC,8,0.014050722788184712,0.011188356895230773,0.01935235300320666,-0.005301630215021948,-0.1484375,0.5388241821678353,0.6430869016557719,1.193203668680981,0.8,0.8,0.6,0.7248883277591411,0.1252640612207147,0.3432258749593216
true_subtype,CD8 Tem-2,GC,7,0.013790221479314668,0.012257889616270886,0.01885530890612463,-0.0050650874268099635,0.02164502164502169,0.9445199307428409,0.2751811234870622,0.7406499501518589,0.6,0.6,0.0,0.9746001833142689,0.1252640612207147,0.3432258749593216
true_subtype,CD8 Tem-2,HCC,7,0.013040396881644224,0.012655387170123607,0.01885530890612463,-0.0058149120244804075,-0.38528138528138534,0.11894766879287004,-0.6611442085048483,0.6452894514317183,0.0,1.0,0.6,0.3107987474910475,0.1252640612207147,0.3432258749593216
true_subtype,CD8 Tem-2,Normal,6,0.04937680339254705,0.013901551130811644,0.013534768628471198,0.03584203476407585,0.911764705882353,4.689478373688901e-05,0.25779409621160304,0.02642512825818083,1.0,1.0,0.4,0.0008441061072640021,0.1252640612207147,0.3432258749593216
true_subtype,CD8 Tem-2,PC,6,0.015634524908564637,0.021569170699555208,0.017733073924629895,-0.0020985490160652584,-0.12745098039215685,0.6440769282874546,0.015606691580066294,3.1801764189550554,0.6,0.6,0.6,0.8347236990605411,0.1252640612207147,0.3432258749593216
true_subtype,Cycling T,BTC,6,0.012232709521314566,0.004381722120580777,0.012786303207782082,-0.0005535936864675163,-0.06862745098039214,0.8103710419499893,-0.15059040284822656,0.7087452052941648,0.2,0.8,0.0,0.8870277621344477,0.05534921898275548,0.1075098071862205
true_subtype,Cycling T,CRC,8,0.013043602002697448,0.008483601179390001,0.011864475470627571,0.0011791265320698768,0.0859375,0.7276610001068206,-0.5008949243668747,1.0930119645872445,0.2,0.8,0.4,0.8604458541409119,0.05534921898275548,0.1075098071862205
true_subtype,Cycling T,GC,7,0.01560105864326508,0.005022463445670644,0.011433868974042027,0.004167189669223052,0.39393939393939403,0.11047278524058711,0.4035063007232098,0.5786169051566223,1.0,1.0,0.4,0.2933867411307395,0.05534921898275548,0.1075098071862205
true_subtype,Cycling T,HCC,7,0.009780297661233167,0.007037621274166381,0.012853126255188111,-0.003072828593954944,-0.06493506493506496,0.8074904149207556,0.4765453549505956,0.23916450991916405,1.0,1.0,0.2,0.8870277621344477,0.05534921898275548,0.1075098071862205
true_subtype,Cycling T,Normal,6,0.002815966673807603,0.0007628292786430227,0.01341752148999864,-0.010601554816191038,-0.9509803921568627,9.900009900009901e-06,-0.18235509655463594,0.0843509535736186,0.0,1.0,0.0,0.00032076032076032077,0.05534921898275548,0.1075098071862205
true_subtype,Cycling T,PC,6,0.023638607195146433,0.01304857870459556,0.012507281063794584,0.011131326131351848,0.5392156862745099,0.03658939448413133,-0.10911794145955332,0.18677938684317125,0.4,0.6,0.0,0.1411305215816494,0.05534921898275548,0.1075098071862205
true_subtype,Erythrocyte,BTC,6,0.0,0.0,0.0,0.0,-0.17647058823529416,0.2860262841679041,-0.04254868422566843,0.022092629555887325,0.2,0.8,0.0,0.5078206566764919,0.0671825924295238,0.17793581219410975
true_subtype,Erythrocyte,CRC,8,0.0,3.3471682956219036e-05,0.0,0.0,0.140625,0.34090410238699853,0.2879932013767348,0.7546806524209753,1.0,1.0,0.0,0.5589552308284063,0.0671825924295238,0.17793581219410975
true_subtype,Erythrocyte,GC,7,0.0,0.0,0.0,0.0,-0.18181818181818177,0.24020863972057893,0.7079890090188821,0.5496105277518779,1.0,1.0,0.2,0.4688409594546239,0.0671825924295238,0.17793581219410975
true_subtype,Erythrocyte,HCC,7,0.0,0.0,0.0,0.0,-0.18181818181818177,0.24020863972057893,-0.35681377564669847,0.1734197160162419,0.0,1.0,0.0,0.4688409594546239,0.0671825924295238,0.17793581219410975
true_subtype,Erythrocyte,Normal,6,5.507032453192454e-05,0.000180687691488468,0.0,5.507032453192454e-05,0.588235294117647,0.000286300610313472,-0.1247570876496025,0.09947211449377427,0.0,1.0,0.0,0.0028987936794239036,0.0671825924295238,0.17793581219410975
true_subtype,Erythrocyte,PC,6,0.0,0.0,0.0,0.0,-0.17647058823529416,0.2860262841679041,-0.21562565096873423,0.47261517067530223,0.0,1.0,0.0,0.5078206566764919,0.0671825924295238,0.17793581219410975
true_subtype,GCB,BTC,6,0.0011850135174975756,0.002153376901208353,0.0004381716002579372,0.0007468419172396383,0.32352941176470584,0.2157111732011162,0.019930849041565793,0.018814297231300757,0.8,0.8,0.0,0.45383389686468606,0.01561610681991595,0.03375387562737042
true_subtype,GCB,CRC,8,8.183306055646482e-05,0.0006822168475613631,0.0006221091741285302,-0.0005402761135720654,-0.3984375,0.0859372139251839,-0.04674347088702743,0.1384978868164568,0.4,0.6,0.0,0.25312415737963256,0.01561610681991595,0.03375387562737042
true_subtype,GCB,GC,7,0.0005583472920156337,0.0002638370027621213,0.0004387408138642097,0.00011960647815142402,-0.012987012987012991,0.9714439379800344,-0.18757060790982538,0.12349124736063624,0.0,1.0,0.0,0.9929083217008913,0.01561610681991595,0.03375387562737042
true_subtype,GCB,HCC,7,0.0002893099956603501,0.0003588819993144537,0.0005583472920156337,-0.00026903729635528365,-0.24675324675324672,0.31618612793892453,-0.03037480266670315,0.03752041774811639,0.2,0.8,0.0,0.5416784706261722,0.01561610681991595,0.03375387562737042
true_subtype,GCB,Normal,6,0.027395463780320213,0.01448642069289472,0.0004180164842714711,0.026977447296048743,1.0,0.0001104490166316889,0.4630455672594414,0.35260105465720626,1.0,1.0,0.2,0.00144379143360771,0.01561610681991595,0.03375387562737042
true_subtype,GCB,PC,6,7.256894049346879e-05,0.00022486883031713924,0.0006221091741285302,-0.0005495402336350614,-0.5294117647058824,0.04155391725793396,-0.11787583254724018,0.4366538841797291,0.0,1.0,0.0,0.15655196734384422,0.01561610681991595,0.03375387562737042
true_subtype,Memory B-1,BTC,6,0.09632398545130004,0.09249746988438988,0.042862445438089494,0.053461540013210546,0.37254901960784315,0.15931981721455404,2.6127529986344604,2.1324481486980646,1.0,1.0,1.0,0.37405522302547467,0.5844247382854277,0.2590117757640469
true_subtype,Memory B-1,CRC,8,0.02785495695667628,0.01504765034193501,0.051586831418476274,-0.023731874461799994,-0.734375,0.0007709283251078917,-0.893696847188981,3.0853610326065426,0.2,0.8,0.8,0.006167803069043104,0.5844247382854277,0.2590117757640469
true_subtype,Memory B-1,GC,7,0.05067001675041876,0.04357044991810548,0.043491881167441133,0.007178135582977627,0.18614718614718617,0.4631928665984394,-0.2806755732978503,1.565658235114368,0.4,0.6,0.4,0.6821567671722472,0.5844247382854277,0.2590117757640469
true_subtype,Memory B-1,HCC,7,0.040952778938570834,0.01896759114547126,0.05067001675041876,-0.009717237811847926,-0.2987012987012987,0.23182707594472302,-1.5361483888649938,1.6361235606978655,0.0,1.0,0.8,0.4688409594546239,0.5844247382854277,0.2590117757640469
true_subtype,Memory B-1,Normal,6,0.06267632959603137,0.010003870003430428,0.04099622531059868,0.021680104285432683,0.37254901960784315,0.15931981721455404,0.05309648476162639,0.058430696568076375,0.6,0.6,0.0,0.37405522302547467,0.5844247382854277,0.2590117757640469
true_subtype,Memory B-1,PC,6,0.06267442495073512,0.08960807534309898,0.04412127798960208,0.01855314696113304,0.303921568627451,0.25519516045831836,0.6763638691892998,0.9568375826574274,0.8,0.8,0.6,0.4863719528735009,0.5844247382854277,0.2590117757640469
true_subtype,Memory B-2,BTC,6,0.0005101935721182583,0.0010831239202953463,0.0005106474723178233,-4.5390019956504084e-07,-0.0980392156862745,0.7182586329112026,-0.2664236970965779,1.598945506292475,0.0,1.0,0.4,0.8604458541409119,0.3853184256902024,0.6503486591808884
true_subtype,Memory B-2,CRC,8,0.00023250078275175465,0.0017267140236605788,0.0005337383781768214,-0.00030123759542506677,-0.2578125,0.27054526813506297,-0.21346930612334322,0.1353407339461607,0.2,0.8,0.0,0.49804924361227504,0.3853184256902024,0.6503486591808884
true_subtype,Memory B-2,GC,7,0.0004098360655737705,0.0006005641683519207,0.0005184033177812338,-0.00010856725220746331,-0.07359307359307354,0.775250870607767,-0.17594083316872905,0.14362343018487683,0.2,0.8,0.0,0.8843376592126295,0.3853184256902024,0.6503486591808884
true_subtype,Memory B-2,HCC,7,0.00014247043738424277,0.0002077528950446724,0.0005632442870936595,-0.0004207738497094167,-0.4458874458874459,0.06873652003596258,-0.23569891075405597,0.23652841776091055,0.0,1.0,0.0,0.22240085661138298,0.3853184256902024,0.6503486591808884
true_subtype,Memory B-2,Normal,6,0.01598797479249587,0.006096126659174209,0.00042262485426729164,0.015565349938228577,1.0,0.00011585980640061869,0.659634739320964,0.5338638020055021,1.0,1.0,1.0,0.00144379143360771,0.3853184256902024,0.6503486591808884
true_subtype,Memory B-2,PC,6,0.0005106474723178233,0.0005807507360842737,0.0005031081478576331,7.539324460190252e-06,0.009803921568627416,0.9848500457630432,0.4043239498338191,1.835068186041388,0.8,0.8,0.4,0.9929083217008913,0.3853184256902024,0.6503486591808884
true_subtype,Naive T,BTC,6,0.014801502384218434,0.004237663795010001,0.009847886264407413,0.0049536161198110214,0.16666666666666674,0.5414289361657783,0.002204628396220079,0.06875428941406181,0.6,0.6,0.0,0.7248883277591411,0.0834120967312351,0.16047711143086954
true_subtype,Naive T,CRC,8,0.010486202086556134,0.012534091209160898,0.013044357960144099,-0.0025581558735879653,-0.1015625,0.678356721700375,-0.10109162952882872,0.14207525000496307,0.4,0.6,0.0,0.8561150470226566,0.0834120967312351,0.16047711143086954
true_subtype,Naive T,GC,7,0.013729462075174432,0.006837018431706276,0.011198672749896308,0.002530789325278124,-0.09090909090909094,0.7276492257916408,-0.0710887761479901,0.44146202787350863,0.2,0.8,0.2,0.8604458541409119,0.0834120967312351,0.16047711143086954
true_subtype,Naive T,HCC,7,0.008497005153921159,0.004888561563378347,0.01314586191129401,-0.004648856757372852,-0.2727272727272727,0.2765281952588454,-0.38491646260090123,0.2824702726545022,0.0,1.0,0.0,0.5033434565385726,0.0834120967312351,0.16047711143086954
true_subtype,Naive T,Normal,6,0.13193756247238714,0.018373679327138223,0.009538613260011299,0.12239894921237585,1.0,5.210531526321e-07,0.680351645596756,0.40953433746369133,1.0,1.0,1.0,8.44106107264002e-05,0.0834120967312351,0.16047711143086954
true_subtype,Naive T,PC,6,0.007242555406761349,0.001677392082808941,0.013489606375954505,-0.006247050969193156,-0.6274509803921569,0.013246213246213244,-0.07533816075815047,0.1669137601896946,0.2,0.8,0.0,0.06502686502686503,0.0834120967312351,0.16047711143086954
true_subtype,Plasma,BTC,6,0.00444667736835212,0.002986898218502354,0.005002111022780408,-0.0005554336544282877,-0.039215686274509776,0.8972337288126762,-0.060950937995682214,0.15540298269461816,0.4,0.6,0.2,0.9317427183823944,-0.026220499117868567,0.3100845375312345
true_subtype,Plasma,CRC,8,0.007938468308278719,0.0052763267721158405,0.00406898461213245,0.003869483696146269,0.1640625,0.4956045525704968,-0.2579702708850622,0.19881111034748203,0.2,0.8,0.0,0.7017235865830351,-0.026220499117868567,0.3100845375312345
true_subtype,Plasma,GC,7,0.011928876884987621,0.009916690857585883,0.003878042257288045,0.008050834627699576,0.33333333333333326,0.18022963425440208,0.022897085285387635,0.25826744762710085,0.6,0.6,0.0,0.3999616540988101,-0.026220499117868567,0.3100845375312345
true_subtype,Plasma,HCC,7,0.001671541997492687,0.006473778632770559,0.006095791001451379,-0.004424249003958692,-0.37662337662337664,0.12789896350267868,0.5641889781029308,0.7158931963856393,0.8,0.8,0.6,0.3237442513661554,-0.026220499117868567,0.3100845375312345
true_subtype,Plasma,Normal,6,0.0017832230715210304,0.001062702274012626,0.007176782446048953,-0.005393559374527922,-0.6176470588235294,0.014975588659799184,-0.15712386671743098,0.14172380439819143,0.0,1.0,0.0,0.06931558179678479,-0.026220499117868567,0.3100845375312345
true_subtype,Plasma,PC,6,0.013992144249228285,0.011253630112797949,0.0038932366506987406,0.010098907598529544,0.5,0.05423954897639109,-0.5180445773853193,1.3615646482160924,0.0,1.0,0.6,0.19184302355321445,-0.026220499117868567,0.3100845375312345
true_subtype,Tcm,BTC,6,0.0005843259368751388,0.00045174092333660136,0.00041733396946985903,0.00016699196740527976,0.22549019607843146,0.39385437242028254,0.015234020164203417,0.473656560659739,0.6,0.6,0.0,0.6194602750687939,1.1333280242356014,2.5752363905143487
true_subtype,Tcm,CRC,8,0.00013587085419476506,0.0031765518718115332,0.0004507706432602881,-0.00031489978906552304,-0.31640625,0.17601113844463978,0.3112998997362535,0.2789800277271287,0.8,0.8,0.2,0.3960250615004395,1.1333280242356014,2.5752363905143487
true_subtype,Tcm,GC,7,0.0006830601092896175,0.0002641515341796437,0.000361271676300578,0.00032178843298903947,0.47186147186147176,0.05447394495955472,-0.11872584410206499,1.1552444472555776,0.0,1.0,0.0,0.19184302355321445,1.1333280242356014,2.5752363905143487
true_subtype,Tcm,HCC,7,0.0004167824395665463,0.00035312574300337246,0.0004187604690117253,-1.9780294451790157e-06,-0.11688311688311692,0.6433958002677804,-0.11935332149373264,0.03203244541545722,0.2,0.8,0.0,0.8347236990605411,1.1333280242356014,2.5752363905143487
true_subtype,Tcm,Normal,6,0.0003372692637233063,0.0001000173491948468,0.0004928362221816319,-0.0001555669584583256,-0.16666666666666663,0.5317903122876457,-0.12084395529339031,0.08850897540757866,0.2,0.8,0.0,0.7248883277591411,1.1333280242356014,2.5752363905143487
true_subtype,Tcm,PC,6,0.000396583694414144,0.00029627061138531836,0.0004183229841924485,-2.173928977830449e-05,-0.06372549019607843,0.8201338078915772,0.010846534464474259,0.579282506850335,0.6,0.6,0.0,0.8884967095493411,1.1333280242356014,2.5752363905143487
true_subtype,cDC2,BTC,6,0.0203620972450422,0.010804115850796155,0.01977760804513233,0.0005844891999098704,0.009803921568627416,0.9852771221192272,0.3435105250743575,0.860515071286519,0.6,0.6,0.2,0.9929083217008913,0.29522173879926045,0.38633658423225997
true_subtype,cDC2,CRC,8,0.02423609621448907,0.02030685580945535,0.01977760804513233,0.0044584881693567405,0.1640625,0.4956045525704968,0.6078653679583559,1.3753574407075932,1.0,1.0,0.8,0.7017235865830351,0.29522173879926045,0.38633658423225997
true_subtype,cDC2,GC,7,0.028688524590163935,0.009403132378762391,0.016114285714285713,0.012574238875878222,0.5151515151515151,0.03356065043371545,-2.1539476469449146,2.4830435622200246,0.0,1.0,1.0,0.13592063425654757,0.29522173879926045,0.38633658423225997
true_subtype,cDC2,HCC,7,0.009585996110030564,0.0087395305365615,0.021480406386066762,-0.011894410276036198,-0.6883116883116883,0.0032030363299713144,-0.3921438663572892,1.382714621434011,0.2,0.8,0.2,0.019957380209821265,0.29522173879926045,0.38633658423225997
true_subtype,cDC2,Normal,6,0.013058948062658116,0.0009943239578413306,0.0215998282501893,-0.008540880187531186,-0.5588235294117647,0.029676582308161253,0.024215175330553722,0.09395263461755345,0.6,0.6,0.0,0.12993530632221953,0.29522173879926045,0.38633658423225997
true_subtype,cDC2,PC,6,0.03691957074098569,0.044707954392625746,0.016946909747699947,0.01997266099328574,0.5392156862745099,0.03658939448413133,1.8011078788010801,1.4917882213612557,0.8,0.8,0.4,0.1411305215816494,0.29522173879926045,0.38633658423225997
true_subtype,pDC,BTC,6,0.009899146035240999,0.005909217917071174,0.005428932221616558,0.004470213813624441,0.05882352941176472,0.8391357812410444,0.030206632946912816,1.1497569368968616,0.6,0.6,0.6,0.8884967095493411,0.5767844419175312,0.6574991571093235
true_subtype,pDC,CRC,8,0.007675243305046647,0.0066926287695423725,0.0050941800601212416,0.0025810632449254052,0.21875,0.3594742504959223,0.7275030360826772,0.6362065006527139,1.0,1.0,0.0,0.5765824611914793,0.5767844419175312,0.6574991571093235
true_subtype,pDC,GC,7,0.01366120218579235,0.0045061820176476135,0.004895143794848973,0.008766058390943375,0.6796536796536796,0.0036878149881245854,2.7222206949432484,1.9143283211104283,1.0,1.0,0.8,0.022126889928747513,0.5767844419175312,0.6574991571093235
true_subtype,pDC,HCC,7,0.0015671748112266704,0.002476650829293534,0.009284867641248518,-0.007717692830021848,-0.7316017316017316,0.0015079737989954708,-1.3191414536069372,1.0986604333065213,0.0,1.0,0.8,0.010178823143219428,0.5767844419175312,0.6574991571093235
true_subtype,pDC,Normal,6,0.003138656573415882,0.0005422138889022254,0.00876864741285727,-0.005629990839441388,-0.5980392156862745,0.018994992679203203,-0.24548709022093132,0.1821155965959541,0.0,1.0,0.0,0.0854774670564144,0.5767844419175312,0.6574991571093235
true_subtype,pDC,PC,6,0.00956888412924317,0.006774061953294608,0.005428932221616558,0.004139951907626612,0.32352941176470584,0.22461871935556146,-0.20504880560994582,1.4199903474118365,0.2,0.8,0.2,0.46061053842532856,0.5767844419175312,0.6574991571093235
true_subtype,platelet,BTC,6,0.0007017180392932264,0.0009970327245589126,0.0018593127720663146,-0.0011575947327730884,-0.48039215686274506,0.06618706555888368,-0.5935991000332715,0.4529603856209592,0.0,1.0,0.2,0.22240085661138298,0.11574046324733778,0.15957412176983202
true_subtype,platelet,CRC,8,0.0019600705436547184,0.001964698297828537,0.001565985871949653,0.0003940846717050653,0.0546875,0.8260329300389719,0.41469947068659424,1.0833534113742345,1.0,1.0,0.4,0.8884967095493411,0.11574046324733778,0.15957412176983202
true_subtype,platelet,GC,7,0.0015354550530429928,0.0011859558992030252,0.0017779533781114183,-0.00024249832506842558,-0.07359307359307354,0.7758159225310278,-0.7616300402046374,0.5258587728375135,0.0,1.0,0.2,0.8843376592126295,0.11574046324733778,0.15957412176983202
true_subtype,platelet,HCC,7,0.001417434443656981,0.0011424002294329852,0.0017779533781114183,-0.00036051893445443743,-0.2770562770562771,0.26215819966547593,-0.17203566743180945,0.12567371376489941,0.0,1.0,0.0,0.4881566476529552,0.11574046324733778,0.15957412176983202
true_subtype,platelet,Normal,6,0.007518054953032491,0.0056898833640622,0.0014967961349998892,0.0060212588180326015,0.9803921568627452,0.00016389761428708645,0.4152300756600574,0.12923492484604604,1.0,1.0,0.4,0.0018965295367505718,0.11574046324733778,0.15957412176983202
true_subtype,platelet,PC,6,0.0013166616632093904,0.0019132111260735218,0.0017920053081165593,-0.00047534364490716893,-0.17156862745098034,0.5196071304217891,0.18153168958401722,0.6953893695936539,0.6,0.6,0.2,0.7248883277591411,0.11574046324733778,0.15957412176983202
pred_soft_subtype,Atypical Memory B,BTC,6,0.00035238974703841815,0.00015059795720496864,0.0002997419724034576,5.264777463496057e-05,0.009803921568627416,0.9852771221192272,-0.33798121663120445,1.0179686062951867,0.2,0.8,0.4,0.9867792579866882,0.20059226660938845,0.22275520352733597
pred_soft_subtype,Atypical Memory B,CRC,8,0.00011869469366378234,9.296850891545155e-05,0.00040440175301642984,-0.00028570705935264753,-0.5625,0.013467710062137307,-0.33315727490497143,0.15812777549867207,0.0,1.0,0.0,0.05454422575165609,0.20059226660938845,0.22275520352733597
pred_soft_subtype,Atypical Memory B,GC,7,0.00036127648477208223,0.0003957196244074845,0.0003154214131915345,4.5855071580547723e-05,-0.21212121212121215,0.4012258388419379,-0.470947170920064,0.352755144779576,0.0,1.0,0.0,0.6914743180041909,0.20059226660938845,0.22275520352733597
pred_soft_subtype,Atypical Memory B,HCC,7,0.00014173606566539703,5.299400634435882e-05,0.00041944542514755795,-0.00027770935948216095,-0.35930735930735935,0.14727991864214776,-0.017699887735632344,0.09116965930388538,0.4,0.6,0.0,0.34578763507286864,0.20059226660938845,0.22275520352733597
pred_soft_subtype,Atypical Memory B,Normal,6,0.0017467754859671744,0.0029319329597312202,0.00020736396049483253,0.001539411525472342,0.9019607843137254,6.51316440790125e-05,0.31892787636284525,0.3547671857560895,1.0,1.0,0.0,0.0005275663170400013,0.20059226660938845,0.22275520352733597
pred_soft_subtype,Atypical Memory B,PC,6,0.0007938818067779174,0.00047277699746593,0.00028417239006476344,0.000509709416713154,0.4411764705882353,0.09242492926703455,0.7647946168472389,0.7255582489427175,1.0,1.0,0.6,0.24954730902099329,0.20059226660938845,0.22275520352733597
pred_soft_subtype,CD14 Monocyte-1,BTC,6,0.05496071329346776,0.0400733357583742,0.06816685657837204,-0.013206143284904284,-0.11764705882352944,0.670892407734513,0.04893643156752793,0.3326118710683956,0.6,0.6,0.0,0.8758715481077949,0.13773726378560697,0.3214330913182212
pred_soft_subtype,CD14 Monocyte-1,CRC,8,0.04849195612910982,0.02934055631887606,0.08066936246870676,-0.03217740633959694,-0.2890625,0.22187371289538474,-0.758636221428783,0.15922210546106663,0.0,1.0,0.2,0.45498153783610545,0.13773726378560697,0.3214330913182212
pred_soft_subtype,CD14 Monocyte-1,GC,7,0.15161275723364465,0.1223801295726204,0.05838088681075523,0.09323187042288941,0.16883116883116878,0.5071700898326286,0.2581356929288069,0.8625076833148296,0.8,0.8,0.2,0.7828129594976618,0.13773726378560697,0.3214330913182212
pred_soft_subtype,CD14 Monocyte-1,HCC,7,0.10941598084920637,0.0824902911740894,0.05730789813578378,0.052108082713422585,0.20346320346320357,0.4213327282986726,0.6704634036972428,0.6554419434419498,1.0,1.0,0.0,0.7028371982185087,0.13773726378560697,0.3214330913182212
pred_soft_subtype,CD14 Monocyte-1,Normal,6,0.057263492878345076,0.028968573617166794,0.06816685657837204,-0.010903363700026966,-0.0980392156862745,0.725691567796831,-0.08843728721763186,0.10936884335010283,0.0,1.0,0.0,0.8863239249421424,0.13773726378560697,0.3214330913182212
pred_soft_subtype,CD14 Monocyte-1,PC,6,0.1072188374591263,0.10903214175312803,0.0578443924732695,0.0493744449858568,0.15686274509803932,0.5663571610940031,-0.5793928035153595,1.2314332708919373,0.0,1.0,0.0,0.804823334186215,0.13773726378560697,0.3214330913182212
pred_soft_subtype,CD14 Monocyte-2,BTC,6,0.006276086403849916,0.00554160200961723,0.00980008944433617,-0.0035240030404862536,-0.039215686274509776,0.8972337288126762,0.15550940292512863,0.4454883083280049,0.6,0.6,0.0,0.937753961726797,0.0771946043603802,0.15051720129127846
pred_soft_subtype,CD14 Monocyte-2,CRC,8,0.0054997083349578695,0.005691038733292155,0.009853569649874112,-0.004353861314916243,-0.03125,0.9076545856731615,-0.24067973538184426,0.23807913949662848,0.0,1.0,0.2,0.9425643774298215,0.0771946043603802,0.15051720129127846
pred_soft_subtype,CD14 Monocyte-2,GC,7,0.012574334860790546,0.02245610381577874,0.006468723015364357,0.006105611845426189,0.24675324675324672,0.32648367586448085,-0.1513701436321339,1.4924457587747586,0.4,0.6,0.2,0.6079351205752402,0.0771946043603802,0.15051720129127846
pred_soft_subtype,CD14 Monocyte-2,HCC,7,0.01193135497011366,0.0086449117844906,0.006468723015364357,0.005462631954749302,0.22943722943722933,0.36270465511951583,0.15983401609946374,0.5694216681802065,0.6,0.6,0.0,0.6456940014215556,0.0771946043603802,0.15051720129127846
pred_soft_subtype,CD14 Monocyte-2,Normal,6,0.0011190691824684075,0.0007761013153402125,0.01066225946859215,-0.009543190286123743,-0.9313725490196079,2.2926338715812404e-05,-0.2744163761416616,0.20861298574357412,0.0,1.0,0.0,0.00024760445813077394,0.0771946043603802,0.15051720129127846
pred_soft_subtype,CD14 Monocyte-2,PC,6,0.013462991679554889,0.005207693628764751,0.0054997083349578695,0.00796328334459702,0.47058823529411775,0.07138792928266614,1.042497644528802,0.8010431149467281,1.0,1.0,0.2,0.20651508113914135,0.0771946043603802,0.15051720129127846
pred_soft_subtype,CD14 Monocyte-3,BTC,6,0.00022231778348512073,0.00015830187190536373,0.000438062809654121,-0.00021574502616900028,-0.5196078431372548,0.04473032894085526,-0.022439406114722223,0.011706612815910216,0.0,1.0,0.0,0.1420845742827167,0.019890591546169473,0.04072671560520046
pred_soft_subtype,CD14 Monocyte-3,CRC,8,0.0003775750983236986,0.0016092307328726982,0.0003153322383624023,6.22428599612963e-05,0.0859375,0.7276610001068206,-0.04277886161549993,0.34307909693196825,0.4,0.6,0.0,0.8863239249421424,0.019890591546169473,0.04072671560520046
pred_soft_subtype,CD14 Monocyte-3,GC,7,0.0002521620565470665,0.0002238978115257795,0.0004155045792970668,-0.00016334252275000026,-0.3073593073593074,0.21808184702921546,-0.19936941490841759,0.1703389440358452,0.0,1.0,0.0,0.45498153783610545,0.019890591546169473,0.04072671560520046
pred_soft_subtype,CD14 Monocyte-3,HCC,7,0.0004606210400111752,0.00021458539560823963,0.00030773596370786406,0.00015288507630331112,0.05627705627705626,0.8345801982024893,-0.003964748878339929,0.06237166236752724,0.4,0.6,0.0,0.937753961726797,0.019890591546169473,0.04072671560520046
pred_soft_subtype,CD14 Monocyte-3,Normal,6,0.020552410698844347,0.018459400314667182,0.0003000558184506261,0.02025235488039372,1.0,5.210531526321e-07,0.508939602098883,0.35835609433153226,1.0,1.0,0.4,1.688212214528004e-05,0.019890591546169473,0.04072671560520046
pred_soft_subtype,CD14 Monocyte-3,PC,6,0.0002697243035177564,0.00019609347329273857,0.0003775750983236986,-0.00010785079480594219,-0.303921568627451,0.25519516045831836,-0.11661206808075247,0.373981656724585,0.0,1.0,0.0,0.5103903209166367,0.019890591546169473,0.04072671560520046
pred_soft_subtype,CD16 Monocyte-1,BTC,6,0.03820979488128663,0.009160303402430653,0.051373153214493844,-0.013163358333207212,-0.43137254901960786,0.1003907898644741,-1.7974804280703962,1.3496800899357742,0.0,1.0,1.0,0.26346620495227313,0.35817491730728473,0.32260660309279826
pred_soft_subtype,CD16 Monocyte-1,CRC,8,0.05133217552634269,0.02847237015747224,0.044651862042943025,0.006680313483399668,-0.0546875,0.8293994572632343,0.5941551591616349,0.7202781212093909,0.8,0.8,0.4,0.937753961726797,0.35817491730728473,0.32260660309279826
pred_soft_subtype,CD16 Monocyte-1,GC,7,0.07434071957395529,0.04012601780638578,0.04428503921612885,0.030055680357826436,0.4458874458874458,0.06881260875068924,0.23803002198712847,1.1080117127476474,0.8,0.8,0.2,0.20268441122930286,0.35817491730728473,0.32260660309279826
pred_soft_subtype,CD16 Monocyte-1,HCC,7,0.06079712128620641,0.014712628555658122,0.04331284674407781,0.0174842745421286,0.35064935064935066,0.1577345742980418,0.0219952336674381,0.1329242082006621,0.8,0.8,0.0,0.3650428719468968,0.35817491730728473,0.32260660309279826
pred_soft_subtype,CD16 Monocyte-1,Normal,6,0.018566855714038065,0.022465326764125534,0.04910805460820468,-0.030541198894166614,-0.607843137254902,0.016889416889416888,-0.24985810664252575,0.1808629944959976,0.0,1.0,0.0,0.06673379356306186,0.35817491730728473,0.32260660309279826
pred_soft_subtype,CD16 Monocyte-1,PC,6,0.06448937944730099,0.05334174824518706,0.04585756354692584,0.018631815900375145,0.2058823529411764,0.4472470156680683,0.42382654893291993,1.7200948966228027,0.6,0.6,0.2,0.7318587529113845,0.35817491730728473,0.32260660309279826
pred_soft_subtype,CD16 Monocyte-2,BTC,6,0.00522576255083514,0.0028916322290130324,0.010695687019183692,-0.005469924468348552,-0.5490196078431373,0.03299048035890141,-0.13608540063456065,0.3180869429788013,0.0,1.0,0.0,0.11326719521378964,-0.018477909796621318,0.025050257110860084
pred_soft_subtype,CD16 Monocyte-2,CRC,8,0.005115061572436625,0.009909065720891013,0.010333047933486956,-0.005217986361050331,-0.3203125,0.17425775815868697,0.10264508469067658,1.022529359967911,0.6,0.6,0.0,0.39760220875644064,-0.018477909796621318,0.025050257110860084
pred_soft_subtype,CD16 Monocyte-2,GC,7,0.00869723293225339,0.00552231148463127,0.009983237897046691,-0.0012860049647933011,0.05627705627705626,0.8345801982024893,0.05141912693616276,0.499121396564848,0.6,0.6,0.0,0.937753961726797,-0.018477909796621318,0.025050257110860084
pred_soft_subtype,CD16 Monocyte-2,HCC,7,0.012611753168532837,0.00616767398331429,0.008037852160761865,0.004573901007770971,0.22943722943722933,0.36270465511951583,0.19480696020675425,0.9828737858721943,1.0,1.0,0.2,0.6456940014215556,-0.018477909796621318,0.025050257110860084
pred_soft_subtype,CD16 Monocyte-2,Normal,6,0.02423778744518577,0.025800797242358273,0.0074967395259077935,0.016741047919277975,0.803921568627451,0.0007883534199323674,-0.018999821894857247,0.06214967099318601,0.4,0.6,0.0,0.00510853016116174,-0.018477909796621318,0.025050257110860084
pred_soft_subtype,CD16 Monocyte-2,PC,6,0.00638307514683662,0.004085005540090635,0.010345876982743425,-0.003962801835906805,-0.17647058823529416,0.5170431275694434,-0.16677337489216978,0.3323355627977783,0.0,1.0,0.0,0.7828129594976618,-0.018477909796621318,0.025050257110860084
pred_soft_subtype,CD16 NK,BTC,6,0.21937453113665425,0.03130164273397379,0.17562332733457853,0.04375120380207573,0.18627450980392157,0.49319713003923527,-0.29533826062966084,1.071386226222879,0.4,0.6,0.0,0.7828129594976618,0.19207623357775255,0.28300848280352786
pred_soft_subtype,CD16 NK,CRC,8,0.19748935808400828,0.16181211982034763,0.1883062434324133,0.009183114651594965,0.09375,0.7028598842840329,0.03937793996885505,0.07817477371339726,0.8,0.8,0.0,0.8758715481077949,0.19207623357775255,0.28300848280352786
pred_soft_subtype,CD16 NK,GC,7,0.16502806907569292,0.047691747099875836,0.2038104497961143,-0.03878238072042137,-0.09956709956709953,0.7016064528448431,-0.13917535706566328,0.3932791119667041,0.2,0.8,0.2,0.8758715481077949,0.19207623357775255,0.28300848280352786
pred_soft_subtype,CD16 NK,HCC,7,0.29237163822846374,0.07403428935811177,0.16502806907569292,0.1273435691527708,0.774891774891775,0.0006456921317602432,1.5127027438911793,1.1230677516667127,1.0,1.0,1.0,0.0045479184932678005,0.19207623357775255,0.28300848280352786
pred_soft_subtype,CD16 NK,Normal,6,0.0333390818932231,0.022912307073398024,0.21815264452422847,-0.18481356263100537,-0.9607843137254902,6.2526378315852004e-06,-0.4558147805638133,0.2475545217304928,0.0,1.0,0.0,0.00012661591608960032,0.19207623357775255,0.28300848280352786
pred_soft_subtype,CD16 NK,PC,6,0.17343844762400507,0.03533086688994316,0.20968967779981884,-0.036251230175813776,-0.10784313725490191,0.6980991980991981,-0.24736223673843127,0.4422826557206804,0.2,0.8,0.4,0.8758715481077949,0.19207623357775255,0.28300848280352786
pred_soft_subtype,CD4 + Tcm-1,BTC,6,0.2897406907758858,0.060015344159796924,0.25725376083217344,0.032486929943712384,0.21568627450980382,0.425173119909962,0.18856313318191845,1.2475558568543796,0.6,0.6,0.2,0.7028371982185087,-0.09508913328715915,0.253071191279674
pred_soft_subtype,CD4 + Tcm-1,CRC,8,0.3286172290003488,0.2258896634738554,0.2620226022044376,0.06659462679591116,0.2109375,0.3774022349873743,0.09549187489307157,1.3907331473163294,0.6,0.6,0.4,0.6645561094342896,-0.09508913328715915,0.253071191279674
pred_soft_subtype,CD4 + Tcm-1,GC,7,0.27524215514163125,0.08043206927515037,0.26004896416107115,0.0151931909805601,0.2813852813852813,0.2610460663092242,0.09625041031983222,0.23768444243547102,0.6,0.6,0.2,0.5157251553913942,-0.09508913328715915,0.253071191279674
pred_soft_subtype,CD4 + Tcm-1,HCC,7,0.23975145743958629,0.037489076604623806,0.27229370877801673,-0.032542251338430445,-0.02164502164502169,0.9445199307428409,-0.29099814792302847,1.6011183178688346,0.0,1.0,0.4,0.9684318277236723,-0.09508913328715915,0.253071191279674
pred_soft_subtype,CD4 + Tcm-1,Normal,6,0.04253442609507471,0.007229187794619049,0.27285357557978823,-0.23031914948471352,-0.9509803921568627,9.900009900009901e-06,-0.5123163963955064,0.3176256118217116,0.0,1.0,0.2,0.00017820017820017821,-0.09508913328715915,0.253071191279674
pred_soft_subtype,CD4 + Tcm-1,PC,6,0.27285357557978823,0.035967083125378496,0.25528012278880696,0.01757345279098127,0.17647058823529416,0.5170431275694434,0.538054134743188,0.7097751429563459,0.8,0.8,0.0,0.7828129594976618,-0.09508913328715915,0.253071191279674
pred_soft_subtype,CD4 + Tcm-2,BTC,6,0.011336870762843723,0.003065239012668577,0.007670231321702569,0.003666639441141154,0.3529411764705883,0.1835748414695783,0.03262855698212352,0.36830108561122155,1.0,1.0,0.0,0.40738526463111896,0.10307440685598905,0.17607786783320942
pred_soft_subtype,CD4 + Tcm-2,CRC,8,0.010642673294274149,0.02069850449234308,0.007977877994980346,0.0026647952992938026,0.15625,0.5169908179196104,0.16416667579927396,0.14478152535045125,0.8,0.8,0.0,0.7828129594976618,0.10307440685598905,0.17607786783320942
pred_soft_subtype,CD4 + Tcm-2,GC,7,0.007405213918381344,0.0017158120104239574,0.0091712002435963,-0.0017659863252149563,-0.4372294372294372,0.07473529733591652,-0.11934062705996976,0.643568025185922,0.2,0.8,0.0,0.21240558190207856,0.10307440685598905,0.17607786783320942
pred_soft_subtype,CD4 + Tcm-2,HCC,7,0.006700065596789344,0.0016180292469520664,0.009575922538974062,-0.002875856942184718,-0.6103896103896104,0.010325603050061253,-0.21121702118989213,0.07436785558746495,0.0,1.0,0.0,0.042890966515639055,0.10307440685598905,0.17607786783320942
pred_soft_subtype,CD4 + Tcm-2,Normal,6,0.11868997970663056,0.009587541131333574,0.007670231321702569,0.111019748384928,0.9411764705882353,1.5631594578963003e-05,0.5631462335723731,0.46475454206530664,1.0,1.0,0.4,0.0001947937170609236,0.10307440685598905,0.17607786783320942
pred_soft_subtype,CD4 + Tcm-2,PC,6,0.007090326562330502,0.0014566352447050743,0.008817223444373676,-0.001726896882043174,-0.303921568627451,0.25519516045831836,-0.16373091192752695,0.7367792568623684,0.2,0.8,0.0,0.5103903209166367,0.10307440685598905,0.17607786783320942
pred_soft_subtype,CD4 Monocyte-4,BTC,6,0.0004840867153916164,0.00021808759126120617,0.0012380168633046294,-0.000753930147913013,-0.7254901960784313,0.0032742980111401163,-0.31654983584630314,0.9752442210809957,0.0,1.0,0.2,0.01829090613119651,0.0768330589973763,0.11618748177970228
pred_soft_subtype,CD4 Monocyte-4,CRC,8,0.0010388535369895806,0.0004044130870025982,0.0011740893851185756,-0.00013523584812899503,0.0234375,0.9339684051758355,1.1062699296584273,1.3978648464981873,1.0,1.0,0.6,0.9637126219011805,0.0768330589973763,0.11618748177970228
pred_soft_subtype,CD4 Monocyte-4,GC,7,0.0013680533717495837,0.001604314718529142,0.001148900516205454,0.0002191528555441297,0.03896103896103886,0.8892959284600152,0.017139711252284924,1.6235116580420554,0.6,0.6,0.2,0.937753961726797,0.0768330589973763,0.11618748177970228
pred_soft_subtype,CD4 Monocyte-4,HCC,7,0.0007363574621044349,0.00038876739016063854,0.0011790522900826184,-0.0004426948279781835,-0.3073593073593074,0.21808184702921546,-0.21473867110692246,0.7266930200559163,0.2,0.8,0.0,0.45498153783610545,0.0768330589973763,0.11618748177970228
pred_soft_subtype,CD4 Monocyte-4,Normal,6,0.005341897714360693,0.001683360052546485,0.0009654947075091768,0.004376403006851516,0.9215686274509804,3.334740176845441e-05,0.2455742348083229,0.18791292046587474,1.0,1.0,0.0,0.00030001046784491463,0.0768330589973763,0.11618748177970228
pred_soft_subtype,CD4 Monocyte-4,PC,6,0.001329192447362593,0.0004050680020867229,0.0010755416867250503,0.00025365076063754276,0.07843137254901955,0.7818610976505713,-0.16055289759526625,0.881599224530685,0.4,0.6,0.2,0.9245364804335223,0.0768330589973763,0.11618748177970228
pred_soft_subtype,CD56 NK,BTC,6,0.033211782260402306,0.006648728918056408,0.022422504702595807,0.010789277557806499,0.3529411764705883,0.1835748414695783,0.0975913606090588,0.8317187344904509,0.8,0.8,0.0,0.40738526463111896,0.1321699034512768,0.16787171321400857
pred_soft_subtype,CD56 NK,CRC,8,0.019396515522845936,0.06037708042808218,0.027352951203659197,-0.007956435680813261,-0.0390625,0.8814355068225037,-0.15987933078885103,0.4411408613957763,0.4,0.6,0.0,0.937753961726797,0.1321699034512768,0.16787171321400857
pred_soft_subtype,CD56 NK,GC,7,0.01240977818925366,0.0029096503387626045,0.027400363519837618,-0.014990585330583958,-0.7575757575757576,0.0009183868316995252,-0.6322856101939865,0.4833528915801187,0.0,1.0,0.2,0.005722256412897041,0.1321699034512768,0.16787171321400857
pred_soft_subtype,CD56 NK,HCC,7,0.027305538887480777,0.0029533969337526937,0.02191359194181604,0.005391946945664736,0.10822510822510822,0.6758943034484832,-0.01843315483352833,0.0287415708334584,0.4,0.6,0.0,0.8758715481077949,0.1321699034512768,0.16787171321400857
pred_soft_subtype,CD56 NK,Normal,6,0.243017058842001,0.1656040738280658,0.02192915787808574,0.22108790096391526,0.9215686274509804,3.334740176845441e-05,0.5103090152715628,0.46356144089593576,1.0,1.0,0.4,0.00030001046784491463,0.1321699034512768,0.16787171321400857
pred_soft_subtype,CD56 NK,PC,6,0.014592591354943603,0.006850222974323044,0.027352951203659197,-0.012760359848715595,-0.4901960784313726,0.059554812186391144,-0.16718893374137947,0.21060786117633198,0.2,0.8,0.0,0.1786644365591734,0.1321699034512768,0.16787171321400857
pred_soft_subtype,CD8 + CTL-1,BTC,6,0.002197635122718441,0.00017816067687609046,0.002614086457320107,-0.0004164513346016658,-0.0490196078431373,0.868093831251726,-0.10735948430698615,0.12299640432501859,0.0,1.0,0.0,0.937753961726797,0.01874963677473774,0.055628586371918795
pred_soft_subtype,CD8 + CTL-1,CRC,8,0.0035550590288828854,0.00833578392490168,0.0020689460504261497,0.0014861129784567357,0.5,0.029783985201941858,0.08705252301811502,0.11946065506496611,0.8,0.8,0.0,0.10489142614596916,0.01874963677473774,0.055628586371918795
pred_soft_subtype,CD8 + CTL-1,GC,7,0.0018491915338129932,0.001079656485929377,0.0026076156978170613,-0.0007584241640040681,-0.35930735930735935,0.14727991864214776,-0.07700407563250586,0.11718164314676478,0.4,0.6,0.0,0.34578763507286864,0.01874963677473774,0.055628586371918795
pred_soft_subtype,CD8 + CTL-1,HCC,7,0.001595143466258032,0.00033905406679437004,0.0026205572168231522,-0.0010254137505651202,-0.48051948051948057,0.04869338259431139,-0.10192384986262844,0.14570902601241353,0.0,1.0,0.0,0.15071275647243873,0.01874963677473774,0.055628586371918795
pred_soft_subtype,CD8 + CTL-1,Normal,6,0.05327558084649775,0.017660560121073227,0.0021612191361930462,0.0511143617103047,0.9705882352941178,3.6473720684247e-06,0.6108426247597301,0.44245656118193666,1.0,1.0,0.4,9.84790458474669e-05,0.01874963677473774,0.055628586371918795
pred_soft_subtype,CD8 + CTL-1,PC,6,0.0016029260758058874,0.0003726254080893786,0.002614086457320107,-0.0010111603815142196,-0.5980392156862745,0.018994992679203203,-0.38215740404685755,0.37126667127138374,0.0,1.0,0.0,0.07326640033406949,0.01874963677473774,0.055628586371918795
pred_soft_subtype,CD8 + CTL-2,BTC,6,0.0006461581928576935,0.00031611421202132524,0.0006333496921836282,1.2808500674065361e-05,0.0490196078431373,0.868093831251726,0.002761011398585559,0.0364261499320535,0.6,0.6,0.0,0.937753961726797,0.025637196409517116,0.03329276010265027
pred_soft_subtype,CD8 + CTL-2,CRC,8,0.0006274005541941855,0.0027559782943315392,0.0006333496921836282,-5.949137989442674e-06,0.1015625,0.678356721700375,-0.06440201084976727,0.16281155344143247,0.4,0.6,0.0,0.8758715481077949,0.025637196409517116,0.03329276010265027
pred_soft_subtype,CD8 + CTL-2,GC,7,0.00044555998951448244,0.000233874509339877,0.0006819907422096963,-0.00023643075269521387,-0.48917748917748916,0.04447991692573736,-0.05695203575575622,0.34243834845518867,0.0,1.0,0.0,0.1420845742827167,0.025637196409517116,0.03329276010265027
pred_soft_subtype,CD8 + CTL-2,HCC,7,0.0006651693067807106,0.00015025627214816032,0.000572935392085578,9.223391469513262e-05,0.05627705627705626,0.8345801982024893,0.005686982533842879,0.09689744155327491,0.6,0.6,0.0,0.937753961726797,0.025637196409517116,0.03329276010265027
pred_soft_subtype,CD8 + CTL-2,Normal,6,0.03702007795810784,0.02187207715972401,0.0005539962095816098,0.03646608174852623,1.0,5.210531526321e-07,0.35452081406297925,0.40902955722506085,1.0,1.0,0.0,1.688212214528004e-05,0.025637196409517116,0.03329276010265027
pred_soft_subtype,CD8 + CTL-2,PC,6,0.0003545665896494225,0.00017941076807406043,0.0006948388791725103,-0.0003402722895230878,-0.6862745098039216,0.005964495438179648,-0.1286815182054713,0.3635860152507161,0.0,1.0,0.0,0.028419066499561853,0.025637196409517116,0.03329276010265027
pred_soft_subtype,CD8 + CTL-3,BTC,6,0.00018254225434163402,5.964259082387338e-05,0.00024396518156507977,-6.142292722344575e-05,-0.10784313725490191,0.6980991980991981,-0.06650929113157622,0.04145270122157836,0.0,1.0,0.0,0.8758715481077949,0.006697476897006184,0.04072421237516481
pred_soft_subtype,CD8 + CTL-3,CRC,8,0.0006761314805028512,0.000369894929425843,0.00018254225434163402,0.0004935892261612171,0.5078125,0.02712599368946118,0.21067134867690762,0.16605065254113152,1.0,1.0,0.0,0.09765357728206026,0.006697476897006184,0.04072421237516481
pred_soft_subtype,CD8 + CTL-3,GC,7,0.00023040293375439658,0.00014330379805978482,0.0002014755163935599,2.892741736083669e-05,-0.11688311688311692,0.6505386310339872,-0.08308157043070842,0.04194521095734037,0.2,0.8,0.0,0.8758715481077949,0.006697476897006184,0.04072421237516481
pred_soft_subtype,CD8 + CTL-3,HCC,7,0.00011223450265837885,4.821184130587295e-05,0.00025752742937576293,-0.00014529292671738408,-0.6796536796536796,0.0036878149881245854,-0.06454721138200384,0.0621529640576578,0.0,1.0,0.0,0.01991420093587276,0.006697476897006184,0.04072421237516481
pred_soft_subtype,CD8 + CTL-3,Normal,6,0.01594447368317089,0.009425359305360382,0.00018254225434163402,0.015761931428829253,0.9411764705882353,1.5631594578963003e-05,0.1394869019375661,0.33568394021519465,0.8,0.8,0.2,0.0001947937170609236,0.006697476897006184,0.04072421237516481
pred_soft_subtype,CD8 + CTL-3,PC,6,0.00011991437285541629,2.1850241341349997e-05,0.00025774510132958923,-0.00013783072847417294,-0.5686274509803921,0.026639363481468743,-0.11436815819227761,0.027573827766725775,0.0,1.0,0.0,0.09765357728206026,0.006697476897006184,0.04072421237516481
pred_soft_subtype,CD8 Tem-1,BTC,6,0.1337859102497481,0.04032118345099453,0.08704703841055152,0.046738871839196575,0.4411764705882353,0.09242492926703455,-0.5986549614499685,1.3779768406120332,0.2,0.8,0.2,0.24954730902099329,0.17075769038619526,0.28421198079042603
pred_soft_subtype,CD8 Tem-1,CRC,8,0.08873161947783754,0.0764490592699073,0.09446859114660283,-0.005736971668765287,-0.0390625,0.8814355068225037,-0.012601195259052081,0.09629193003018294,0.4,0.6,0.0,0.937753961726797,0.17075769038619526,0.28421198079042603
pred_soft_subtype,CD8 Tem-1,GC,7,0.09207638837060927,0.04778178826344512,0.0968607939225964,-0.004784405551987128,0.09956709956709964,0.7016064528448431,0.7518303989836479,0.9816622219396213,1.0,1.0,0.4,0.8758715481077949,0.17075769038619526,0.28421198079042603
pred_soft_subtype,CD8 Tem-1,HCC,7,0.12228705338327311,0.0322040540835105,0.0868424851361769,0.035444568247096214,0.24675324675324672,0.32648367586448085,-0.2526222537990823,0.3428033561294458,0.2,0.8,0.2,0.6079351205752402,0.17075769038619526,0.28421198079042603
pred_soft_subtype,CD8 Tem-1,Normal,6,0.0058171819812327975,0.0015652611145428224,0.11271309744280147,-0.10689591546156868,-0.9411764705882353,1.5631594578963003e-05,-0.44959862991651744,0.29806494996754507,0.0,1.0,0.0,0.0001947937170609236,0.17075769038619526,0.28421198079042603
pred_soft_subtype,CD8 Tem-1,PC,6,0.09761944545537825,0.14809367419787478,0.09446859114660283,0.0031508543087754165,0.15686274509803932,0.5663571610940031,0.31741177230696827,0.5189597477920255,0.8,0.8,0.4,0.804823334186215,0.17075769038619526,0.28421198079042603
pred_soft_subtype,CD8 Tem-2,BTC,6,0.018537435758575926,0.007413939485563129,0.018305386960911614,0.00023204879766431166,0.009803921568627416,0.9852771221192272,-0.7039724870917327,1.0462195511025456,0.2,0.8,0.4,0.9867792579866882,0.1252640612207147,0.3432258749593216
pred_soft_subtype,CD8 Tem-2,CRC,8,0.017602512644098525,0.01268402396353205,0.018317725410718567,-0.0007152127666200415,-0.0625,0.80363572128278,0.6430869016557719,1.193203668680981,0.8,0.8,0.6,0.937753961726797,0.1252640612207147,0.3432258749593216
pred_soft_subtype,CD8 Tem-2,GC,7,0.018269131145034253,0.005309034034054545,0.01834164277678898,-7.251163175472572e-05,-0.1515151515151515,0.5531492912297866,0.2751811234870622,0.7406499501518589,0.6,0.6,0.0,0.804823334186215,0.1252640612207147,0.3432258749593216
pred_soft_subtype,CD8 Tem-2,HCC,7,0.013730017507888435,0.006887992440707735,0.020257143390904182,-0.006527125883015747,-0.7662337662337663,0.000771741019419038,-0.6611442085048483,0.6452894514317183,0.0,1.0,0.6,0.00510853016116174,0.1252640612207147,0.3432258749593216
pred_soft_subtype,CD8 Tem-2,Normal,6,0.04707802359395888,0.009201205967676276,0.01811882142037137,0.02895920217358751,0.9313725490196079,2.2926338715812404e-05,0.25779409621160304,0.02642512825818083,1.0,1.0,0.4,0.00024760445813077394,0.1252640612207147,0.3432258749593216
pred_soft_subtype,CD8 Tem-2,PC,6,0.020242941835985385,0.011339934351952952,0.018281469594841206,0.00196147224114418,0.17647058823529416,0.5170431275694434,0.015606691580066294,3.1801764189550554,0.6,0.6,0.6,0.7828129594976618,0.1252640612207147,0.3432258749593216
pred_soft_subtype,Cycling T,BTC,6,0.009300626526305401,0.0036913091081890352,0.01023159956802085,-0.0009309730417154487,-0.0490196078431373,0.868093831251726,-0.15059040284822656,0.7087452052941648,0.2,0.8,0.0,0.937753961726797,0.05534921898275548,0.1075098071862205
pred_soft_subtype,Cycling T,CRC,8,0.011256698385620701,0.00691345664525014,0.009875348543933606,0.0013813498416870955,-0.1328125,0.5837804029754494,-0.5008949243668747,1.0930119645872445,0.2,0.8,0.4,0.8223689154958504,0.05534921898275548,0.1075098071862205
pred_soft_subtype,Cycling T,GC,7,0.020576446070978565,0.008337432357729185,0.0086315766806355,0.011944869390343065,0.6623376623376624,0.004846606549392927,0.4035063007232098,0.5786169051566223,1.0,1.0,0.4,0.02379243215156528,0.05534921898275548,0.1075098071862205
pred_soft_subtype,Cycling T,HCC,7,0.009732267552247202,0.004683842741945877,0.010444769600421693,-0.0007125020481744907,0.1341991341991342,0.6009924070295588,0.4765453549505956,0.23916450991916405,1.0,1.0,0.2,0.8321433328101583,0.05534921898275548,0.1075098071862205
pred_soft_subtype,Cycling T,Normal,6,0.0031355742645848518,0.0007952242174327942,0.011912616146172467,-0.008777041881587615,-0.9215686274509804,3.334740176845441e-05,-0.18235509655463594,0.0843509535736186,0.0,1.0,0.0,0.00030001046784491463,0.05534921898275548,0.1075098071862205
pred_soft_subtype,Cycling T,PC,6,0.011910468020843945,0.005464750491635504,0.010088518576334447,0.0018219494445094984,0.23529411764705888,0.38287663024505125,-0.10911794145955332,0.18677938684317125,0.4,0.6,0.0,0.6669463881687989,0.05534921898275548,0.1075098071862205
pred_soft_subtype,Erythrocyte,BTC,6,9.947786942252313e-07,2.7212680507263354e-07,1.8517682283806225e-06,-8.569895341553911e-07,-0.21568627450980393,0.425173119909962,-0.04254868422566843,0.022092629555887325,0.2,0.8,0.0,0.7028371982185087,0.0671825924295238,0.17793581219410975
pred_soft_subtype,Erythrocyte,CRC,8,4.297371169562494e-06,4.732305339542913e-06,9.427139482950906e-07,3.354657221267403e-06,0.5234375,0.02239398028871713,0.2879932013767348,0.7546806524209753,1.0,1.0,0.0,0.08436801876214362,0.0671825924295238,0.17793581219410975
pred_soft_subtype,Erythrocyte,GC,7,2.0701509262262215e-06,1.0517880228102845e-05,1.0611703471540895e-06,1.008980579072132e-06,0.4025974025974026,0.10245907970366176,0.7079890090188821,0.5496105277518779,1.0,1.0,0.2,0.26346620495227313,0.0671825924295238,0.17793581219410975
pred_soft_subtype,Erythrocyte,HCC,7,6.357513991013801e-07,2.1971398152442604e-07,1.9518675767360683e-06,-1.3161161776346883e-06,-0.8874458874458875,3.518641289539122e-05,-0.35681377564669847,0.1734197160162419,0.0,1.0,0.0,0.00030001046784491463,0.0671825924295238,0.17793581219410975
pred_soft_subtype,Erythrocyte,Normal,6,3.034316017881376e-05,4.487065858368371e-05,1.0091056012239488e-06,2.933405457758981e-05,0.7843137254901962,0.0011645537961327435,-0.1247570876496025,0.09947211449377427,0.0,1.0,0.0,0.006987322776796461,0.0671825924295238,0.17793581219410975
pred_soft_subtype,Erythrocyte,PC,6,6.063278888927183e-07,1.9081781997173778e-07,1.8517682283806225e-06,-1.2454403394879042e-06,-0.6764705882352942,0.006865396339080549,-0.21562565096873423,0.47261517067530223,0.0,1.0,0.0,0.03132573044714288,0.0671825924295238,0.17793581219410975
pred_soft_subtype,GCB,BTC,6,0.0008072349730150213,0.0003901061648441742,0.0006269327839474896,0.00018030218906753173,0.2843137254901962,0.28839197786566206,0.019930849041565793,0.018814297231300757,0.8,0.8,0.0,0.5561845287409197,0.01561610681991595,0.03375387562737042
pred_soft_subtype,GCB,CRC,8,0.000682709129654929,0.0005850894162361788,0.0006465350290227926,3.617410063213645e-05,0.109375,0.6541782207416883,-0.04674347088702743,0.1384978868164568,0.4,0.6,0.0,0.8758715481077949,0.01561610681991595,0.03375387562737042
pred_soft_subtype,GCB,GC,7,0.0005770169355278017,0.0002180730524538472,0.0006865708396407382,-0.00010955390411293651,-0.36796536796536794,0.1373383624157618,-0.18757060790982538,0.12349124736063624,0.0,1.0,0.0,0.3373687478950637,0.01561610681991595,0.03375387562737042
pred_soft_subtype,GCB,HCC,7,0.000372638123398621,4.452905546528522e-05,0.0006865708396407382,-0.00031393271624211716,-0.6623376623376623,0.004846606549392927,-0.03037480266670315,0.03752041774811639,0.2,0.8,0.0,0.02379243215156528,0.01561610681991595,0.03375387562737042
pred_soft_subtype,GCB,Normal,6,0.027591450276737796,0.033321711457735104,0.0006175354946925863,0.026973914782045208,1.0,5.210531526321e-07,0.4630455672594414,0.35260105465720626,1.0,1.0,0.2,1.688212214528004e-05,0.01561610681991595,0.03375387562737042
pred_soft_subtype,GCB,PC,6,0.0005424816477296954,0.00023886491127378645,0.0006497587767714862,-0.00010727712904179073,-0.2549019607843137,0.34312756944335887,-0.11787583254724018,0.4366538841797291,0.0,1.0,0.0,0.6316666619298197,0.01561610681991595,0.03375387562737042
pred_soft_subtype,Memory B-1,BTC,6,0.1171656673868014,0.03180612180853595,0.05186479302210448,0.06530087436469692,0.9411764705882353,1.5631594578963003e-05,2.6127529986344604,2.1324481486980646,1.0,1.0,1.0,0.0001947937170609236,0.5844247382854277,0.2590117757640469
pred_soft_subtype,Memory B-1,CRC,8,0.035573951507744075,0.00998009947383674,0.06228666261234945,-0.026712711104605373,-0.75,0.0005565850767089158,-0.893696847188981,3.0853610326065426,0.2,0.8,0.8,0.004098490110311107,0.5844247382854277,0.2590117757640469
pred_soft_subtype,Memory B-1,GC,7,0.06172984375540801,0.0010678754445333435,0.056016738987773616,0.005713104767634397,0.08225108225108224,0.7539960179279066,-0.2806755732978503,1.565658235114368,0.4,0.6,0.4,0.9047952215134879,0.5844247382854277,0.2590117757640469
pred_soft_subtype,Memory B-1,HCC,7,0.038183753566064405,0.008364062787461442,0.06187293437740153,-0.023689180811337127,-0.5151515151515151,0.03356065043371545,-1.5361483888649938,1.6361235606978655,0.0,1.0,0.8,0.11326719521378964,0.5844247382854277,0.2590117757640469
pred_soft_subtype,Memory B-1,Normal,6,0.05662462181566552,0.014469531888408382,0.0615695796559667,-0.004944957840301176,-0.0490196078431373,0.868093831251726,0.05309648476162639,0.058430696568076375,0.6,0.6,0.0,0.937753961726797,0.5844247382854277,0.2590117757640469
pred_soft_subtype,Memory B-1,PC,6,0.08935550489022687,0.02713004669228139,0.05662462181566552,0.032730883074561345,0.5392156862745099,0.03658939448413133,0.6763638691892998,0.9568375826574274,0.8,0.8,0.6,0.12096901849855664,0.5844247382854277,0.2590117757640469
pred_soft_subtype,Memory B-2,BTC,6,0.0006541807543068196,0.00024628598498128843,0.0006756600508507109,-2.147929654389136e-05,-0.05882352941176472,0.8391357812410444,-0.2664236970965779,1.598945506292475,0.0,1.0,0.4,0.937753961726797,0.3853184256902024,0.6503486591808884
pred_soft_subtype,Memory B-2,CRC,8,0.0006810702492279878,0.00040118241250441684,0.0006756600508507109,5.410198377276917e-06,-0.0078125,0.9867792579866883,-0.21346930612334322,0.1353407339461607,0.2,0.8,0.0,0.9867792579866882,0.3853184256902024,0.6503486591808884
pred_soft_subtype,Memory B-2,GC,7,0.0005791123016005188,0.00019094472616511737,0.0007164456267055617,-0.00013733332510504294,-0.22943722943722944,0.36270465511951583,-0.17594083316872905,0.14362343018487683,0.2,0.8,0.0,0.6456940014215556,0.3853184256902024,0.6503486591808884
pred_soft_subtype,Memory B-2,HCC,7,0.0002624546545198797,0.00010655603044042161,0.000758471257878619,-0.0004960166033587392,-0.9393939393939394,4.827404208209162e-06,-0.23569891075405597,0.23652841776091055,0.0,1.0,0.0,0.00011171992596141203,0.3853184256902024,0.6503486591808884
pred_soft_subtype,Memory B-2,Normal,6,0.011137909550028522,0.004106044486312075,0.000588578176959508,0.010549331373069015,1.0,5.210531526321e-07,0.659634739320964,0.5338638020055021,1.0,1.0,1.0,1.688212214528004e-05,0.3853184256902024,0.6503486591808884
pred_soft_subtype,Memory B-2,PC,6,0.0012650975429028106,0.0005027308204596933,0.0006200666186048063,0.0006450309242980042,0.392156862745098,0.13744652692021114,0.4043239498338191,1.835068186041388,0.8,0.8,0.4,0.3373687478950637,0.3853184256902024,0.6503486591808884
pred_soft_subtype,Naive T,BTC,6,0.015038058846666445,0.0010354377398002022,0.012725426271436312,0.002312632575230133,0.21568627450980382,0.425173119909962,0.002204628396220079,0.06875428941406181,0.6,0.6,0.0,0.7028371982185087,0.0834120967312351,0.16047711143086954
pred_soft_subtype,Naive T,CRC,8,0.013093248345572066,0.008500526038355069,0.012940965869166973,0.00015228247640509257,0.1171875,0.6303411814247728,-0.10109162952882872,0.14207525000496307,0.4,0.6,0.0,0.8653836558543491,0.0834120967312351,0.16047711143086954
pred_soft_subtype,Naive T,GC,7,0.01281579832980108,0.0027216052406273446,0.013861419275523652,-0.001045620945722572,-0.17748917748917747,0.4849231584525703,-0.0710887761479901,0.44146202787350863,0.2,0.8,0.2,0.7777975412803603,0.0834120967312351,0.16047711143086954
pred_soft_subtype,Naive T,HCC,7,0.00916134414935459,0.002741592859998164,0.013861419275523652,-0.004700075126169063,-0.6363636363636364,0.0071546421391622626,-0.38491646260090123,0.2824702726545022,0.0,1.0,0.0,0.03132573044714288,0.0834120967312351,0.16047711143086954
pred_soft_subtype,Naive T,Normal,6,0.1097685324201473,0.023687518731107804,0.012513521699543709,0.09725501072060358,1.0,5.210531526321e-07,0.680351645596756,0.40953433746369133,1.0,1.0,1.0,1.688212214528004e-05,0.0834120967312351,0.16047711143086954
pred_soft_subtype,Naive T,PC,6,0.010205667342188775,0.00266379227572215,0.013639596875846231,-0.0034339295336574555,-0.4411764705882353,0.09242492926703455,-0.07533816075815047,0.1669137601896946,0.2,0.8,0.0,0.24954730902099329,0.0834120967312351,0.16047711143086954
pred_soft_subtype,Plasma,BTC,6,0.003585447518292561,0.0026035880388981065,0.003214303180095813,0.00037114433819674785,0.0490196078431373,0.868093831251726,-0.060950937995682214,0.15540298269461816,0.4,0.6,0.2,0.937753961726797,-0.026220499117868567,0.3100845375312345
pred_soft_subtype,Plasma,CRC,8,0.004721597499842323,0.0015866576918787305,0.0030099237186937376,0.0017116737811485854,0.2890625,0.22187371289538474,-0.2579702708850622,0.19881111034748203,0.2,0.8,0.0,0.45498153783610545,-0.026220499117868567,0.3100845375312345
pred_soft_subtype,Plasma,GC,7,0.005976580256598027,0.012403622282109065,0.0031022556660354147,0.0028743245905626124,0.35930735930735924,0.14727991864214776,0.022897085285387635,0.25826744762710085,0.6,0.6,0.0,0.34578763507286864,-0.026220499117868567,0.3100845375312345
pred_soft_subtype,Plasma,HCC,7,0.0011497106805280891,0.012171310203246652,0.0038577296453855964,-0.0027080189648575072,-0.3073593073593074,0.21808184702921546,0.5641889781029308,0.7158931963856393,0.8,0.8,0.6,0.45498153783610545,-0.026220499117868567,0.3100845375312345
pred_soft_subtype,Plasma,Normal,6,0.0013668569984294583,0.0014395172885986556,0.004015921714551358,-0.002649064716121899,-0.5098039215686274,0.04930725983357563,-0.15712386671743098,0.14172380439819143,0.0,1.0,0.0,0.15071275647243873,-0.026220499117868567,0.3100845375312345
pred_soft_subtype,Plasma,PC,6,0.0038539910562911664,0.0012854165042964767,0.003074321544424714,0.0007796695118664522,0.03921568627450989,0.8972337288126762,-0.5180445773853193,1.3615646482160924,0.0,1.0,0.6,0.937753961726797,-0.026220499117868567,0.3100845375312345
pred_soft_subtype,Tcm,BTC,6,0.00018501341163954953,7.01888670981032e-05,0.0001671602598029208,1.785315183662874e-05,0.16666666666666674,0.5414289361657783,0.015234020164203417,0.473656560659739,0.6,0.6,0.0,0.7973771605350553,1.1333280242356014,2.5752363905143487
pred_soft_subtype,Tcm,CRC,8,0.0001677776302682911,0.00036739722864333353,0.0001671994583127087,5.781719555823892e-07,0.0859375,0.7276610001068206,0.3112998997362535,0.2789800277271287,0.8,0.8,0.2,0.8863239249421424,1.1333280242356014,2.5752363905143487
pred_soft_subtype,Tcm,GC,7,0.00012778064347043026,0.0001738982289673078,0.00016745250449213961,-3.9671861021709355e-05,-0.10822510822510822,0.6758943034484832,-0.11872584410206499,1.1552444472555776,0.0,1.0,0.0,0.8758715481077949,1.1333280242356014,2.5752363905143487
pred_soft_subtype,Tcm,HCC,7,0.00012836199134495238,4.518495973972867e-05,0.00017944345985600367,-5.108146851105129e-05,-0.37662337662337664,0.12789896350267868,-0.11935332149373264,0.03203244541545722,0.2,0.8,0.0,0.3237442513661554,1.1333280242356014,2.5752363905143487
pred_soft_subtype,Tcm,Normal,6,0.00019634202187213871,2.055105727798219e-05,0.00016297032267453975,3.3371699197598965e-05,0.16666666666666674,0.5414289361657783,-0.12084395529339031,0.08850897540757866,0.2,0.8,0.0,0.7973771605350553,1.1333280242356014,2.5752363905143487
pred_soft_subtype,Tcm,PC,6,0.0001671994583127087,9.620184349322798e-05,0.0001677776302682911,-5.781719555823892e-07,0.10784313725490202,0.6980991980991981,0.010846534464474259,0.579282506850335,0.6,0.6,0.0,0.8758715481077949,1.1333280242356014,2.5752363905143487
pred_soft_subtype,cDC2,BTC,6,0.022170149705134805,0.008178528571741443,0.01762515816962785,0.0045449915355069564,-0.019607843137254943,0.9558636716531452,0.3435105250743575,0.860515071286519,0.6,0.6,0.2,0.9738988352692424,0.29522173879926045,0.38633658423225997
pred_soft_subtype,cDC2,CRC,8,0.025277412313850334,0.025319454518166043,0.019419923797287412,0.005857488516562922,0.0703125,0.7780731173920028,0.6078653679583559,1.3753574407075932,1.0,1.0,0.8,0.9245364804335223,0.29522173879926045,0.38633658423225997
pred_soft_subtype,cDC2,GC,7,0.02609666982248436,0.01618936076949805,0.016296891169297268,0.009799778653187093,0.2640692640692641,0.29259433284201086,-2.1539476469449146,2.4830435622200246,0.0,1.0,1.0,0.5576503755341854,0.29522173879926045,0.38633658423225997
pred_soft_subtype,cDC2,HCC,7,0.011466706352566403,0.005735545787046471,0.021629208395135557,-0.010162502042569153,-0.4025974025974026,0.10245907970366176,-0.3921438663572892,1.382714621434011,0.2,0.8,0.2,0.26346620495227313,0.29522173879926045,0.38633658423225997
pred_soft_subtype,cDC2,Normal,6,0.0170323540532798,0.029970830084848694,0.020901291664550216,-0.0038689376112704156,-0.05882352941176472,0.8391357812410444,0.024215175330553722,0.09395263461755345,0.6,0.6,0.0,0.937753961726797,0.29522173879926045,0.38633658423225997
pred_soft_subtype,cDC2,PC,6,0.024328141397186448,0.015575070261238812,0.01762515816962785,0.0067029832275586,0.1470588235294117,0.591784033889297,1.8011078788010801,1.4917882213612557,0.8,0.8,0.4,0.8264570128453975,0.29522173879926045,0.38633658423225997
pred_soft_subtype,pDC,BTC,6,0.005917949019660265,0.002268200239448746,0.00456995294547264,0.0013479960741876254,0.15686274509803932,0.5663571610940031,0.030206632946912816,1.1497569368968616,0.6,0.6,0.6,0.804823334186215,0.5767844419175312,0.6574991571093235
pred_soft_subtype,pDC,CRC,8,0.006636319151763496,0.0031133612732529405,0.004452959624384364,0.002183359527379132,0.171875,0.4746832003797948,0.7275030360826772,0.6362065006527139,1.0,1.0,0.0,0.7689867846152676,0.5767844419175312,0.6574991571093235
pred_soft_subtype,pDC,GC,7,0.01238398169712885,0.0024968426386565903,0.004422269218889399,0.00796171247823945,0.7316017316017316,0.0015079737989954708,2.7222206949432484,1.9143283211104283,1.0,1.0,0.8,0.008724705551330939,0.5767844419175312,0.6574991571093235
pred_soft_subtype,pDC,HCC,7,0.0015924297122510498,0.002195923401823609,0.006017679633437493,-0.004425249921186443,-0.6363636363636364,0.0071546421391622626,-1.3191414536069372,1.0986604333065213,0.0,1.0,0.8,0.03132573044714288,0.5767844419175312,0.6574991571093235
pred_soft_subtype,pDC,Normal,6,0.0024119671700013386,0.0006985489419759176,0.006269573782885254,-0.003857606612883915,-0.6470588235294117,0.010276210276210274,-0.24548709022093132,0.1821155965959541,0.0,1.0,0.0,0.042890966515639055,0.5767844419175312,0.6574991571093235
pred_soft_subtype,pDC,PC,6,0.006880309043219559,0.0039649404438200685,0.004802826276678754,0.002077482766540805,0.16666666666666674,0.5414289361657783,-0.20504880560994582,1.4199903474118365,0.2,0.8,0.2,0.7973771605350553,0.5767844419175312,0.6574991571093235
pred_soft_subtype,platelet,BTC,6,0.0009355527098720889,7.643433866070517e-05,0.0009794558154447488,-4.3903105572659857e-05,-0.08823529411764708,0.7536158483526905,-0.5935991000332715,0.4529603856209592,0.0,1.0,0.2,0.9047952215134879,0.11574046324733778,0.15957412176983202
pred_soft_subtype,platelet,CRC,8,0.0010681265296836042,0.0014624468041397561,0.0009355527098720889,0.0001325738198115153,0.0390625,0.8814355068225037,0.41469947068659424,1.0833534113742345,1.0,1.0,0.4,0.937753961726797,0.11574046324733778,0.15957412176983202
pred_soft_subtype,platelet,GC,7,0.0008570810562095023,0.0003772303709017264,0.0010203196649425015,-0.00016323860873299913,-0.3073593073593074,0.21808184702921546,-0.7616300402046374,0.5258587728375135,0.0,1.0,0.2,0.45498153783610545,0.11574046324733778,0.15957412176983202
pred_soft_subtype,platelet,HCC,7,0.000717627256317172,0.00034487083005643916,0.0010625369864036408,-0.00034490973008646883,-0.6623376623376623,0.004846606549392927,-0.17203566743180945,0.12567371376489941,0.0,1.0,0.0,0.02379243215156528,0.11574046324733778,0.15957412176983202
pred_soft_subtype,platelet,Normal,6,0.005563531185637225,0.005586026921446192,0.0008926913531747279,0.004670839832462498,0.8529411764705883,0.0002594844700107858,0.4152300756600574,0.12923492484604604,1.0,1.0,0.4,0.0020017373400832046,0.11574046324733778,0.15957412176983202
pred_soft_subtype,platelet,PC,6,0.0013031889642908907,0.0004864102117838052,0.0009247548878482238,0.00037843407644266684,0.2843137254901962,0.28839197786566206,0.18153168958401722,0.6953893695936539,0.6,0.6,0.2,0.5561845287409197,0.11574046324733778,0.15957412176983202
