width,model,seed,subtype,cells,patients,rna_correct,paired_correct,rescued,harmed
2000,sgd,20260912,Atypical Memory B,781,34,165,173,50,42
2000,sgd,20260912,CD14 Monocyte-1,29871,40,19192,19214,2320,2298
2000,sgd,20260912,CD14 Monocyte-2,3931,40,1957,2162,426,221
2000,sgd,20260912,CD14 Monocyte-3,2977,32,1689,1369,217,537
2000,sgd,20260912,CD16 Monocyte-1,14678,40,12765,12884,585,466
2000,sgd,20260912,CD16 Monocyte-2,5142,40,3646,3768,331,209
2000,sgd,20260912,CD16 NK,58507,40,34082,32335,6647,8394
2000,sgd,20260912,CD4 + Tcm-1,70653,40,25017,26356,9867,8528
2000,sgd,20260912,CD4 + Tcm-2,16861,39,8314,10809,3346,851
2000,sgd,20260912,CD4 Monocyte-4,1405,35,488,561,138,65
2000,sgd,20260912,CD56 NK,38442,40,22805,18809,3288,7284
2000,sgd,20260912,CD8 + CTL-1,7303,40,4578,3685,360,1253
2000,sgd,20260912,CD8 + CTL-2,4049,33,1102,1519,807,390
2000,sgd,20260912,CD8 + CTL-3,3244,27,662,1156,708,214
2000,sgd,20260912,CD8 Tem-1,26714,40,13631,14199,3185,2617
2000,sgd,20260912,CD8 Tem-2,10548,40,3829,2906,702,1625
2000,sgd,20260912,Cycling T,3667,40,2430,2248,176,358
2000,sgd,20260912,Erythrocyte,65,6,8,8,0,0
2000,sgd,20260912,GCB,3283,31,1663,1594,371,440
2000,sgd,20260912,Memory B-1,23722,40,16617,16915,2292,1994
2000,sgd,20260912,Memory B-2,2130,33,1108,1271,304,141
2000,sgd,20260912,Naive T,17960,40,10429,6935,1117,4611
2000,sgd,20260912,Plasma,2173,40,2111,2107,15,19
2000,sgd,20260912,Tcm,2121,36,274,74,26,226
2000,sgd,20260912,cDC2,7376,40,6651,6660,242,233
2000,sgd,20260912,pDC,2615,40,2345,2357,78,66
2000,sgd,20260912,platelet,1574,38,1492,1504,28,16
2000,sgd,20260913,Atypical Memory B,781,34,182,174,36,44
2000,sgd,20260913,CD14 Monocyte-1,29871,40,19994,19884,2252,2362
2000,sgd,20260913,CD14 Monocyte-2,3931,40,1971,2237,504,238
2000,sgd,20260913,CD14 Monocyte-3,2977,32,1307,1660,539,186
2000,sgd,20260913,CD16 Monocyte-1,14678,40,12625,12140,582,1067
2000,sgd,20260913,CD16 Monocyte-2,5142,40,3668,3670,246,244
2000,sgd,20260913,CD16 NK,58507,40,32744,34626,8045,6163
2000,sgd,20260913,CD4 + Tcm-1,70653,40,24385,25146,9141,8380
2000,sgd,20260913,CD4 + Tcm-2,16861,39,8880,9658,2169,1391
2000,sgd,20260913,CD4 Monocyte-4,1405,35,514,534,106,86
2000,sgd,20260913,CD56 NK,38442,40,22252,22096,4848,5004
2000,sgd,20260913,CD8 + CTL-1,7303,40,4559,4325,550,784
2000,sgd,20260913,CD8 + CTL-2,4049,33,1093,1348,745,490
2000,sgd,20260913,CD8 + CTL-3,3244,27,710,1138,683,255
2000,sgd,20260913,CD8 Tem-1,26714,40,13567,14720,3266,2113
2000,sgd,20260913,CD8 Tem-2,10548,40,3635,3243,748,1140
2000,sgd,20260913,Cycling T,3667,40,2351,2350,225,226
2000,sgd,20260913,Erythrocyte,65,6,8,8,0,0
2000,sgd,20260913,GCB,3283,31,1727,1345,152,534
2000,sgd,20260913,Memory B-1,23722,40,16525,18384,2614,755
2000,sgd,20260913,Memory B-2,2130,33,1102,1185,217,134
2000,sgd,20260913,Naive T,17960,40,9398,8992,1915,2321
2000,sgd,20260913,Plasma,2173,40,2112,2113,10,9
2000,sgd,20260913,Tcm,2121,36,190,261,163,92
2000,sgd,20260913,cDC2,7376,40,6667,6678,243,232
2000,sgd,20260913,pDC,2615,40,2375,2353,44,66
2000,sgd,20260913,platelet,1574,38,1499,1484,19,34
2000,sgd,20260914,Atypical Memory B,781,34,168,157,37,48
2000,sgd,20260914,CD14 Monocyte-1,29871,40,19182,20134,2766,1814
2000,sgd,20260914,CD14 Monocyte-2,3931,40,1928,2076,446,298
2000,sgd,20260914,CD14 Monocyte-3,2977,32,1718,1437,242,523
2000,sgd,20260914,CD16 Monocyte-1,14678,40,12807,12777,579,609
2000,sgd,20260914,CD16 Monocyte-2,5142,40,3663,3616,234,281
2000,sgd,20260914,CD16 NK,58507,40,34121,37208,7558,4471
2000,sgd,20260914,CD4 + Tcm-1,70653,40,23944,28267,11267,6944
2000,sgd,20260914,CD4 + Tcm-2,16861,39,8988,9606,2035,1417
2000,sgd,20260914,CD4 Monocyte-4,1405,35,526,461,93,158
2000,sgd,20260914,CD56 NK,38442,40,22732,25499,5280,2513
2000,sgd,20260914,CD8 + CTL-1,7303,40,4488,3898,440,1030
2000,sgd,20260914,CD8 + CTL-2,4049,33,1028,874,378,532
2000,sgd,20260914,CD8 + CTL-3,3244,27,682,1251,831,262
2000,sgd,20260914,CD8 Tem-1,26714,40,13686,13595,3003,3094
2000,sgd,20260914,CD8 Tem-2,10548,40,3546,3556,886,876
2000,sgd,20260914,Cycling T,3667,40,2425,2415,201,211
2000,sgd,20260914,Erythrocyte,65,6,8,8,0,0
2000,sgd,20260914,GCB,3283,31,1722,1656,327,393
2000,sgd,20260914,Memory B-1,23722,40,16434,17720,2384,1098
2000,sgd,20260914,Memory B-2,2130,33,1114,1257,263,120
2000,sgd,20260914,Naive T,17960,40,9691,9147,1865,2409
2000,sgd,20260914,Plasma,2173,40,2106,2117,22,11
2000,sgd,20260914,Tcm,2121,36,185,268,163,80
2000,sgd,20260914,cDC2,7376,40,6711,6633,171,249
2000,sgd,20260914,pDC,2615,40,2348,2373,76,51
2000,sgd,20260914,platelet,1574,38,1523,1519,18,22
2000,mlp,20260912,Atypical Memory B,781,34,462,455,68,75
2000,mlp,20260912,CD14 Monocyte-1,29871,40,25274,25463,1731,1542
2000,mlp,20260912,CD14 Monocyte-2,3931,40,1904,1995,544,453
2000,mlp,20260912,CD14 Monocyte-3,2977,32,1787,1679,285,393
2000,mlp,20260912,CD16 Monocyte-1,14678,40,12759,12814,696,641
2000,mlp,20260912,CD16 Monocyte-2,5142,40,3361,3401,371,331
2000,mlp,20260912,CD16 NK,58507,40,41609,43405,5656,3860
2000,mlp,20260912,CD4 + Tcm-1,70653,40,50735,52522,7420,5633
2000,mlp,20260912,CD4 + Tcm-2,16861,39,9741,10578,1891,1054
2000,mlp,20260912,CD4 Monocyte-4,1405,35,931,925,95,101
2000,mlp,20260912,CD56 NK,38442,40,27973,28105,2779,2647
2000,mlp,20260912,CD8 + CTL-1,7303,40,3834,3889,680,625
2000,mlp,20260912,CD8 + CTL-2,4049,33,1045,1101,474,418
2000,mlp,20260912,CD8 + CTL-3,3244,27,705,1115,569,159
2000,mlp,20260912,CD8 Tem-1,26714,40,16290,16494,3003,2799
2000,mlp,20260912,CD8 Tem-2,10548,40,6970,6669,547,848
2000,mlp,20260912,Cycling T,3667,40,1844,1918,283,209
2000,mlp,20260912,Erythrocyte,65,6,6,5,0,1
2000,mlp,20260912,GCB,3283,31,2030,2096,396,330
2000,mlp,20260912,Memory B-1,23722,40,20948,21505,1294,737
2000,mlp,20260912,Memory B-2,2130,33,1103,1369,389,123
2000,mlp,20260912,Naive T,17960,40,10968,10886,1487,1569
2000,mlp,20260912,Plasma,2173,40,2028,2037,45,36
2000,mlp,20260912,Tcm,2121,36,48,57,36,27
2000,mlp,20260912,cDC2,7376,40,6460,6496,279,243
2000,mlp,20260912,pDC,2615,40,2242,2262,100,80
2000,mlp,20260912,platelet,1574,38,1298,1323,77,52
2000,mlp,20260913,Atypical Memory B,781,34,473,431,53,95
2000,mlp,20260913,CD14 Monocyte-1,29871,40,25325,25537,1664,1452
2000,mlp,20260913,CD14 Monocyte-2,3931,40,1827,2097,672,402
2000,mlp,20260913,CD14 Monocyte-3,2977,32,1811,1803,312,320
2000,mlp,20260913,CD16 Monocyte-1,14678,40,12766,12905,712,573
2000,mlp,20260913,CD16 Monocyte-2,5142,40,3388,3361,308,335
2000,mlp,20260913,CD16 NK,58507,40,41316,42594,5388,4110
2000,mlp,20260913,CD4 + Tcm-1,70653,40,51217,52656,7212,5773
2000,mlp,20260913,CD4 + Tcm-2,16861,39,9778,10184,1647,1241
2000,mlp,20260913,CD4 Monocyte-4,1405,35,955,879,56,132
2000,mlp,20260913,CD56 NK,38442,40,27637,28175,3053,2515
2000,mlp,20260913,CD8 + CTL-1,7303,40,3844,3942,651,553
2000,mlp,20260913,CD8 + CTL-2,4049,33,1001,1232,587,356
2000,mlp,20260913,CD8 + CTL-3,3244,27,696,1054,548,190
2000,mlp,20260913,CD8 Tem-1,26714,40,16177,16845,3263,2595
2000,mlp,20260913,CD8 Tem-2,10548,40,6946,6806,640,780
2000,mlp,20260913,Cycling T,3667,40,1888,1927,272,233
2000,mlp,20260913,Erythrocyte,65,6,5,4,1,2
2000,mlp,20260913,GCB,3283,31,2024,2119,390,295
2000,mlp,20260913,Memory B-1,23722,40,21106,21451,1217,872
2000,mlp,20260913,Memory B-2,2130,33,1125,1284,345,186
2000,mlp,20260913,Naive T,17960,40,11085,10844,1399,1640
2000,mlp,20260913,Plasma,2173,40,2043,2045,35,33
2000,mlp,20260913,Tcm,2121,36,50,50,29,29
2000,mlp,20260913,cDC2,7376,40,6508,6454,213,267
2000,mlp,20260913,pDC,2615,40,2263,2263,78,78
2000,mlp,20260913,platelet,1574,38,1302,1299,52,55
2000,mlp,20260914,Atypical Memory B,781,34,498,410,24,112
2000,mlp,20260914,CD14 Monocyte-1,29871,40,25148,25450,1744,1442
2000,mlp,20260914,CD14 Monocyte-2,3931,40,1838,2184,714,368
2000,mlp,20260914,CD14 Monocyte-3,2977,32,1803,1788,310,325
2000,mlp,20260914,CD16 Monocyte-1,14678,40,12839,12961,700,578
2000,mlp,20260914,CD16 Monocyte-2,5142,40,3403,3287,278,394
2000,mlp,20260914,CD16 NK,58507,40,41271,42906,5714,4079
2000,mlp,20260914,CD4 + Tcm-1,70653,40,51047,51820,7160,6387
2000,mlp,20260914,CD4 + Tcm-2,16861,39,9743,10285,1759,1217
2000,mlp,20260914,CD4 Monocyte-4,1405,35,938,933,111,116
2000,mlp,20260914,CD56 NK,38442,40,27721,28357,3089,2453
2000,mlp,20260914,CD8 + CTL-1,7303,40,3869,3928,628,569
2000,mlp,20260914,CD8 + CTL-2,4049,33,1124,1265,531,390
2000,mlp,20260914,CD8 + CTL-3,3244,27,643,1217,729,155
2000,mlp,20260914,CD8 Tem-1,26714,40,16202,16676,3225,2751
2000,mlp,20260914,CD8 Tem-2,10548,40,7003,6762,596,837
2000,mlp,20260914,Cycling T,3667,40,1890,1938,275,227
2000,mlp,20260914,Erythrocyte,65,6,4,4,1,1
2000,mlp,20260914,GCB,3283,31,2012,2101,375,286
2000,mlp,20260914,Memory B-1,23722,40,21046,21472,1253,827
2000,mlp,20260914,Memory B-2,2130,33,1107,1353,372,126
2000,mlp,20260914,Naive T,17960,40,10966,11258,1557,1265
2000,mlp,20260914,Plasma,2173,40,2031,2030,41,42
2000,mlp,20260914,Tcm,2121,36,49,45,24,28
2000,mlp,20260914,cDC2,7376,40,6485,6464,238,259
2000,mlp,20260914,pDC,2615,40,2279,2239,62,102
2000,mlp,20260914,platelet,1574,38,1283,1316,75,42
5000,sgd,20260912,Atypical Memory B,781,34,130,104,26,52
5000,sgd,20260912,CD14 Monocyte-1,29871,40,20214,20358,2427,2283
5000,sgd,20260912,CD14 Monocyte-2,3931,40,1654,1728,434,360
5000,sgd,20260912,CD14 Monocyte-3,2977,32,1368,1170,241,439
5000,sgd,20260912,CD16 Monocyte-1,14678,40,12487,12252,646,881
5000,sgd,20260912,CD16 Monocyte-2,5142,40,3584,3664,338,258
5000,sgd,20260912,CD16 NK,58507,40,34807,36510,8366,6663
5000,sgd,20260912,CD4 + Tcm-1,70653,40,33282,35487,9982,7777
5000,sgd,20260912,CD4 + Tcm-2,16861,39,10444,10484,1631,1591
5000,sgd,20260912,CD4 Monocyte-4,1405,35,491,450,84,125
5000,sgd,20260912,CD56 NK,38442,40,26303,23608,3021,5716
5000,sgd,20260912,CD8 + CTL-1,7303,40,4696,4819,752,629
5000,sgd,20260912,CD8 + CTL-2,4049,33,949,1353,679,275
5000,sgd,20260912,CD8 + CTL-3,3244,27,938,1422,706,222
5000,sgd,20260912,CD8 Tem-1,26714,40,12663,13156,3104,2611
5000,sgd,20260912,CD8 Tem-2,10548,40,3763,2888,647,1522
5000,sgd,20260912,Cycling T,3667,40,2552,2525,168,195
5000,sgd,20260912,Erythrocyte,65,6,8,8,0,0
5000,sgd,20260912,GCB,3283,31,1416,1354,362,424
5000,sgd,20260912,Memory B-1,23722,40,17490,17973,2049,1566
5000,sgd,20260912,Memory B-2,2130,33,1058,1194,306,170
5000,sgd,20260912,Naive T,17960,40,11486,11682,1784,1588
5000,sgd,20260912,Plasma,2173,40,2103,2063,15,55
5000,sgd,20260912,Tcm,2121,36,209,180,88,117
5000,sgd,20260912,cDC2,7376,40,6474,6687,425,212
5000,sgd,20260912,pDC,2615,40,2339,2345,70,64
5000,sgd,20260912,platelet,1574,38,1505,1503,18,20
5000,sgd,20260913,Atypical Memory B,781,34,130,137,36,29
5000,sgd,20260913,CD14 Monocyte-1,29871,40,20875,20847,2287,2315
5000,sgd,20260913,CD14 Monocyte-2,3931,40,1650,1738,447,359
5000,sgd,20260913,CD14 Monocyte-3,2977,32,1203,1351,423,275
5000,sgd,20260913,CD16 Monocyte-1,14678,40,12611,12619,619,611
5000,sgd,20260913,CD16 Monocyte-2,5142,40,3577,3652,270,195
5000,sgd,20260913,CD16 NK,58507,40,35255,38560,8010,4705
5000,sgd,20260913,CD4 + Tcm-1,70653,40,34597,37327,9718,6988
5000,sgd,20260913,CD4 + Tcm-2,16861,39,10337,10456,1508,1389
5000,sgd,20260913,CD4 Monocyte-4,1405,35,547,553,92,86
5000,sgd,20260913,CD56 NK,38442,40,25683,28031,4369,2021
5000,sgd,20260913,CD8 + CTL-1,7303,40,4604,4851,752,505
5000,sgd,20260913,CD8 + CTL-2,4049,33,935,988,414,361
5000,sgd,20260913,CD8 + CTL-3,3244,27,777,893,434,318
5000,sgd,20260913,CD8 Tem-1,26714,40,12877,13467,2803,2213
5000,sgd,20260913,CD8 Tem-2,10548,40,3910,3401,643,1152
5000,sgd,20260913,Cycling T,3667,40,2572,2652,229,149
5000,sgd,20260913,Erythrocyte,65,6,8,8,0,0
5000,sgd,20260913,GCB,3283,31,1566,1407,281,440
5000,sgd,20260913,Memory B-1,23722,40,17352,18080,2233,1505
5000,sgd,20260913,Memory B-2,2130,33,1070,1316,332,86
5000,sgd,20260913,Naive T,17960,40,11216,10805,1511,1922
5000,sgd,20260913,Plasma,2173,40,2108,2113,15,10
5000,sgd,20260913,Tcm,2121,36,212,296,153,69
5000,sgd,20260913,cDC2,7376,40,6594,6727,315,182
5000,sgd,20260913,pDC,2615,40,2376,2352,57,81
5000,sgd,20260913,platelet,1574,38,1482,1491,22,13
5000,sgd,20260914,Atypical Memory B,781,34,125,120,30,35
5000,sgd,20260914,CD14 Monocyte-1,29871,40,20571,20007,2038,2602
5000,sgd,20260914,CD14 Monocyte-2,3931,40,1555,1818,502,239
5000,sgd,20260914,CD14 Monocyte-3,2977,32,1399,1493,311,217
5000,sgd,20260914,CD16 Monocyte-1,14678,40,12721,12672,591,640
5000,sgd,20260914,CD16 Monocyte-2,5142,40,3531,3558,254,227
5000,sgd,20260914,CD16 NK,58507,40,36005,39143,7418,4280
5000,sgd,20260914,CD4 + Tcm-1,70653,40,32152,38020,11672,5804
5000,sgd,20260914,CD4 + Tcm-2,16861,39,10032,10031,1701,1702
5000,sgd,20260914,CD4 Monocyte-4,1405,35,477,493,85,69
5000,sgd,20260914,CD56 NK,38442,40,26511,26214,3587,3884
5000,sgd,20260914,CD8 + CTL-1,7303,40,4713,4539,548,722
5000,sgd,20260914,CD8 + CTL-2,4049,33,987,975,411,423
5000,sgd,20260914,CD8 + CTL-3,3244,27,882,1225,623,280
5000,sgd,20260914,CD8 Tem-1,26714,40,13233,13123,2835,2945
5000,sgd,20260914,CD8 Tem-2,10548,40,3893,3740,715,868
5000,sgd,20260914,Cycling T,3667,40,2560,2588,223,195
5000,sgd,20260914,Erythrocyte,65,6,8,8,0,0
5000,sgd,20260914,GCB,3283,31,1552,1667,392,277
5000,sgd,20260914,Memory B-1,23722,40,17468,18101,2277,1644
5000,sgd,20260914,Memory B-2,2130,33,1077,1215,295,157
5000,sgd,20260914,Naive T,17960,40,12141,10426,1389,3104
5000,sgd,20260914,Plasma,2173,40,2106,2078,14,42
5000,sgd,20260914,Tcm,2121,36,209,317,164,56
5000,sgd,20260914,cDC2,7376,40,6687,6672,208,223
5000,sgd,20260914,pDC,2615,40,2378,2370,46,54
5000,sgd,20260914,platelet,1574,38,1490,1521,47,16
5000,mlp,20260912,Atypical Memory B,781,34,450,387,36,99
5000,mlp,20260912,CD14 Monocyte-1,29871,40,24864,25960,2164,1068
5000,mlp,20260912,CD14 Monocyte-2,3931,40,2457,1925,389,921
5000,mlp,20260912,CD14 Monocyte-3,2977,32,1788,1581,219,426
5000,mlp,20260912,CD16 Monocyte-1,14678,40,12720,12729,708,699
5000,mlp,20260912,CD16 Monocyte-2,5142,40,3348,3406,393,335
5000,mlp,20260912,CD16 NK,58507,40,40857,43122,5977,3712
5000,mlp,20260912,CD4 + Tcm-1,70653,40,48333,50322,7951,5962
5000,mlp,20260912,CD4 + Tcm-2,16861,39,11506,10804,973,1675
5000,mlp,20260912,CD4 Monocyte-4,1405,35,893,860,81,114
5000,mlp,20260912,CD56 NK,38442,40,29255,30198,2603,1660
5000,mlp,20260912,CD8 + CTL-1,7303,40,4307,4157,452,602
5000,mlp,20260912,CD8 + CTL-2,4049,33,1391,1186,379,584
5000,mlp,20260912,CD8 + CTL-3,3244,27,749,1212,643,180
5000,mlp,20260912,CD8 Tem-1,26714,40,14405,15316,4077,3166
5000,mlp,20260912,CD8 Tem-2,10548,40,6576,6395,781,962
5000,mlp,20260912,Cycling T,3667,40,2170,2214,244,200
5000,mlp,20260912,Erythrocyte,65,6,5,5,0,0
5000,mlp,20260912,GCB,3283,31,2069,2269,415,215
5000,mlp,20260912,Memory B-1,23722,40,21460,21741,1022,741
5000,mlp,20260912,Memory B-2,2130,33,1085,1098,247,234
5000,mlp,20260912,Naive T,17960,40,12012,13167,1812,657
5000,mlp,20260912,Plasma,2173,40,2018,2004,48,62
5000,mlp,20260912,Tcm,2121,36,36,37,21,20
5000,mlp,20260912,cDC2,7376,40,6517,6420,246,343
5000,mlp,20260912,pDC,2615,40,2272,2236,78,114
5000,mlp,20260912,platelet,1574,38,1351,1339,82,94
5000,mlp,20260913,Atypical Memory B,781,34,427,379,41,89
5000,mlp,20260913,CD14 Monocyte-1,29871,40,24705,24625,1913,1993
5000,mlp,20260913,CD14 Monocyte-2,3931,40,2180,2408,771,543
5000,mlp,20260913,CD14 Monocyte-3,2977,32,1776,1859,304,221
5000,mlp,20260913,CD16 Monocyte-1,14678,40,12741,12916,811,636
5000,mlp,20260913,CD16 Monocyte-2,5142,40,3499,3398,325,426
5000,mlp,20260913,CD16 NK,58507,40,40931,43009,6021,3943
5000,mlp,20260913,CD4 + Tcm-1,70653,40,48356,49845,7915,6426
5000,mlp,20260913,CD4 + Tcm-2,16861,39,10890,11715,1680,855
5000,mlp,20260913,CD4 Monocyte-4,1405,35,913,884,92,121
5000,mlp,20260913,CD56 NK,38442,40,29334,29889,2315,1760
5000,mlp,20260913,CD8 + CTL-1,7303,40,4305,4216,481,570
5000,mlp,20260913,CD8 + CTL-2,4049,33,1272,1478,518,312
5000,mlp,20260913,CD8 + CTL-3,3244,27,728,1462,843,109
5000,mlp,20260913,CD8 Tem-1,26714,40,15142,15715,3868,3295
5000,mlp,20260913,CD8 Tem-2,10548,40,6620,6506,643,757
5000,mlp,20260913,Cycling T,3667,40,2239,2159,201,281
5000,mlp,20260913,Erythrocyte,65,6,6,5,0,1
5000,mlp,20260913,GCB,3283,31,2110,2191,356,275
5000,mlp,20260913,Memory B-1,23722,40,21203,21559,1143,787
5000,mlp,20260913,Memory B-2,2130,33,1094,1326,355,123
5000,mlp,20260913,Naive T,17960,40,12779,12332,900,1347
5000,mlp,20260913,Plasma,2173,40,2012,1988,42,66
5000,mlp,20260913,Tcm,2121,36,31,44,29,16
5000,mlp,20260913,cDC2,7376,40,6526,6591,305,240
5000,mlp,20260913,pDC,2615,40,2246,2252,112,106
5000,mlp,20260913,platelet,1574,38,1329,1106,37,260
5000,mlp,20260914,Atypical Memory B,781,34,449,335,21,135
5000,mlp,20260914,CD14 Monocyte-1,29871,40,24830,25519,2113,1424
5000,mlp,20260914,CD14 Monocyte-2,3931,40,2008,2211,724,521
5000,mlp,20260914,CD14 Monocyte-3,2977,32,1877,1843,278,312
5000,mlp,20260914,CD16 Monocyte-1,14678,40,13048,12656,528,920
5000,mlp,20260914,CD16 Monocyte-2,5142,40,3329,3363,404,370
5000,mlp,20260914,CD16 NK,58507,40,40960,42906,5990,4044
5000,mlp,20260914,CD4 + Tcm-1,70653,40,48700,50642,8138,6196
5000,mlp,20260914,CD4 + Tcm-2,16861,39,11051,11032,1277,1296
5000,mlp,20260914,CD4 Monocyte-4,1405,35,915,850,76,141
5000,mlp,20260914,CD56 NK,38442,40,28915,29298,2483,2100
5000,mlp,20260914,CD8 + CTL-1,7303,40,4404,4340,485,549
5000,mlp,20260914,CD8 + CTL-2,4049,33,1342,1433,475,384
5000,mlp,20260914,CD8 + CTL-3,3244,27,712,1300,724,136
5000,mlp,20260914,CD8 Tem-1,26714,40,15582,15160,3403,3825
5000,mlp,20260914,CD8 Tem-2,10548,40,6405,6478,816,743
5000,mlp,20260914,Cycling T,3667,40,2255,2117,160,298
5000,mlp,20260914,Erythrocyte,65,6,5,5,1,1
5000,mlp,20260914,GCB,3283,31,2090,2395,447,142
5000,mlp,20260914,Memory B-1,23722,40,21268,21315,995,948
5000,mlp,20260914,Memory B-2,2130,33,1044,1370,412,86
5000,mlp,20260914,Naive T,17960,40,12490,12657,1241,1074
5000,mlp,20260914,Plasma,2173,40,1992,2006,64,50
5000,mlp,20260914,Tcm,2121,36,39,44,30,25
5000,mlp,20260914,cDC2,7376,40,6514,6479,269,304
5000,mlp,20260914,pDC,2615,40,2256,2255,88,89
5000,mlp,20260914,platelet,1574,38,1358,1280,38,116
