model,task,metric,total_training_cells,patient_budget,cells_per_patient,n_subset_seeds,mean,std,q025,q975,fraction_positive,patient_clustered_bootstrap_q025,patient_clustered_bootstrap_q975
logistic_regression,coarse,macro_f1,3200,8,400,20,0.9775161146745299,0.0042974116023619235,0.9674916909567567,0.9813202307314992,1.0,0.9742391935044008,0.9804618759543506
logistic_regression,coarse,patient_balanced_macro_f1,3200,8,400,20,0.9794833454551662,0.003918562117716581,0.9700724999828151,0.9829809600332472,1.0,0.9756975611148317,0.9827005981093849
logistic_regression,coarse,mean_patient_macro_f1,3200,8,400,20,0.9694070672276454,0.006107147862104297,0.9543588419392983,0.9748172396153459,1.0,0.9626262199944795,0.9736025203320412
logistic_regression,coarse,macro_f1,3200,16,200,20,0.9792458993118904,0.002135905575319042,0.974588249034732,0.9813354773656106,1.0,0.9763189871026725,0.9817842602910356
logistic_regression,coarse,patient_balanced_macro_f1,3200,16,200,20,0.9809436901480751,0.002616449940077157,0.9750062280533609,0.9836086952100865,1.0,0.9777395675224811,0.9835772736065338
logistic_regression,coarse,mean_patient_macro_f1,3200,16,200,20,0.9712746288013913,0.004081195573365516,0.9617806341617798,0.9750624534309053,1.0,0.9643511829939161,0.9753783766151356
logistic_regression,coarse,macro_f1,3200,32,100,20,0.9801479662274086,0.001986071282603542,0.9765016841584916,0.9832217335149583,1.0,0.9770783623625071,0.9827870190261084
logistic_regression,coarse,patient_balanced_macro_f1,3200,32,100,20,0.982053254315472,0.002104946489087638,0.9782430295654312,0.985193690801499,1.0,0.9789171076460174,0.9847783056917678
logistic_regression,coarse,mean_patient_macro_f1,3200,32,100,20,0.9720366927211662,0.0023711005596251263,0.9685014485732092,0.9760610242071003,1.0,0.9654262714839714,0.9761531033102688
logistic_regression,coarse,macro_f1,6400,8,800,20,0.9804827866949161,0.0016485525550462663,0.9772169462600935,0.9830560864950516,1.0,0.9776800312682454,0.9830206947480095
logistic_regression,coarse,patient_balanced_macro_f1,6400,8,800,20,0.9821145249275643,0.0017256419499524643,0.9787895423074977,0.9844836100270249,1.0,0.9791555012038158,0.9845523423090956
logistic_regression,coarse,mean_patient_macro_f1,6400,8,800,20,0.9741268714940361,0.0020617267942624347,0.9700396683140011,0.9771577026562319,1.0,0.9678790253438091,0.9778560417727843
logistic_regression,coarse,macro_f1,6400,16,400,20,0.9813404114996638,0.0012865361864249237,0.9792921947136035,0.9835665642221779,1.0,0.9785588402787325,0.9838817937533029
logistic_regression,coarse,patient_balanced_macro_f1,6400,16,400,20,0.9831142691879979,0.0013934939993162333,0.9807501929916722,0.9856076255897632,1.0,0.9802406990635273,0.985520335125593
logistic_regression,coarse,mean_patient_macro_f1,6400,16,400,20,0.9746158877375694,0.0017291212859386546,0.9722047124681378,0.9780233215831973,1.0,0.9684109281774667,0.978684169260707
logistic_regression,coarse,macro_f1,6400,32,200,20,0.9820571568192185,0.0012301644497369206,0.9796207491967224,0.9839491341056312,1.0,0.9796073442176927,0.9845483861579161
logistic_regression,coarse,patient_balanced_macro_f1,6400,32,200,20,0.9838985954234867,0.0013569880591464837,0.9810473119731768,0.9858039073014222,1.0,0.9812843538503694,0.9860762313887395
logistic_regression,coarse,mean_patient_macro_f1,6400,32,200,20,0.9747219590838826,0.001422592938196316,0.9727307385935838,0.976984106163182,1.0,0.9682287380673368,0.9787394093137269
logistic_regression,coarse,macro_f1,12800,8,1600,20,0.9812642675593031,0.0014982278676578856,0.9780910721540688,0.9833380230698292,1.0,0.9784670887393773,0.9837076878070762
logistic_regression,coarse,patient_balanced_macro_f1,12800,8,1600,20,0.9828086002773935,0.0016007273263904628,0.9791190799098461,0.9847755176475583,1.0,0.9801107848170243,0.9851254642283108
logistic_regression,coarse,mean_patient_macro_f1,12800,8,1600,20,0.9749111141001867,0.0019022302788870371,0.9714313255689155,0.9781978057708791,1.0,0.96843434225031,0.9787001232950391
logistic_regression,coarse,macro_f1,12800,16,800,20,0.9819266237184596,0.0010968354398324736,0.9796407566363212,0.9833699270183733,1.0,0.9794136860421006,0.9843383716558313
logistic_regression,coarse,patient_balanced_macro_f1,12800,16,800,20,0.983546546862368,0.00121486164768133,0.9805677479439572,0.9849953987769203,1.0,0.9809150934329377,0.9856562829565682
logistic_regression,coarse,mean_patient_macro_f1,12800,16,800,20,0.9757349292709192,0.0011293405811587914,0.973557684601203,0.9772827092685178,1.0,0.9695778285277115,0.97957919242372
logistic_regression,coarse,macro_f1,12800,32,400,20,0.9822798513699688,0.0008559098323785341,0.9807757287903551,0.983539198329204,1.0,0.9797768221515293,0.984664150599392
logistic_regression,coarse,patient_balanced_macro_f1,12800,32,400,20,0.9839227425175509,0.0007257025280994515,0.9827097640797801,0.9851390331952159,1.0,0.9815405170800126,0.9859395308558555
logistic_regression,coarse,mean_patient_macro_f1,12800,32,400,20,0.9755328760334834,0.0012701216768006218,0.9734168636976102,0.9775529018019233,1.0,0.9692748763341643,0.9795010040360093
logistic_regression,fine,macro_f1,3200,8,400,20,0.5075579862634014,0.009746416071986331,0.48893909269056857,0.5231720269293227,1.0,0.5027374623666724,0.5142188772489239
logistic_regression,fine,patient_balanced_macro_f1,3200,8,400,20,0.5102557657471796,0.00977808613858814,0.4927444963270795,0.5264494656705194,1.0,0.5060520061772719,0.5160549325188725
logistic_regression,fine,mean_patient_macro_f1,3200,8,400,20,0.4525991965109264,0.005149336509248795,0.4433985112872786,0.45985586562811104,1.0,0.45160855084077134,0.46340935210002554
logistic_regression,fine,macro_f1,3200,16,200,20,0.5145419152971227,0.005403087729023464,0.5032405795812117,0.5238140206737154,1.0,0.509259683238914,0.5209000033066048
logistic_regression,fine,patient_balanced_macro_f1,3200,16,200,20,0.5174452819087532,0.005845947642977242,0.5066259849666018,0.5273904239194299,1.0,0.512927454425151,0.5229140047422652
logistic_regression,fine,mean_patient_macro_f1,3200,16,200,20,0.45807252611483645,0.0034159198598983174,0.45138703861159835,0.46266240206996495,1.0,0.4567255679542311,0.4684234157780667
logistic_regression,fine,macro_f1,3200,32,100,20,0.5195414460613382,0.004909021870052957,0.5115629291622888,0.5262755085287648,1.0,0.5133931449857968,0.5253170419857114
logistic_regression,fine,patient_balanced_macro_f1,3200,32,100,20,0.5224059383746832,0.0059082525967523265,0.5124836823570307,0.5312201000132893,1.0,0.5169917410831376,0.5273480293142397
logistic_regression,fine,mean_patient_macro_f1,3200,32,100,20,0.46236606814970205,0.003184382552146967,0.45645552420946245,0.4667563422233527,1.0,0.4597762069744885,0.47155168052021035
logistic_regression,fine,macro_f1,6400,8,800,20,0.5244788473092844,0.006990236445260422,0.5113811181587152,0.534639065491938,1.0,0.5186731371697951,0.5305777928510425
logistic_regression,fine,patient_balanced_macro_f1,6400,8,800,20,0.5270638168537294,0.0070057256940207506,0.5145940026756515,0.5377993696953014,1.0,0.5220397475595957,0.5324828032186404
logistic_regression,fine,mean_patient_macro_f1,6400,8,800,20,0.4662999924486254,0.00327185483420132,0.46070714473845703,0.4712749554479504,1.0,0.46273647980000343,0.47527267030400105
logistic_regression,fine,macro_f1,6400,16,400,20,0.5298268831043897,0.00513114992321648,0.521022012333146,0.5394105992255172,1.0,0.5235761400228884,0.535339257906613
logistic_regression,fine,patient_balanced_macro_f1,6400,16,400,20,0.5325188217307845,0.0049162904000783735,0.5248519305341106,0.5415585000933296,1.0,0.5267170821590808,0.5374151905555782
logistic_regression,fine,mean_patient_macro_f1,6400,16,400,20,0.4702121495436361,0.0020838204699285497,0.46697213895865325,0.4734015573246632,1.0,0.46613181903540707,0.4782968320996263
logistic_regression,fine,macro_f1,6400,32,200,20,0.5358214951005168,0.003831389906036501,0.5288425998154167,0.5408472573094462,1.0,0.5294553981588456,0.54164475879491
logistic_regression,fine,patient_balanced_macro_f1,6400,32,200,20,0.5388409586078418,0.00447322002874705,0.529924910515353,0.5440628463066269,1.0,0.53293796223178,0.5434954759458811
logistic_regression,fine,mean_patient_macro_f1,6400,32,200,20,0.4739796727713581,0.001918230861274822,0.47056622788763375,0.4769571050882817,1.0,0.4691235632474385,0.481720647505132
logistic_regression,fine,macro_f1,12800,8,1600,20,0.530616602715947,0.005299383326877991,0.5214015304460282,0.5409791124069023,1.0,0.524130183653668,0.5363734408437322
logistic_regression,fine,patient_balanced_macro_f1,12800,8,1600,20,0.5331730333350502,0.0056077660203228295,0.5245390506271205,0.543880076443471,1.0,0.5271954381511333,0.5385840126859156
logistic_regression,fine,mean_patient_macro_f1,12800,8,1600,20,0.4690750309094659,0.002672199934828147,0.46441823087834183,0.472926054346611,1.0,0.46354107105761866,0.4766942732321661
logistic_regression,fine,macro_f1,12800,16,800,20,0.5337853949266909,0.004527344993293869,0.5247174338940772,0.5390338586103552,1.0,0.5274593297451848,0.5400509935011018
logistic_regression,fine,patient_balanced_macro_f1,12800,16,800,20,0.5362547061389475,0.0044783891805055855,0.5264331785085858,0.5419984240019488,1.0,0.5304659028764839,0.5412941558701753
logistic_regression,fine,mean_patient_macro_f1,12800,16,800,20,0.4715749630123428,0.0021122371445466185,0.46741273248632453,0.47481328314069554,1.0,0.46594211353929776,0.47912034060632613
logistic_regression,fine,macro_f1,12800,32,400,20,0.5375435657963086,0.0037945150419349794,0.5307271731965121,0.543963456586571,1.0,0.5305693740553131,0.5429027597127469
logistic_regression,fine,patient_balanced_macro_f1,12800,32,400,20,0.5406282810353102,0.003778018653000489,0.5334554910698371,0.547354302731146,1.0,0.5340911274003186,0.5454025820068379
logistic_regression,fine,mean_patient_macro_f1,12800,32,400,20,0.4737306185701299,0.001617320007928122,0.4707627931838985,0.47681263326614776,1.0,0.46740077325769624,0.4803232973571835
xgboost,coarse,macro_f1,3200,8,400,20,0.9626190292793779,0.005069600774867818,0.9524373270231956,0.9690097885292223,1.0,0.9590098075317782,0.9660756792143597
xgboost,coarse,patient_balanced_macro_f1,3200,8,400,20,0.9637050367850538,0.00522932714435694,0.9549165418972569,0.9712434094361495,1.0,0.9596076052723809,0.967767429000961
xgboost,coarse,mean_patient_macro_f1,3200,8,400,20,0.953122182797759,0.006018005800627683,0.9408758108960372,0.9602321017290327,1.0,0.9490229278507927,0.9597359200450625
xgboost,coarse,macro_f1,3200,16,200,20,0.9663272552173019,0.004367328425072979,0.9577800352765237,0.9722189072198784,1.0,0.9625330413509599,0.9698749458376761
xgboost,coarse,patient_balanced_macro_f1,3200,16,200,20,0.9668151101825169,0.004982628859260267,0.9586049426844856,0.9746689147333357,1.0,0.962170967111642,0.9713541677136498
xgboost,coarse,mean_patient_macro_f1,3200,16,200,20,0.9568975142019989,0.004820615566356318,0.9476739356151046,0.9634657473000064,1.0,0.9519810440258126,0.962529346502499
xgboost,coarse,macro_f1,3200,32,100,20,0.9683764923029339,0.004899385106214166,0.9591970911201737,0.9759706990106733,1.0,0.9650819128739282,0.9716493821231101
xgboost,coarse,patient_balanced_macro_f1,3200,32,100,20,0.9693190259457714,0.00491621018151595,0.9606775010147438,0.9777394233641368,1.0,0.9653902589335333,0.9729291743760077
xgboost,coarse,mean_patient_macro_f1,3200,32,100,20,0.9597750606784269,0.005541569737100229,0.9484484186156623,0.9672183200001304,1.0,0.954791185835778,0.9650838052027141
xgboost,coarse,macro_f1,6400,8,800,20,0.9741705722735349,0.00402186173014091,0.9655248503589964,0.9792513887968686,1.0,0.970760735566548,0.9773180863507114
xgboost,coarse,patient_balanced_macro_f1,6400,8,800,20,0.9754352794384429,0.0038309366451020877,0.9676477707470859,0.9815008269027242,1.0,0.9716951471686575,0.9788018659777779
xgboost,coarse,mean_patient_macro_f1,6400,8,800,20,0.9670563443763014,0.0037770735180600343,0.9587068950419138,0.9714658752997954,1.0,0.961583594512084,0.9718369105173336
xgboost,coarse,macro_f1,6400,16,400,20,0.977053073260557,0.0023523185822944613,0.973401481373829,0.9807021223662818,1.0,0.97391546856849,0.9799000599287935
xgboost,coarse,patient_balanced_macro_f1,6400,16,400,20,0.9780387489995576,0.0024932596416449354,0.9743851562743224,0.9820807720880972,1.0,0.9745231433698076,0.9811953721492178
xgboost,coarse,mean_patient_macro_f1,6400,16,400,20,0.9692075021788586,0.0023676848975378285,0.9653248375051002,0.9728383481317531,1.0,0.9636075599799319,0.9737745583348056
xgboost,coarse,macro_f1,6400,32,200,20,0.9792908952149526,0.0021029628680879304,0.9759338158137206,0.9817512103270482,1.0,0.9763290742075443,0.9817540762402361
xgboost,coarse,patient_balanced_macro_f1,6400,32,200,20,0.98046710385857,0.0025854043336304253,0.9759693239295419,0.9838514999286552,1.0,0.9774732657549103,0.9833393858448025
xgboost,coarse,mean_patient_macro_f1,6400,32,200,20,0.9710405129553289,0.002073369982172577,0.9665780180255864,0.9734343334459198,1.0,0.9655562640304199,0.975365547905478
xgboost,coarse,macro_f1,12800,8,1600,20,0.980464225007097,0.0019976254188767985,0.9764251148614823,0.9836678282265893,1.0,0.9775741766860514,0.9830187425925346
xgboost,coarse,patient_balanced_macro_f1,12800,8,1600,20,0.9814628534017732,0.002388753471012529,0.9767244431386165,0.9854436027127379,1.0,0.9783860982181544,0.9843033972505651
xgboost,coarse,mean_patient_macro_f1,12800,8,1600,20,0.9741852462724312,0.0017713739428402498,0.970657385950366,0.9769578225653951,1.0,0.9685397995997611,0.9782033914087049
xgboost,coarse,macro_f1,12800,16,800,20,0.982726645587177,0.0015804437595361648,0.979554677160436,0.9846332649012239,1.0,0.9799433528958682,0.9849588205361862
xgboost,coarse,patient_balanced_macro_f1,12800,16,800,20,0.9838228904635603,0.0016621850413629136,0.9806680405250306,0.9862903942879632,1.0,0.9809264756053657,0.9863146602326375
xgboost,coarse,mean_patient_macro_f1,12800,16,800,20,0.9760990639535402,0.0015914354707586783,0.9727238855620034,0.9779656711751816,1.0,0.9705774557822796,0.9803748046824883
xgboost,coarse,macro_f1,12800,32,400,20,0.984206226836719,0.0012836237105546644,0.981735303716562,0.9861198000210677,1.0,0.9817456618854375,0.986197913594543
xgboost,coarse,patient_balanced_macro_f1,12800,32,400,20,0.9853202574246926,0.0015736325794393194,0.9820643999511377,0.9874653316680282,1.0,0.983083620712609,0.9874755556043452
xgboost,coarse,mean_patient_macro_f1,12800,32,400,20,0.9771321451590296,0.0014487017112995513,0.9745320446268376,0.9797583953087239,1.0,0.9716599352592413,0.9810538257854713
xgboost,fine,macro_f1,3200,8,400,20,0.5029883816729758,0.008836343394130067,0.4872090297388086,0.5160229461021858,1.0,0.4988758342804486,0.510141130253664
xgboost,fine,patient_balanced_macro_f1,3200,8,400,20,0.5039419508852316,0.009421580046353286,0.4870767878735519,0.5194792077339475,1.0,0.5008945830583365,0.50999253468221
xgboost,fine,mean_patient_macro_f1,3200,8,400,20,0.44895191035300924,0.005288455764067832,0.4386659459101799,0.4558211818297354,1.0,0.4501725952126171,0.4615814250773139
xgboost,fine,macro_f1,3200,16,200,20,0.5141436035279217,0.005211960533340733,0.5055903881811706,0.5225098288881512,1.0,0.5091789622612467,0.5203764971606106
xgboost,fine,patient_balanced_macro_f1,3200,16,200,20,0.5154142437244067,0.005801861243213756,0.5057158018667498,0.5245297455673233,1.0,0.5115631398075434,0.5210995252127423
xgboost,fine,mean_patient_macro_f1,3200,16,200,20,0.45700016506755325,0.004514444642049798,0.44944378473060415,0.4656539312790125,1.0,0.4574668761548132,0.46890708256560376
xgboost,fine,macro_f1,3200,32,100,20,0.5189181192577899,0.005931928566242723,0.5098904423704618,0.5276189230063039,1.0,0.5130588561382659,0.5249791659197395
xgboost,fine,patient_balanced_macro_f1,3200,32,100,20,0.5202184427484846,0.0066056862425372745,0.5095253381957223,0.5301800649743916,1.0,0.51528326645167,0.5258058286464317
xgboost,fine,mean_patient_macro_f1,3200,32,100,20,0.46180739194068776,0.004936827548319255,0.45435970068315473,0.4700753504542989,1.0,0.460827702657689,0.47246366207300927
xgboost,fine,macro_f1,6400,8,800,20,0.5455466634625814,0.007567989919704552,0.5331629329425409,0.5559728862600898,1.0,0.5402742435393441,0.5517982704240356
xgboost,fine,patient_balanced_macro_f1,6400,8,800,20,0.5471390293776031,0.008341766778949301,0.5313657654129925,0.5597187109988884,1.0,0.5429751140066242,0.5528954975062618
xgboost,fine,mean_patient_macro_f1,6400,8,800,20,0.4866035753262783,0.004205523249775323,0.4789571585335298,0.4931016427581113,1.0,0.4857903281328047,0.49794191194572224
xgboost,fine,macro_f1,6400,16,400,20,0.5563043940195925,0.004825353936026929,0.5474812793662204,0.5627055115915398,1.0,0.550481242673341,0.5625304178037452
xgboost,fine,patient_balanced_macro_f1,6400,16,400,20,0.5583660854424786,0.005900361562721668,0.5467317790875833,0.566160636554529,1.0,0.5538016445917355,0.5634896436235826
xgboost,fine,mean_patient_macro_f1,6400,16,400,20,0.4951573852265768,0.0025197504936145423,0.49081226709730724,0.4995955856628738,1.0,0.49265716823796707,0.5053925626200823
xgboost,fine,macro_f1,6400,32,200,20,0.5629729186289409,0.004401270802239024,0.5548324101682988,0.5698102774563212,1.0,0.556656915752995,0.5684678722262386
xgboost,fine,patient_balanced_macro_f1,6400,32,200,20,0.5651167207001853,0.004967818777878633,0.5567766331839878,0.5722381425781778,1.0,0.5600917021915303,0.5700205165940272
xgboost,fine,mean_patient_macro_f1,6400,32,200,20,0.5006664020336737,0.0026830293623136803,0.49607484204260316,0.5050097036581356,1.0,0.4971929311896805,0.5096383458789374
xgboost,fine,macro_f1,12800,8,1600,20,0.5754687086338469,0.005715935299936665,0.5641014983788208,0.584123743565677,1.0,0.5693034050311119,0.5815712632140797
xgboost,fine,patient_balanced_macro_f1,12800,8,1600,20,0.5775986155397576,0.005830122597101592,0.5658961766798809,0.5869005773613185,1.0,0.5722467691775307,0.5829035017365628
xgboost,fine,mean_patient_macro_f1,12800,8,1600,20,0.5128621339668874,0.0032885306739725336,0.5065349244866153,0.5180660532876503,1.0,0.510352362441117,0.5228784459216473
xgboost,fine,macro_f1,12800,16,800,20,0.5852512706817377,0.004645322327944143,0.5745820780383366,0.5901527287028788,1.0,0.5788486869133338,0.5909506826134985
xgboost,fine,patient_balanced_macro_f1,12800,16,800,20,0.5874181783461039,0.005476098938748604,0.5745227670386148,0.5939435533353089,1.0,0.5820642746304147,0.5926612651477807
xgboost,fine,mean_patient_macro_f1,12800,16,800,20,0.5207907693971271,0.0024199156204815545,0.5169915621168081,0.5248198316153158,1.0,0.5170993528236065,0.5301180615220161
xgboost,fine,macro_f1,12800,32,400,20,0.5914698215650738,0.0041334112372243634,0.5828752260084806,0.5972058465797588,1.0,0.5848176726935017,0.5968664273686992
xgboost,fine,patient_balanced_macro_f1,12800,32,400,20,0.5943261666538783,0.004730495476224519,0.5845413211912881,0.6018601731199458,1.0,0.5888006801370212,0.5987181637234333
xgboost,fine,mean_patient_macro_f1,12800,32,400,20,0.5246971079133939,0.0024231765769464645,0.520849017537342,0.5282545867313498,1.0,0.5205037537272243,0.5335485649028677
