model,task,metric,term,estimate,cluster_seed_bootstrap_q025,cluster_seed_bootstrap_q975,standardized_estimate,standardized_bootstrap_q025,standardized_bootstrap_q975,n_subset_seeds,outer_fold_adjustment,interpretation
logistic_regression,coarse,macro_f1,intercept,0.954215337470569,0.9496098885432667,0.9585662899083266,,,,20,fixed effects,descriptive response surface; not causal
logistic_regression,coarse,macro_f1,log2_patient_budget,0.01352610984919019,0.011580311683465763,0.015625347662612168,0.6334862644883333,0.5423561150812726,0.7318026566753274,20,fixed effects,descriptive response surface; not causal
logistic_regression,coarse,macro_f1,log2_cells_per_patient,0.00783298951827365,0.006748385882303683,0.00902782225139274,0.6354076882971503,0.5474252535648427,0.7323318451700541,20,fixed effects,descriptive response surface; not causal
logistic_regression,coarse,macro_f1,interaction,-0.0035484266227663306,-0.004224852212540448,-0.002912211534101879,-0.49856452841134724,-0.59360434211565,-0.4091744100943752,20,fixed effects,descriptive response surface; not causal
logistic_regression,coarse,patient_balanced_macro_f1,intercept,0.96111365692823,0.9588034324383253,0.9636530237069415,,,,20,not applicable after pooled patient summary,descriptive response surface; not causal
logistic_regression,coarse,patient_balanced_macro_f1,log2_patient_budget,0.011615063195279496,0.010043470290518502,0.013033798130958861,1.0075589268265719,0.8712297107123811,1.130628343256903,20,not applicable after pooled patient summary,descriptive response surface; not causal
logistic_regression,coarse,patient_balanced_macro_f1,log2_cells_per_patient,0.006655329650930712,0.005837788477015788,0.007381632557203621,0.9999518246922221,0.8771176704887671,1.1090775862246047,20,not applicable after pooled patient summary,descriptive response surface; not causal
logistic_regression,coarse,patient_balanced_macro_f1,interaction,-0.002977552856385794,-0.003413893817901079,-0.0024902467494575167,-0.7748713657714902,-0.8884237133196697,-0.6480559684177589,20,not applicable after pooled patient summary,descriptive response surface; not causal
logistic_regression,coarse,mean_patient_macro_f1,intercept,0.9449080826836478,0.9406943355080606,0.948865748803547,,,,20,not applicable after pooled patient summary,descriptive response surface; not causal
logistic_regression,coarse,mean_patient_macro_f1,log2_patient_budget,0.015117003272619212,0.012730052056066626,0.017612730202990312,0.9580400562166947,0.8067670270023317,1.1162067461058858,20,not applicable after pooled patient summary,descriptive response surface; not causal
logistic_regression,coarse,mean_patient_macro_f1,log2_cells_per_patient,0.009180760470205043,0.007924800565621257,0.01046225394587689,1.0077602972508706,0.8698951900098947,1.1484281918288095,20,not applicable after pooled patient summary,descriptive response surface; not causal
logistic_regression,coarse,mean_patient_macro_f1,interaction,-0.00396675454208563,-0.004697695005697756,-0.0032321376671041574,-0.7541791867004924,-0.8931492385463607,-0.6145101571621318,20,not applicable after pooled patient summary,descriptive response surface; not causal
logistic_regression,fine,macro_f1,intercept,0.43235129539639655,0.4269956643356577,0.43774021762099213,,,,20,fixed effects,descriptive response surface; not causal
logistic_regression,fine,macro_f1,log2_patient_budget,0.04557330884469641,0.04349954027306965,0.04764678539140264,0.9195641183243903,0.8777202580360077,0.9614020862243251,20,fixed effects,descriptive response surface; not causal
logistic_regression,fine,macro_f1,log2_cells_per_patient,0.027447505851073792,0.02639681486129793,0.028388065461589774,0.959256981500091,0.9225366079692368,0.9921283971325304,20,fixed effects,descriptive response surface; not causal
logistic_regression,fine,macro_f1,interaction,-0.009192508092264655,-0.00970032144475734,-0.008640727246868662,-0.5564507480371529,-0.587190249925173,-0.5230497587650802,20,fixed effects,descriptive response surface; not causal
logistic_regression,fine,patient_balanced_macro_f1,intercept,0.4443416732586345,0.44063496306959926,0.44773091404546866,,,,20,not applicable after pooled patient summary,descriptive response surface; not causal
logistic_regression,fine,patient_balanced_macro_f1,log2_patient_budget,0.04149110037367449,0.03964293990997301,0.043525918032196485,0.9570478329557242,0.914417535113293,1.0039836291387563,20,not applicable after pooled patient summary,descriptive response surface; not causal
logistic_regression,fine,patient_balanced_macro_f1,log2_cells_per_patient,0.02531318572233129,0.024306532667434638,0.026237407806904037,1.01131424443514,0.9710963680766137,1.0482388326478906,20,not applicable after pooled patient summary,descriptive response surface; not causal
logistic_regression,fine,patient_balanced_macro_f1,interaction,-0.008123202922330935,-0.008571664467877785,-0.007695011981530016,-0.5621176842836233,-0.5931507838975764,-0.5324872906598762,20,not applicable after pooled patient summary,descriptive response surface; not causal
logistic_regression,fine,mean_patient_macro_f1,intercept,0.3927996146784927,0.3894825743192408,0.39597733411967156,,,,20,not applicable after pooled patient summary,descriptive response surface; not causal
logistic_regression,fine,mean_patient_macro_f1,log2_patient_budget,0.03690280131903469,0.03503833204119895,0.03880873383730662,1.004201821479263,0.9534657424291061,1.0560662013651878,20,not applicable after pooled patient summary,descriptive response surface; not causal
logistic_regression,fine,mean_patient_macro_f1,log2_cells_per_patient,0.022305441371633768,0.021363976922850633,0.02317966960881189,1.0513156234222272,1.0069418642389176,1.0925203585749264,20,not applicable after pooled patient summary,descriptive response surface; not causal
logistic_regression,fine,mean_patient_macro_f1,interaction,-0.00812183068484011,-0.008612842362767756,-0.0076199431905062745,-0.6630356132277455,-0.7031199540136739,-0.6220634118251597,20,not applicable after pooled patient summary,descriptive response surface; not causal
xgboost,coarse,macro_f1,intercept,0.9128299278875829,0.906311216946091,0.918546424314504,,,,20,fixed effects,descriptive response surface; not causal
xgboost,coarse,macro_f1,log2_patient_budget,0.03085105883973777,0.028897173814719863,0.032909602328523864,0.8398876351576154,0.786695169979778,0.8959293169568375,20,fixed effects,descriptive response surface; not causal
xgboost,coarse,macro_f1,log2_cells_per_patient,0.019508971828945558,0.018216741890704397,0.0208260409851844,0.9199116576575476,0.858978800970636,0.9820157644955955,20,fixed effects,descriptive response surface; not causal
xgboost,coarse,macro_f1,interaction,-0.007547201224728148,-0.008123554075485952,-0.006989469124991846,-0.6163938510140414,-0.6634656518900438,-0.5708428412351827,20,fixed effects,descriptive response surface; not causal
xgboost,coarse,patient_balanced_macro_f1,intercept,0.9177220058414857,0.9139282047670539,0.9215105064486538,,,,20,not applicable after pooled patient summary,descriptive response surface; not causal
xgboost,coarse,patient_balanced_macro_f1,log2_patient_budget,0.02893407214908163,0.027019371054875434,0.030966520839214834,1.0170332566546094,0.9497314721243432,1.0884738717073088,20,not applicable after pooled patient summary,descriptive response surface; not causal
xgboost,coarse,patient_balanced_macro_f1,log2_cells_per_patient,0.018372450771440816,0.017261912112607008,0.019479328265090027,1.118544622137318,1.0509332261419035,1.1859331204540868,20,not applicable after pooled patient summary,descriptive response surface; not causal
xgboost,coarse,patient_balanced_macro_f1,interaction,-0.007023246820635156,-0.007569679479652716,-0.006519301975414203,-0.7406018291662848,-0.7982231882214125,-0.6874608128100058,20,not applicable after pooled patient summary,descriptive response surface; not causal
xgboost,coarse,mean_patient_macro_f1,intercept,0.902153083211547,0.8973134820833516,0.9064053600758472,,,,20,not applicable after pooled patient summary,descriptive response surface; not causal
xgboost,coarse,mean_patient_macro_f1,log2_patient_budget,0.03187530790068043,0.029874661781111304,0.03423833753770397,1.0018308316213145,0.9389511577372825,1.0761001046831309,20,not applicable after pooled patient summary,descriptive response surface; not causal
xgboost,coarse,mean_patient_macro_f1,log2_cells_per_patient,0.020633424858231317,0.019288140157699054,0.022157345087454428,1.123238426976616,1.0500040763419587,1.2061973042774703,20,not applicable after pooled patient summary,descriptive response surface; not causal
xgboost,coarse,mean_patient_macro_f1,interaction,-0.007700596501433929,-0.008412249696233231,-0.00709702462370368,-0.726081927213044,-0.7931830307562537,-0.6691717083602098,20,not applicable after pooled patient summary,descriptive response surface; not causal
xgboost,fine,macro_f1,intercept,0.3722690633298163,0.36587333558982615,0.3786560160664502,,,,20,fixed effects,descriptive response surface; not causal
xgboost,fine,macro_f1,log2_patient_budget,0.07689343297204236,0.0740256804730338,0.07992341507479296,0.8484408907365324,0.8167981562320736,0.8818736640542248,20,fixed effects,descriptive response surface; not causal
xgboost,fine,macro_f1,log2_cells_per_patient,0.05312994524587641,0.05182896726079541,0.054431021601822886,1.01538872387734,0.9905251865642382,1.0402541411974153,20,fixed effects,descriptive response surface; not causal
xgboost,fine,macro_f1,interaction,-0.013415793099029015,-0.014097236376028388,-0.012755172987859272,-0.4440889295844976,-0.4666460317417384,-0.4222211148481033,20,fixed effects,descriptive response surface; not causal
xgboost,fine,patient_balanced_macro_f1,intercept,0.38761066705250014,0.38244221390167593,0.3925422867183654,,,,20,not applicable after pooled patient summary,descriptive response surface; not causal
xgboost,fine,patient_balanced_macro_f1,log2_patient_budget,0.0738205667523246,0.07105869990644408,0.0767195572898173,0.8542943249598481,0.8223324032822936,0.8878431213623674,20,not applicable after pooled patient summary,descriptive response surface; not causal
xgboost,fine,patient_balanced_macro_f1,log2_cells_per_patient,0.0516246124654945,0.05028952044954652,0.05305775412059461,1.0347789324253052,1.0080179549579082,1.0635052457292538,20,not applicable after pooled patient summary,descriptive response surface; not causal
xgboost,fine,patient_balanced_macro_f1,interaction,-0.012746375719180865,-0.013441679522877044,-0.012096063468251006,-0.4425253118376791,-0.46666468598852595,-0.41994794255446044,20,not applicable after pooled patient summary,descriptive response surface; not causal
xgboost,fine,mean_patient_macro_f1,intercept,0.3416457106680436,0.3372228279589775,0.34599667185729394,,,,20,not applicable after pooled patient summary,descriptive response surface; not causal
xgboost,fine,mean_patient_macro_f1,log2_patient_budget,0.06658710391523376,0.06418100094665274,0.06904498802410537,0.8661177160836806,0.834820838981735,0.8980881254513002,20,not applicable after pooled patient summary,descriptive response surface; not causal
xgboost,fine,mean_patient_macro_f1,log2_cells_per_patient,0.04683572107270705,0.0456986026771256,0.047988722793158314,1.0551753421031538,1.0295568768678944,1.0811516473026408,20,not applicable after pooled patient summary,descriptive response surface; not causal
xgboost,fine,mean_patient_macro_f1,interaction,-0.012145769006565062,-0.012772343761743302,-0.011574747983900832,-0.47395058923591676,-0.4984007063307307,-0.45166828253211544,20,not applicable after pooled patient summary,descriptive response surface; not causal
