model,task,metric,effect_type,fixed_axis,fixed_value,n_paired_seeds,mean,std,median,q025,q975,min,max,fraction_positive
logistic_regression,coarse,macro_f1,patient_budget_gain_P32_minus_P8,cell_cap,100,20,0.031139890318841186,0.01087715587187503,0.03163870682239711,0.010071152049425786,0.04661262288348237,0.009482362775070086,0.04749748008218657,1.0
logistic_regression,coarse,macro_f1,patient_budget_gain_P32_minus_P8,cell_cap,200,20,0.01114505240640563,0.005866074852205689,0.010961032114870706,0.004552557854582531,0.023463693062670807,0.004505266847141698,0.023861416518685785,1.0
logistic_regression,coarse,macro_f1,patient_budget_gain_P32_minus_P8,cell_cap,400,20,0.0047637366954388916,0.004517807383757594,0.0039012814432273224,0.0001760335409039471,0.015522645179643317,-0.0003351524502761549,0.022312296105511886,0.95
logistic_regression,coarse,macro_f1,patient_budget_gain_P32_minus_P8,cell_cap,800,20,0.004471799078141781,0.0017889284853806683,0.004560339365015098,0.0017615202539241954,0.008084123826900791,0.0016789594614076142,0.009619969191010824,1.0
logistic_regression,coarse,macro_f1,patient_budget_gain_P32_minus_P8,cell_cap,1600,20,0.005414340021904279,0.0016621096917668805,0.0047180323214752184,0.0036705481747263623,0.009186763297340394,0.0031839926670048646,0.010342283311968403,1.0
logistic_regression,coarse,macro_f1,mean_patient_gain_across_cell_caps,cell_cap,mean,20,0.011386963704146354,0.003543164333766127,0.011176926439982004,0.005835773816904712,0.018216739023796964,0.005405188050438392,0.020201624498445713,1.0
logistic_regression,coarse,patient_balanced_macro_f1,patient_budget_gain_P32_minus_P8,cell_cap,100,20,0.03146884550172781,0.010536764364999998,0.030891120660537286,0.011437579031899996,0.04720058479354439,0.011432052625854117,0.048178744891781755,1.0
logistic_regression,coarse,patient_balanced_macro_f1,patient_budget_gain_P32_minus_P8,cell_cap,200,20,0.01126484798451145,0.0055646910346341,0.011446105692533015,0.004422800922607379,0.02112539104411662,0.00430850052335463,0.021467148431162708,1.0
logistic_regression,coarse,patient_balanced_macro_f1,patient_budget_gain_P32_minus_P8,cell_cap,400,20,0.004439397062384676,0.004006620412036345,0.004069085827462404,0.0007676839148687748,0.014284638871903614,-0.00022863588575050553,0.019693287820097383,0.95
logistic_regression,coarse,patient_balanced_macro_f1,patient_budget_gain_P32_minus_P8,cell_cap,800,20,0.004201486692657158,0.001739291331142855,0.004040582985662067,0.0016711908492719001,0.007566885476861802,0.0016041620456354044,0.008978590827727007,1.0
logistic_regression,coarse,patient_balanced_macro_f1,patient_budget_gain_P32_minus_P8,cell_cap,1600,20,0.0052249975837957595,0.0017430791825574783,0.004517495814232608,0.0033059178529875333,0.009354521243382397,0.003093543221026951,0.010342290604418936,1.0
logistic_regression,coarse,patient_balanced_macro_f1,mean_patient_gain_across_cell_caps,cell_cap,mean,20,0.011319914965015372,0.003129188495768832,0.011307298038300129,0.006231222964945446,0.016717256749508927,0.005588088211622888,0.018399331638591532,1.0
logistic_regression,fine,macro_f1,patient_budget_gain_P32_minus_P8,cell_cap,100,20,0.09748871241137838,0.009662090197484206,0.09379761894415872,0.08660148372204228,0.11801489297401356,0.0856404048641412,0.11948186469586908,1.0
logistic_regression,fine,macro_f1,patient_budget_gain_P32_minus_P8,cell_cap,200,20,0.06317875236479856,0.007875583820758997,0.06260169522895034,0.05041752621876416,0.07658146270672726,0.04711398762027724,0.07795340305412835,1.0
logistic_regression,fine,macro_f1,patient_budget_gain_P32_minus_P8,cell_cap,400,20,0.029985579532907085,0.010748859118184172,0.02964785634578443,0.015309988648861447,0.051071286923988705,0.014421029488107862,0.05806203619668848,1.0
logistic_regression,fine,macro_f1,patient_budget_gain_P32_minus_P8,cell_cap,800,20,0.01770159845016913,0.008205028246812969,0.01626832641960735,0.007507997552026474,0.03504988864289746,0.006947981955016003,0.03961164276672047,1.0
logistic_regression,fine,macro_f1,patient_budget_gain_P32_minus_P8,cell_cap,1600,20,0.03903753613827837,0.006822170816030938,0.03866574641627818,0.028531893990065844,0.04953066660874473,0.02680690675711639,0.04969074004804508,1.0
logistic_regression,fine,macro_f1,mean_patient_gain_across_cell_caps,cell_cap,mean,20,0.049478435779506294,0.007114770012231449,0.0475584013990844,0.04106601938397972,0.06412499707124396,0.04088094943028555,0.06624220752031049,1.0
logistic_regression,fine,patient_balanced_macro_f1,patient_budget_gain_P32_minus_P8,cell_cap,100,20,0.09899093933110689,0.009856964531190317,0.09784894878205566,0.08535421140687213,0.12064776560022415,0.0821385795319628,0.12507852914997053,1.0
logistic_regression,fine,patient_balanced_macro_f1,patient_budget_gain_P32_minus_P8,cell_cap,200,20,0.06409224285875334,0.007981625746810347,0.0631517482404578,0.049212853477584494,0.07828242980107553,0.04343025571020792,0.0792487909918923,1.0
logistic_regression,fine,patient_balanced_macro_f1,patient_budget_gain_P32_minus_P8,cell_cap,400,20,0.03037251528813088,0.010885605432696389,0.03086033178137504,0.014908611625465567,0.05085587829493946,0.013890020866990649,0.05862777096483046,1.0
logistic_regression,fine,patient_balanced_macro_f1,patient_budget_gain_P32_minus_P8,cell_cap,800,20,0.018372432549918834,0.008035460096996348,0.017683236900703225,0.007849441768956425,0.03461473158459605,0.006979985031209668,0.03874188886764596,1.0
logistic_regression,fine,patient_balanced_macro_f1,patient_budget_gain_P32_minus_P8,cell_cap,1600,20,0.04061881526221433,0.006527716892095316,0.03918702188016954,0.030492714125934982,0.05106068372682746,0.02945547475097532,0.05125359401300156,1.0
logistic_regression,fine,patient_balanced_macro_f1,mean_patient_gain_across_cell_caps,cell_cap,mean,20,0.05048938905802487,0.007062536169334509,0.04944307494422165,0.0407668629626379,0.06546220426840978,0.04064383916664743,0.06636179297468985,1.0
xgboost,coarse,macro_f1,patient_budget_gain_P32_minus_P8,cell_cap,100,20,0.06498035577568065,0.012045278144120519,0.06585474956815557,0.0495527402655436,0.08885701065211647,0.048653779374558614,0.09474980354744977,1.0
xgboost,coarse,macro_f1,patient_budget_gain_P32_minus_P8,cell_cap,200,20,0.04000980856063783,0.007724993778519863,0.039059850685756736,0.027014401828489628,0.05569651202128687,0.021259935817089848,0.05815024906494448,1.0
xgboost,coarse,macro_f1,patient_budget_gain_P32_minus_P8,cell_cap,400,20,0.021587197557340992,0.005451292135457906,0.020451381909611543,0.014420426770201774,0.03290378828002367,0.012600592165952551,0.03523702664686923,1.0
xgboost,coarse,macro_f1,patient_budget_gain_P32_minus_P8,cell_cap,800,20,0.012953124453245184,0.0041955719272951195,0.012283816344073661,0.007995527201980929,0.022233857753964872,0.00787963779151779,0.026549417890802673,1.0
xgboost,coarse,macro_f1,patient_budget_gain_P32_minus_P8,cell_cap,1600,20,0.008693137509625175,0.0020046617874777918,0.008658977322751504,0.005713500829582272,0.012774751931827213,0.005177944366402842,0.014459051086515351,1.0
xgboost,coarse,macro_f1,mean_patient_gain_across_cell_caps,cell_cap,mean,20,0.029644724771305964,0.004967822963287444,0.028102049513989626,0.02319665582528261,0.03972954231958469,0.022903460261646136,0.041256510654596436,1.0
xgboost,coarse,patient_balanced_macro_f1,patient_budget_gain_P32_minus_P8,cell_cap,100,20,0.0654374773751688,0.012364847896231993,0.06412727679996422,0.04878372464655765,0.08993792524495253,0.04662476292630646,0.09505957053856451,1.0
xgboost,coarse,patient_balanced_macro_f1,patient_budget_gain_P32_minus_P8,cell_cap,200,20,0.04011045231186711,0.007474000029301628,0.03977099374071946,0.026489181122839413,0.054914536835169225,0.020882759792985706,0.057954004470959664,1.0
xgboost,coarse,patient_balanced_macro_f1,patient_budget_gain_P32_minus_P8,cell_cap,400,20,0.021615220639638832,0.005527993913073317,0.02023739099683347,0.012920883742217271,0.03172620651997646,0.011250836284037447,0.03296121335111135,1.0
xgboost,coarse,patient_balanced_macro_f1,patient_budget_gain_P32_minus_P8,cell_cap,800,20,0.01290479885337032,0.0038964475657516165,0.011539764620799253,0.0069014229773179305,0.020676667016986738,0.006706339564009123,0.023654340314573696,1.0
xgboost,coarse,patient_balanced_macro_f1,patient_budget_gain_P32_minus_P8,cell_cap,1600,20,0.008807835898064803,0.0022770843577995586,0.00842745369328235,0.005026701705502121,0.013284325648059788,0.004326978150008598,0.014579391517120621,1.0
xgboost,coarse,patient_balanced_macro_f1,mean_patient_gain_across_cell_caps,cell_cap,mean,20,0.029775157015621972,0.004982473557466952,0.029551983630828206,0.02117935709657914,0.03874458796309466,0.021104252059824136,0.04020454527370112,1.0
xgboost,fine,macro_f1,patient_budget_gain_P32_minus_P8,cell_cap,100,20,0.14867724531225862,0.014657188709385252,0.1496597795639493,0.12744485616172135,0.17374787733055808,0.12711597121514528,0.18331124480624844,1.0
xgboost,fine,macro_f1,patient_budget_gain_P32_minus_P8,cell_cap,200,20,0.12177281492149203,0.011048823105881926,0.1197993760094046,0.10429554708543057,0.14047150032290756,0.10226253551817654,0.14315319314232683,1.0
xgboost,fine,macro_f1,patient_budget_gain_P32_minus_P8,cell_cap,400,20,0.08848143989209811,0.01019397061308768,0.09136817716445111,0.0718803183862217,0.10414796667683819,0.06906275691438879,0.10481365385450736,1.0
xgboost,fine,macro_f1,patient_budget_gain_P32_minus_P8,cell_cap,800,20,0.06533787605308142,0.008282902564722562,0.06607318972298831,0.05320516411887393,0.0791263009838361,0.05314470733865351,0.08217718078282787,1.0
xgboost,fine,macro_f1,patient_budget_gain_P32_minus_P8,cell_cap,1600,20,0.05063936325412627,0.005953138091462259,0.05062504292136111,0.04211329563714538,0.06134509063726234,0.041094259437496894,0.06439769634961923,1.0
xgboost,fine,macro_f1,mean_patient_gain_across_cell_caps,cell_cap,mean,20,0.09498174788661129,0.008430221345650264,0.09486940933873884,0.08236007062587988,0.11092334188031076,0.08171613656372095,0.11143259604487743,1.0
xgboost,fine,patient_balanced_macro_f1,patient_budget_gain_P32_minus_P8,cell_cap,100,20,0.150494061892328,0.015009367973854285,0.15306130665213305,0.12860359510339436,0.17617857870530415,0.12820806959672326,0.18711485964077657,1.0
xgboost,fine,patient_balanced_macro_f1,patient_budget_gain_P32_minus_P8,cell_cap,200,20,0.12395061038553719,0.011042462744566283,0.12317102202815064,0.10552370733091473,0.14332634770694888,0.10235828751107418,0.1465040535418365,1.0
xgboost,fine,patient_balanced_macro_f1,patient_budget_gain_P32_minus_P8,cell_cap,400,20,0.09038421576864655,0.01104952083982703,0.09265910802375713,0.0737074519332116,0.10695274344777002,0.07230875032509132,0.10912790612170764,1.0
xgboost,fine,patient_balanced_macro_f1,patient_budget_gain_P32_minus_P8,cell_cap,800,20,0.06688731039965576,0.009031042369452635,0.0663770852115328,0.05514858001723129,0.08458963705446186,0.05380073043301403,0.08855546898893552,1.0
xgboost,fine,patient_balanced_macro_f1,patient_budget_gain_P32_minus_P8,cell_cap,1600,20,0.0515619546934593,0.006138342633176484,0.05188293465957011,0.0428928057081143,0.06439773192970363,0.041968006950158565,0.06874566915541869,1.0
xgboost,fine,patient_balanced_macro_f1,mean_patient_gain_across_cell_caps,cell_cap,mean,20,0.09665563062792536,0.008622333773445474,0.09643588775709608,0.0825229285916475,0.11354246489255145,0.08193517277191129,0.11530206963677506,1.0
