dataset_key,dataset,modality,model,task,metric,design,fixed_axis,total_training_cells,low_patient_budget,low_cells_per_patient,high_patient_budget,high_cells_per_patient,n_subset_seeds,mean,std,q025,q975,fraction_positive,patient_clustered_bootstrap_q025,patient_clustered_bootstrap_q975,model_label,task_label
apt,APT,Aptamer,logistic_regression,coarse,patient_balanced_macro_f1,fixed_total_patient_8_to_32,total_training_cells,3200,8,400,32,100,20,0.0123759233335361,0.0059752757375627,0.0023682425094315,0.0230399712497481,1.0,0.0049238994963755,0.0208739825123264,LR,Coarse
apt,APT,Aptamer,logistic_regression,coarse,patient_balanced_macro_f1,fixed_total_patient_8_to_32,total_training_cells,6400,8,800,32,200,20,0.0152789134965346,0.0060570946815387,0.0028813064130652,0.0264114076192519,1.0,0.0070877459076882,0.024108561801694,LR,Coarse
apt,APT,Aptamer,logistic_regression,coarse,patient_balanced_macro_f1,fixed_total_patient_8_to_32,total_training_cells,12800,8,1600,32,400,20,0.0169830596781249,0.0061356260126468,0.0051890861659395,0.027980871599869,1.0,0.0087068184615152,0.0257890781355166,LR,Coarse
apt,APT,Aptamer,logistic_regression,fine,patient_balanced_macro_f1,fixed_total_patient_8_to_32,total_training_cells,3200,8,400,32,100,20,0.0076899020831183,0.0032068236718468,0.0017176053764791,0.01328825209111,1.0,0.0041344082293818,0.0106464429088254,LR,Fine
apt,APT,Aptamer,logistic_regression,fine,patient_balanced_macro_f1,fixed_total_patient_8_to_32,total_training_cells,6400,8,800,32,200,20,0.0086753115575634,0.0033660697196634,0.0021633269293284,0.0132080735633127,1.0,0.0046763749326751,0.0117802173077116,LR,Fine
apt,APT,Aptamer,logistic_regression,fine,patient_balanced_macro_f1,fixed_total_patient_8_to_32,total_training_cells,12800,8,1600,32,400,20,0.0100913564621813,0.0039056156202006,0.0033524971088476,0.0161039914726775,1.0,0.0053117871514753,0.0134917633352395,LR,Fine
apt,APT,Aptamer,xgboost,coarse,patient_balanced_macro_f1,fixed_total_patient_8_to_32,total_training_cells,3200,8,400,32,100,20,0.0171532024829424,0.008051759807444,0.0024504386588318,0.0297711299532081,1.0,0.0075106327517843,0.0274063880755317,XGBoost,Coarse
apt,APT,Aptamer,xgboost,coarse,patient_balanced_macro_f1,fixed_total_patient_8_to_32,total_training_cells,6400,8,800,32,200,20,0.0183239178879563,0.0085878722094489,0.001475012591734,0.032146496822732,0.95,0.0070222980814794,0.0302242248115098,XGBoost,Coarse
apt,APT,Aptamer,xgboost,coarse,patient_balanced_macro_f1,fixed_total_patient_8_to_32,total_training_cells,12800,8,1600,32,400,20,0.0215975347201271,0.0078196772901493,0.0070341664371654,0.0320849633616945,1.0,0.0090486282335204,0.035109194918001,XGBoost,Coarse
apt,APT,Aptamer,xgboost,fine,patient_balanced_macro_f1,fixed_total_patient_8_to_32,total_training_cells,3200,8,400,32,100,20,0.0069906922757772,0.002983873989012,0.001753058024723,0.0118659828238649,1.0,0.0018933986372977,0.011129558586958,XGBoost,Fine
apt,APT,Aptamer,xgboost,fine,patient_balanced_macro_f1,fixed_total_patient_8_to_32,total_training_cells,6400,8,800,32,200,20,0.0082671696233894,0.0044028145553882,0.0005316973866325,0.0140869403665933,1.0,0.0021911745015945,0.0131601158764374,XGBoost,Fine
apt,APT,Aptamer,xgboost,fine,patient_balanced_macro_f1,fixed_total_patient_8_to_32,total_training_cells,12800,8,1600,32,400,20,0.0064294581125771,0.0039148870977524,9.051712993506176e-05,0.0129139178357083,0.95,0.0004932159492828,0.0113931848698412,XGBoost,Fine
combat_rna,COMBAT,RNA,logistic_regression,coarse,patient_balanced_macro_f1,fixed_total_patient_8_to_32,total_training_cells,3200,8,400,32,100,20,0.0025699088603057,0.0044066096788414,-0.0042164720459796,0.0115630483091195,0.75,0.0017140979473483,0.0035712843614334,LR,Coarse
combat_rna,COMBAT,RNA,logistic_regression,coarse,patient_balanced_macro_f1,fixed_total_patient_8_to_32,total_training_cells,6400,8,800,32,200,20,0.0017840704959224,0.002515452086569,-0.002931115327631,0.0060444857615379,0.8,0.0008125305200648,0.0028819665944367,LR,Coarse
combat_rna,COMBAT,RNA,logistic_regression,coarse,patient_balanced_macro_f1,fixed_total_patient_8_to_32,total_training_cells,12800,8,1600,32,400,20,0.0011141422401572,0.001828561300431,-0.0012376181231759,0.0048963133553936,0.7,0.0005501342249866,0.00169875308793,LR,Coarse
combat_rna,COMBAT,RNA,logistic_regression,fine,patient_balanced_macro_f1,fixed_total_patient_8_to_32,total_training_cells,3200,8,400,32,100,20,0.0121501726275038,0.0126343129079154,-0.006274414736865,0.0306823565416763,0.75,0.0094005120197048,0.0128902670937083,LR,Fine
combat_rna,COMBAT,RNA,logistic_regression,fine,patient_balanced_macro_f1,fixed_total_patient_8_to_32,total_training_cells,6400,8,800,32,200,20,0.0117771417541123,0.0093911009235766,-0.0026472350516884,0.0273214356883178,0.95,0.0097395804276815,0.0123320230280695,LR,Fine
combat_rna,COMBAT,RNA,logistic_regression,fine,patient_balanced_macro_f1,fixed_total_patient_8_to_32,total_training_cells,12800,8,1600,32,400,20,0.00745524770026,0.0062397722644182,-0.004213066950878,0.0180320268680089,0.9,0.0054510858561908,0.0087377896698803,LR,Fine
combat_rna,COMBAT,RNA,xgboost,coarse,patient_balanced_macro_f1,fixed_total_patient_8_to_32,total_training_cells,3200,8,400,32,100,20,0.0056139891607173,0.007409679078626,-0.0048075557004321,0.0189282805508752,0.7,0.0045868063071835,0.0068049784966276,XGBoost,Coarse
combat_rna,COMBAT,RNA,xgboost,coarse,patient_balanced_macro_f1,fixed_total_patient_8_to_32,total_training_cells,6400,8,800,32,200,20,0.0050318244201273,0.0053151082481445,-0.003763307942168,0.0143702389325172,0.85,0.003830538636065,0.006265640267634,XGBoost,Coarse
combat_rna,COMBAT,RNA,xgboost,coarse,patient_balanced_macro_f1,fixed_total_patient_8_to_32,total_training_cells,12800,8,1600,32,400,20,0.0038574040229194,0.0026708948832331,7.8297788630144e-05,0.009517931005997,0.95,0.002815553663451,0.0048593824631679,XGBoost,Coarse
combat_rna,COMBAT,RNA,xgboost,fine,patient_balanced_macro_f1,fixed_total_patient_8_to_32,total_training_cells,3200,8,400,32,100,20,0.0162764918632529,0.0133472126400998,-0.0014600072833307,0.0357214515929104,0.95,0.0128541852197863,0.0167725437497278,XGBoost,Fine
combat_rna,COMBAT,RNA,xgboost,fine,patient_balanced_macro_f1,fixed_total_patient_8_to_32,total_training_cells,6400,8,800,32,200,20,0.0179776913225822,0.0113328610394759,0.0002002116400966,0.0390204613714043,0.95,0.0155600894757284,0.0186974646739796,XGBoost,Fine
combat_rna,COMBAT,RNA,xgboost,fine,patient_balanced_macro_f1,fixed_total_patient_8_to_32,total_training_cells,12800,8,1600,32,400,20,0.0167275511141207,0.0075708032152947,0.0015684286549767,0.0285896531761501,1.0,0.0144313443709558,0.0180721244722056,XGBoost,Fine
combat_adt,COMBAT,ADT,logistic_regression,coarse,patient_balanced_macro_f1,fixed_total_patient_8_to_32,total_training_cells,3200,8,400,32,100,20,0.0057896376180217,0.0064169617585111,-0.0020670679022653,0.0173931060639328,0.8,0.0041029928970033,0.007939781691296,LR,Coarse
combat_adt,COMBAT,ADT,logistic_regression,coarse,patient_balanced_macro_f1,fixed_total_patient_8_to_32,total_training_cells,6400,8,800,32,200,20,0.0085551536977236,0.0072334188263491,-0.0001489267977223,0.0245232386483001,0.95,0.0060030622334994,0.0119269476595039,LR,Coarse
combat_adt,COMBAT,ADT,logistic_regression,coarse,patient_balanced_macro_f1,fixed_total_patient_8_to_32,total_training_cells,12800,8,1600,32,400,20,0.0124678955891705,0.0073514607611104,0.0037575541267758,0.0283155238247012,1.0,0.0097432832177508,0.0161889387650092,LR,Coarse
combat_adt,COMBAT,ADT,logistic_regression,fine,patient_balanced_macro_f1,fixed_total_patient_8_to_32,total_training_cells,3200,8,400,32,100,20,0.0128861965055737,0.0132138939118816,-0.0109569517231661,0.0330191414421225,0.85,0.0104798514913095,0.0140333776292323,LR,Fine
combat_adt,COMBAT,ADT,logistic_regression,fine,patient_balanced_macro_f1,fixed_total_patient_8_to_32,total_training_cells,6400,8,800,32,200,20,0.0112882078505908,0.0132837490939426,-0.0121627575201239,0.0322562018125644,0.8,0.0098130159372898,0.013286648737729,LR,Fine
combat_adt,COMBAT,ADT,logistic_regression,fine,patient_balanced_macro_f1,fixed_total_patient_8_to_32,total_training_cells,12800,8,1600,32,400,20,0.0105679485751385,0.0107839840953391,-0.0052001184179389,0.0316260873232015,0.85,0.0091859622723028,0.0127344035564023,LR,Fine
onek1k,OneK1K,RNA,logistic_regression,coarse,patient_balanced_macro_f1,fixed_total_patient_8_to_32,total_training_cells,3200,8,400,32,100,20,0.0043320422028711,0.0090081851965514,-0.008293273633518,0.0197383268835305,0.65,0.0036060227415005,0.0052072623176979,LR,Coarse
onek1k,OneK1K,RNA,logistic_regression,coarse,patient_balanced_macro_f1,fixed_total_patient_8_to_32,total_training_cells,6400,8,800,32,200,20,0.0051750920236559,0.0068419048754095,-0.0027091715930791,0.0204127041022171,0.75,0.0045611575256111,0.0057569416191715,LR,Coarse
onek1k,OneK1K,RNA,logistic_regression,fine,patient_balanced_macro_f1,fixed_total_patient_8_to_32,total_training_cells,3200,8,400,32,100,20,0.0071662800272144,0.0143658047599085,-0.0129458273395543,0.0335993717829436,0.7,0.0065413134778471,0.0091384050197725,LR,Fine
onek1k,OneK1K,RNA,logistic_regression,fine,patient_balanced_macro_f1,fixed_total_patient_8_to_32,total_training_cells,6400,8,800,32,200,20,0.0078407150484636,0.0107209754277329,-0.0083823809231966,0.0286447758595077,0.7,0.0066224585614651,0.0091146634705779,LR,Fine
onek1k,OneK1K,RNA,xgboost,coarse,patient_balanced_macro_f1,fixed_total_patient_8_to_32,total_training_cells,3200,8,400,32,100,20,-0.0027579206036024,0.0195364978363405,-0.0295963207363528,0.0300692648996896,0.35,-0.0036423241323471,-0.0016923389199144,XGBoost,Coarse
onek1k,OneK1K,RNA,xgboost,coarse,patient_balanced_macro_f1,fixed_total_patient_8_to_32,total_training_cells,6400,8,800,32,200,20,0.0056300657304813,0.0109018935028654,-0.0123214278671119,0.0258819506163629,0.7,0.0047816370640592,0.0063977265165307,XGBoost,Coarse
onek1k,OneK1K,RNA,xgboost,fine,patient_balanced_macro_f1,fixed_total_patient_8_to_32,total_training_cells,3200,8,400,32,100,20,0.0062892824188268,0.0161201958450434,-0.0265138590797441,0.0319383931702228,0.75,0.0046813904474703,0.0069289647585626,XGBoost,Fine
onek1k,OneK1K,RNA,xgboost,fine,patient_balanced_macro_f1,fixed_total_patient_8_to_32,total_training_cells,6400,8,800,32,200,20,0.0088864316657887,0.009355361132408,-0.0100953374149938,0.0206322529746714,0.85,0.0072768230590878,0.0093934460750857,XGBoost,Fine
