actual_contributing_patients,fit_seconds,fold,inference_seconds,mean_class_donor_coverage,min_class_donor_coverage,model,n_classes,n_test_cells,n_train_cells,observed_class_count,patient_budget,protocol_hash,seed,status,task,total,unseen_at_training_class_count,wall_seconds
16,14.77382573671639,0,0.8808584017679095,16.0,16,xgboost,5,66980,6400,5,16,c4bb1bf38ae4913e,0,success,coarse,6400,0,15.761704568751156
16,68.40168869867921,0,3.990066895261407,14.592592592592593,2,xgboost,27,66980,6400,27,16,c4bb1bf38ae4913e,0,success,fine,6400,0,72.51997924596071
32,17.55420145113021,0,0.8718249825760722,31.0,27,xgboost,5,66980,6400,5,32,c4bb1bf38ae4913e,0,success,coarse,6400,0,18.56038995552808
32,56.96055106446147,0,4.244307819753885,27.88888888888889,2,xgboost,27,66980,6400,27,32,c4bb1bf38ae4913e,0,success,fine,6400,0,61.359295529313385
8,15.658546376042068,0,1.0052887257188559,8.0,8,xgboost,5,66980,6400,5,8,c4bb1bf38ae4913e,0,success,coarse,6400,0,16.77210585400462
8,81.4100525137037,0,4.162495898082852,7.518518518518518,1,xgboost,27,66980,6400,27,8,c4bb1bf38ae4913e,0,success,fine,6400,0,85.67858540639281
16,11.692451210692525,0,0.9981532236561179,16.0,16,xgboost,5,66980,6400,5,16,c4bb1bf38ae4913e,1,success,coarse,6400,0,12.79385011922568
16,35.052804940380156,0,3.8629650603979826,14.333333333333334,1,xgboost,27,66980,6400,27,16,c4bb1bf38ae4913e,1,success,fine,6400,0,39.02884959708899
32,16.252357331104577,0,0.8683772431686521,30.6,25,xgboost,5,66980,6400,5,32,c4bb1bf38ae4913e,1,success,coarse,6400,0,17.260323823429644
32,42.26403306238353,0,3.988787977024913,27.14814814814815,1,xgboost,27,66980,6400,27,32,c4bb1bf38ae4913e,1,success,fine,6400,0,46.39622383750975
8,10.38488002307713,0,0.8716803714632988,8.0,8,xgboost,5,66980,6400,5,8,c4bb1bf38ae4913e,1,success,coarse,6400,0,11.348975137807429
8,39.80652061570436,0,3.9217784143984318,7.222222222222222,1,xgboost,27,66980,6400,27,8,c4bb1bf38ae4913e,1,success,fine,6400,0,43.83406070899218
16,14.29719800222665,0,0.9210289977490902,15.6,14,xgboost,5,66980,6400,5,16,c4bb1bf38ae4913e,2,success,coarse,6400,0,15.326648946851492
16,40.39381702430546,0,3.858893525786698,13.814814814814815,1,xgboost,27,66980,6400,27,16,c4bb1bf38ae4913e,2,success,fine,6400,0,44.35996873769909
32,16.742966898716986,0,0.9185439217835665,31.6,30,xgboost,5,66980,6400,5,32,c4bb1bf38ae4913e,2,success,coarse,6400,0,17.79171476420015
32,37.38818526919931,0,3.6072078058496118,27.666666666666668,1,xgboost,27,66980,6400,27,32,c4bb1bf38ae4913e,2,success,fine,6400,0,41.11435478832573
8,13.21513973083347,0,0.9494954766705632,7.6,6,xgboost,5,66980,6400,5,8,c4bb1bf38ae4913e,2,success,coarse,6400,0,14.257208166643977
8,45.5864467388019,0,3.965968775562942,6.703703703703703,1,xgboost,27,66980,6400,27,8,c4bb1bf38ae4913e,2,success,fine,6400,0,49.65444141998887
16,15.04089571814984,0,0.8786207558587193,15.6,14,xgboost,5,66980,6400,5,16,c4bb1bf38ae4913e,3,success,coarse,6400,0,16.025775120593607
16,29.151634567417204,0,3.2057083575055003,14.423076923076923,4,xgboost,27,66980,6400,26,16,c4bb1bf38ae4913e,3,success,fine,6400,1,32.45815845951438
32,19.64780858438462,0,0.9483049148693681,28.8,16,xgboost,5,66980,6400,5,32,c4bb1bf38ae4913e,3,success,coarse,6400,0,20.73398575000465
32,34.29423675034195,0,3.242910726927221,27.384615384615383,4,xgboost,27,66980,6400,26,32,c4bb1bf38ae4913e,3,success,fine,6400,1,37.65474241133779
8,18.063749093562365,0,0.8369188271462917,7.6,6,xgboost,5,66980,6400,5,8,c4bb1bf38ae4913e,3,success,coarse,6400,0,18.99114697240293
8,27.14475336112082,0,3.2464133286848664,6.961538461538462,4,xgboost,27,66980,6400,26,8,c4bb1bf38ae4913e,3,success,fine,6400,1,30.47533482965082
16,12.157421232201159,0,0.9598316345363855,15.6,14,xgboost,5,66980,6400,5,16,c4bb1bf38ae4913e,4,success,coarse,6400,0,13.224693210795522
16,36.88628116808832,0,3.64381449110806,13.814814814814815,1,xgboost,27,66980,6400,27,16,c4bb1bf38ae4913e,4,success,fine,6400,0,40.63667575921863
32,12.098108648322523,0,0.9512699116021395,31.6,30,xgboost,5,66980,6400,5,32,c4bb1bf38ae4913e,4,success,coarse,6400,0,13.185846462845802
32,35.18954518996179,0,3.4422394428402185,27.666666666666668,1,xgboost,27,66980,6400,27,32,c4bb1bf38ae4913e,4,success,fine,6400,0,38.75313111767173
8,13.452720871195197,0,0.9331824900582433,7.6,6,xgboost,5,66980,6400,5,8,c4bb1bf38ae4913e,4,success,coarse,6400,0,14.481370364315808
8,35.910499633289874,0,3.4574157744646072,6.703703703703703,1,xgboost,27,66980,6400,27,8,c4bb1bf38ae4913e,4,success,fine,6400,0,39.45640271808952
16,11.479505119845271,0,0.8924992419779301,15.8,15,xgboost,5,66980,6400,5,16,c4bb1bf38ae4913e,5,success,coarse,6400,0,12.478249011561275
16,35.76963253878057,0,3.371663523837924,15.0,4,xgboost,27,66980,6400,26,16,c4bb1bf38ae4913e,5,success,fine,6400,1,39.240902008488774
32,10.850053103640676,0,0.9248342802748084,30.8,26,xgboost,5,66980,6400,5,32,c4bb1bf38ae4913e,5,success,coarse,6400,0,11.904000395908952
32,34.63720759470016,0,3.3713005473837256,28.576923076923077,4,xgboost,27,66980,6400,26,32,c4bb1bf38ae4913e,5,success,fine,6400,1,38.12833313085139
8,12.71751672308892,0,0.8594629606232047,7.8,7,xgboost,5,66980,6400,5,8,c4bb1bf38ae4913e,5,success,coarse,6400,0,13.671868300065398
8,38.0009378567338,0,3.320470760576427,7.461538461538462,4,xgboost,27,66980,6400,26,8,c4bb1bf38ae4913e,5,success,fine,6400,1,41.408567273058
16,10.310235551558435,0,0.8495463309809566,15.6,14,xgboost,5,66980,6400,5,16,c4bb1bf38ae4913e,6,success,coarse,6400,0,11.258618381805718
16,31.025031560100615,0,3.3471901984885335,14.148148148148149,2,xgboost,27,66980,6400,27,16,c4bb1bf38ae4913e,6,success,fine,6400,0,34.465421319939196
32,10.788251107558608,0,0.8738587684929371,29.6,20,xgboost,5,66980,6400,5,32,c4bb1bf38ae4913e,6,success,coarse,6400,0,11.789066854864359
32,34.48108990769833,0,3.341038334183395,26.814814814814813,2,xgboost,27,66980,6400,27,32,c4bb1bf38ae4913e,6,success,fine,6400,0,37.936001469381154
8,8.971318896859884,0,0.8938094731420279,7.8,7,xgboost,5,66980,6400,5,8,c4bb1bf38ae4913e,6,success,coarse,6400,0,9.95344533212483
8,28.185944131575525,0,3.2745995922014117,6.962962962962963,1,xgboost,27,66980,6400,27,8,c4bb1bf38ae4913e,6,success,fine,6400,0,31.544267267920077
16,11.469056487083435,0,0.8913743933662772,15.8,15,xgboost,5,66980,6400,5,16,c4bb1bf38ae4913e,7,success,coarse,6400,0,12.46591158863157
16,34.326702523976564,0,3.3029102189466357,14.538461538461538,3,xgboost,27,66980,6400,26,16,c4bb1bf38ae4913e,7,success,fine,6400,1,37.72520136740059
32,11.02961706649512,0,0.9378537023440003,29.8,21,xgboost,5,66980,6400,5,32,c4bb1bf38ae4913e,7,success,coarse,6400,0,12.09479424636811
32,33.611512809060514,0,3.3422019723802805,28.115384615384617,3,xgboost,27,66980,6400,26,32,c4bb1bf38ae4913e,7,success,fine,6400,1,37.0818001748994
8,11.783664378337562,0,0.8957656295970082,8.0,8,xgboost,5,66980,6400,5,8,c4bb1bf38ae4913e,7,success,coarse,6400,0,12.772909551858902
8,36.33037842717022,0,3.2927582757547498,7.384615384615385,3,xgboost,27,66980,6400,26,8,c4bb1bf38ae4913e,7,success,fine,6400,1,39.71200102381408
16,9.399526136927307,0,0.8699206179007888,15.8,15,xgboost,5,66980,6400,5,16,c4bb1bf38ae4913e,8,success,coarse,6400,0,10.36884525604546
16,27.448106016032398,0,3.1563810938969254,14.25925925925926,2,xgboost,27,66980,6400,27,16,c4bb1bf38ae4913e,8,success,fine,6400,0,30.694961903616786
32,11.04398821759969,0,0.8929887386038899,29.4,19,xgboost,5,66980,6400,5,32,c4bb1bf38ae4913e,8,success,coarse,6400,0,12.064185874536633
32,33.57096064463258,0,3.2269492829218507,26.88888888888889,2,xgboost,27,66980,6400,27,32,c4bb1bf38ae4913e,8,success,fine,6400,0,36.9144870499149
8,8.69861111510545,0,0.8424367075785995,7.8,7,xgboost,5,66980,6400,5,8,c4bb1bf38ae4913e,8,success,coarse,6400,0,9.630470784381032
8,27.51538096088916,0,3.0605550734326243,6.962962962962963,1,xgboost,27,66980,6400,27,8,c4bb1bf38ae4913e,8,success,fine,6400,0,30.655511684715748
16,10.796848171390593,0,0.8561482289806008,15.6,14,xgboost,5,66980,6400,5,16,c4bb1bf38ae4913e,9,success,coarse,6400,0,11.7595253335312
16,31.596413634717464,0,3.2278361041098833,14.074074074074074,1,xgboost,27,66980,6400,27,16,c4bb1bf38ae4913e,9,success,fine,6400,0,34.916432574391365
32,11.464854879304767,0,0.9560665870085359,31.6,30,xgboost,5,66980,6400,5,32,c4bb1bf38ae4913e,9,success,coarse,6400,0,12.56700814049691
32,32.85538297519088,0,3.2164369029924273,27.77777777777778,1,xgboost,27,66980,6400,27,32,c4bb1bf38ae4913e,9,success,fine,6400,0,36.18420050479472
8,10.41204771026969,0,0.8790192184969783,7.8,7,xgboost,5,66980,6400,5,8,c4bb1bf38ae4913e,9,success,coarse,6400,0,11.37883878685534
8,32.641804466955364,0,3.145591713488102,7.148148148148148,1,xgboost,27,66980,6400,27,8,c4bb1bf38ae4913e,9,success,fine,6400,0,35.87281803973019
16,21.255369344726205,1,0.8719819122925401,15.8,15,xgboost,5,68381,6400,5,16,c4bb1bf38ae4913e,0,success,coarse,6400,0,22.233148276805878
16,65.34045073017478,1,4.101041743531823,14.296296296296296,3,xgboost,27,68381,6400,27,16,c4bb1bf38ae4913e,0,success,fine,6400,0,69.55780627951026
32,12.859357248060405,1,0.9310342986136675,31.8,31,xgboost,5,68381,6400,5,32,c4bb1bf38ae4913e,0,success,coarse,6400,0,13.924113267101347
32,66.33837627898902,1,4.226670022122562,28.037037037037038,3,xgboost,27,68381,6400,27,32,c4bb1bf38ae4913e,0,success,fine,6400,0,70.71102679055184
8,30.753619452938437,1,0.9651525467634201,7.8,7,xgboost,5,68381,6400,5,8,c4bb1bf38ae4913e,0,success,coarse,6400,0,31.819772001355886
8,77.53625569492579,1,4.366121310740709,7.074074074074074,2,xgboost,27,68381,6400,27,8,c4bb1bf38ae4913e,0,success,fine,6400,0,82.0144966347143
16,15.076038335449994,1,0.9721423294395208,16.0,16,xgboost,5,68381,6400,5,16,c4bb1bf38ae4913e,1,success,coarse,6400,0,16.16089190170169
16,45.21554387640208,1,4.248282818123698,15.461538461538462,12,xgboost,27,68381,6400,26,16,c4bb1bf38ae4913e,1,success,fine,6400,1,49.57595829479396
32,13.292538678273559,1,0.9202387379482388,30.8,26,xgboost,5,68381,6400,5,32,c4bb1bf38ae4913e,1,success,coarse,6400,0,14.35392929520458
32,43.23245216533542,1,3.9920921232551336,29.23076923076923,14,xgboost,27,68381,6400,26,32,c4bb1bf38ae4913e,1,success,fine,6400,1,47.35809416882694
8,14.36025700904429,1,0.9244432812556624,8.0,8,xgboost,5,68381,6400,5,8,c4bb1bf38ae4913e,1,success,coarse,6400,0,15.3874342860654
8,41.67397318221629,1,4.129260333254933,7.8076923076923075,5,xgboost,27,68381,6400,26,8,c4bb1bf38ae4913e,1,success,fine,6400,1,45.90911947283894
16,16.750985423102975,1,1.004553247243166,15.8,15,xgboost,5,68381,6400,5,16,c4bb1bf38ae4913e,2,success,coarse,6400,0,17.862207219935954
16,39.08110591955483,1,3.4751444440335035,13.481481481481481,1,xgboost,27,68381,6400,27,16,c4bb1bf38ae4913e,2,success,fine,6400,0,42.65882696956396
32,15.713724844157696,1,0.8915515122935176,30.4,24,xgboost,5,68381,6400,5,32,c4bb1bf38ae4913e,2,success,coarse,6400,0,16.738725306466222
32,34.172733049839735,1,3.334885325282812,24.85185185185185,1,xgboost,27,68381,6400,27,32,c4bb1bf38ae4913e,2,success,fine,6400,0,37.62878095917404
8,14.52688108664006,1,1.0043052593246102,7.8,7,xgboost,5,68381,6400,5,8,c4bb1bf38ae4913e,2,success,coarse,6400,0,15.624189058318734
8,39.765342813916504,1,3.763026447966695,6.888888888888889,1,xgboost,27,68381,6400,27,8,c4bb1bf38ae4913e,2,success,fine,6400,0,43.62132035475224
16,12.262747942470014,1,0.9550533564761281,15.8,15,xgboost,5,68381,6400,5,16,c4bb1bf38ae4913e,3,success,coarse,6400,0,13.319513007067144
16,36.86026975698769,1,3.569258122704923,14.423076923076923,4,xgboost,27,68381,6400,26,16,c4bb1bf38ae4913e,3,success,fine,6400,1,40.53538027126342
32,12.856336486525834,1,0.9510365528985858,29.8,21,xgboost,5,68381,6400,5,32,c4bb1bf38ae4913e,3,success,coarse,6400,0,13.943615093827248
32,39.33986097294837,1,3.6403740094974637,27.846153846153847,4,xgboost,27,68381,6400,26,32,c4bb1bf38ae4913e,3,success,fine,6400,1,43.11112385429442
8,13.498374513350427,1,0.8790958961471915,7.8,7,xgboost,5,68381,6400,5,8,c4bb1bf38ae4913e,3,success,coarse,6400,0,14.466454125009477
8,30.77416895981878,1,3.455477128736675,7.230769230769231,4,xgboost,27,68381,6400,26,8,c4bb1bf38ae4913e,3,success,fine,6400,1,34.317210673354566
16,19.615058063529432,1,0.9590085288509727,15.8,15,xgboost,5,68381,6400,5,16,c4bb1bf38ae4913e,4,success,coarse,6400,0,20.673976996913552
16,36.11469366494566,1,3.6200098553672433,14.0,2,xgboost,27,68381,6400,27,16,c4bb1bf38ae4913e,4,success,fine,6400,0,39.84078370966017
32,11.274828749708831,1,0.9951911680400372,31.8,31,xgboost,5,68381,6400,5,32,c4bb1bf38ae4913e,4,success,coarse,6400,0,12.402642152272165
32,39.314818306826055,1,3.629114211536944,27.925925925925927,4,xgboost,27,68381,6400,27,32,c4bb1bf38ae4913e,4,success,fine,6400,0,43.064488004893064
8,14.894644697196782,1,0.9996656244620681,7.8,7,xgboost,5,68381,6400,5,8,c4bb1bf38ae4913e,4,success,coarse,6400,0,16.00127951707691
8,37.80281654931605,1,3.541232792660594,7.074074074074074,2,xgboost,27,68381,6400,27,8,c4bb1bf38ae4913e,4,success,fine,6400,0,41.43943855166435
16,12.785747191868722,1,0.9738311842083931,15.8,15,xgboost,5,68381,6400,5,16,c4bb1bf38ae4913e,5,success,coarse,6400,0,13.861673364415765
16,40.811446006409824,1,3.704670401290059,14.555555555555555,3,xgboost,27,68381,6400,27,16,c4bb1bf38ae4913e,5,success,fine,6400,0,44.61873687244952
32,12.091009467840195,1,0.9793017851188779,30.8,26,xgboost,5,68381,6400,5,32,c4bb1bf38ae4913e,5,success,coarse,6400,0,13.203278279863298
32,40.94258753210306,1,3.7626049406826496,27.925925925925927,3,xgboost,27,68381,6400,27,32,c4bb1bf38ae4913e,5,success,fine,6400,0,44.83316140528768
8,10.480574088171124,1,0.9230758463963866,7.8,7,xgboost,5,68381,6400,5,8,c4bb1bf38ae4913e,5,success,coarse,6400,0,11.49669145513326
8,37.0155733730644,1,3.6309916777536273,7.222222222222222,2,xgboost,27,68381,6400,27,8,c4bb1bf38ae4913e,5,success,fine,6400,0,40.73849715013057
16,11.052251835353673,1,0.9893995579332113,16.0,16,xgboost,5,68381,6400,5,16,c4bb1bf38ae4913e,6,success,coarse,6400,0,12.148355395533144
16,41.63550735358149,1,3.6962465969845653,14.703703703703704,3,xgboost,27,68381,6400,27,16,c4bb1bf38ae4913e,6,success,fine,6400,0,45.43655190709978
32,10.98772950656712,1,0.953470160253346,31.8,31,xgboost,5,68381,6400,5,32,c4bb1bf38ae4913e,6,success,coarse,6400,0,12.0698386952281
32,41.19420000165701,1,3.7421615440398455,28.14814814814815,3,xgboost,27,68381,6400,27,32,c4bb1bf38ae4913e,6,success,fine,6400,0,45.06234170868993
8,12.71109018754214,1,0.9915280351415277,8.0,8,xgboost,5,68381,6400,5,8,c4bb1bf38ae4913e,6,success,coarse,6400,0,13.796543270349503
8,41.756528571248055,1,3.7035352448001504,7.333333333333333,2,xgboost,27,68381,6400,27,8,c4bb1bf38ae4913e,6,success,fine,6400,0,45.55454647727311
16,11.766804207116365,1,0.9678195817396045,16.0,16,xgboost,5,68381,6400,5,16,c4bb1bf38ae4913e,7,success,coarse,6400,0,12.83692077640444
16,38.49116330873221,1,3.496926219202578,14.37037037037037,1,xgboost,27,68381,6400,27,16,c4bb1bf38ae4913e,7,success,fine,6400,0,42.091810387559235
32,11.78871924802661,1,0.9060594448819757,31.8,31,xgboost,5,68381,6400,5,32,c4bb1bf38ae4913e,7,success,coarse,6400,0,12.81372423749417
32,37.941445806995034,1,3.486597813665867,27.74074074074074,1,xgboost,27,68381,6400,27,32,c4bb1bf38ae4913e,7,success,fine,6400,0,41.55024836305529
8,10.985792689025402,1,0.8872403418645263,8.0,8,xgboost,5,68381,6400,5,8,c4bb1bf38ae4913e,7,success,coarse,6400,0,11.959728562273085
8,41.663834013044834,1,3.7327130818739533,7.222222222222222,1,xgboost,27,68381,6400,27,8,c4bb1bf38ae4913e,7,success,fine,6400,0,45.50163107737899
16,10.821521427482367,1,0.8787014586851001,16.0,16,xgboost,5,68381,6400,5,16,c4bb1bf38ae4913e,8,success,coarse,6400,0,11.806396829895675
16,35.92253094166517,1,3.2246154081076384,13.851851851851851,1,xgboost,27,68381,6400,27,16,c4bb1bf38ae4913e,8,success,fine,6400,0,39.246470210142434
32,10.636377203278244,1,0.928670309484005,31.0,27,xgboost,5,68381,6400,5,32,c4bb1bf38ae4913e,8,success,coarse,6400,0,11.69294101651758
32,35.90628658980131,1,3.2058100132271647,25.40740740740741,1,xgboost,27,68381,6400,27,32,c4bb1bf38ae4913e,8,success,fine,6400,0,39.23265661671758
8,10.314116076566279,1,0.9160312665626407,8.0,8,xgboost,5,68381,6400,5,8,c4bb1bf38ae4913e,8,success,coarse,6400,0,11.321125946007669
8,35.42477898765355,1,3.244319467805326,7.2592592592592595,1,xgboost,27,68381,6400,27,8,c4bb1bf38ae4913e,8,success,fine,6400,0,38.757048377767205
16,10.83662711828947,1,0.9235757077112794,16.0,16,xgboost,5,68381,6400,5,16,c4bb1bf38ae4913e,9,success,coarse,6400,0,11.868816459551454
16,31.30702911503613,1,3.0093893771991134,14.296296296296296,1,xgboost,27,68381,6400,27,16,c4bb1bf38ae4913e,9,success,fine,6400,0,34.41196837462485
32,10.659053986892104,1,0.937005921266973,30.0,22,xgboost,5,68381,6400,5,32,c4bb1bf38ae4913e,9,success,coarse,6400,0,11.728701929561794
32,31.077710325829685,1,3.010793353430927,27.037037037037038,1,xgboost,27,68381,6400,27,32,c4bb1bf38ae4913e,9,success,fine,6400,0,34.2034449391067
8,9.731558943167329,1,0.9306861581280828,8.0,8,xgboost,5,68381,6400,5,8,c4bb1bf38ae4913e,9,success,coarse,6400,0,10.75089511461556
8,28.004808905534446,1,2.964060609228909,7.407407407407407,1,xgboost,27,68381,6400,27,8,c4bb1bf38ae4913e,9,success,fine,6400,0,31.057434643618762
16,20.75430280994624,2,1.2215649671852589,15.8,15,xgboost,5,86239,6400,5,16,c4bb1bf38ae4913e,0,success,coarse,6400,0,22.099608185701072
16,56.84501093812287,2,4.735636441037059,13.925925925925926,3,xgboost,27,86239,6400,27,16,c4bb1bf38ae4913e,0,success,fine,6400,0,61.718397739343345
32,19.867785303853452,2,1.1908733313903213,30.6,25,xgboost,5,86239,6400,5,32,c4bb1bf38ae4913e,0,success,coarse,6400,0,21.214639412239194
32,67.06167706660926,2,5.0844345055520535,25.444444444444443,3,xgboost,27,86239,6400,27,32,c4bb1bf38ae4913e,0,success,fine,6400,0,72.3069270728156
8,15.18806582968682,2,1.1492720991373062,8.0,8,xgboost,5,86239,6400,5,8,c4bb1bf38ae4913e,0,success,coarse,6400,0,16.44161889422685
8,56.62066013365984,2,4.6893386878073215,7.222222222222222,2,xgboost,27,86239,6400,27,8,c4bb1bf38ae4913e,0,success,fine,6400,0,61.422777314670384
16,31.689233290031552,2,1.0536591121926904,15.8,15,xgboost,5,86239,6400,5,16,c4bb1bf38ae4913e,1,success,coarse,6400,0,32.859068664722145
16,46.34036203287542,2,5.717139372602105,14.62962962962963,2,xgboost,27,86239,6400,27,16,c4bb1bf38ae4913e,1,success,fine,6400,0,52.19062135834247
32,16.47693351469934,2,1.1655732579529285,29.8,21,xgboost,5,86239,6400,5,32,c4bb1bf38ae4913e,1,success,coarse,6400,0,17.79205696284771
32,45.70214141719043,2,5.200864949263632,27.962962962962962,3,xgboost,27,86239,6400,27,32,c4bb1bf38ae4913e,1,success,fine,6400,0,51.041977257467806
8,22.9046024447307,2,1.0982867488637567,7.8,7,xgboost,5,86239,6400,5,8,c4bb1bf38ae4913e,1,success,coarse,6400,0,24.134016963653266
8,55.12207262404263,2,5.241841500625014,7.333333333333333,1,xgboost,27,86239,6400,27,8,c4bb1bf38ae4913e,1,success,fine,6400,0,60.48325323034078
16,15.267475724220276,2,1.1581345088779926,15.6,14,xgboost,5,86239,6400,5,16,c4bb1bf38ae4913e,2,success,coarse,6400,0,16.536048725247383
16,36.32114376500249,2,4.86076410766691,14.0,2,xgboost,27,86239,6400,27,16,c4bb1bf38ae4913e,2,success,fine,6400,0,41.296449958346784
32,34.53700862079859,2,1.1114889420568943,29.8,21,xgboost,5,86239,6400,5,32,c4bb1bf38ae4913e,2,success,coarse,6400,0,35.79170881025493
32,37.72995641827583,2,4.748442186973989,27.185185185185187,2,xgboost,27,86239,6400,27,32,c4bb1bf38ae4913e,2,success,fine,6400,0,42.61106376349926
8,12.422445262782276,2,1.3150268346071243,7.8,7,xgboost,5,86239,6400,5,8,c4bb1bf38ae4913e,2,success,coarse,6400,0,13.845223324373364
8,36.77116832509637,2,4.927067635580897,7.148148148148148,2,xgboost,27,86239,6400,27,8,c4bb1bf38ae4913e,2,success,fine,6400,0,41.81776804756373
16,13.38669151160866,2,1.1898162635043263,15.8,15,xgboost,5,86239,6400,5,16,c4bb1bf38ae4913e,3,success,coarse,6400,0,14.688327671959996
16,41.107907297089696,2,4.615230241790414,14.185185185185185,1,xgboost,27,86239,6400,27,16,c4bb1bf38ae4913e,3,success,fine,6400,0,45.82780578825623
32,11.406219369731843,2,1.0999423507601023,30.0,22,xgboost,5,86239,6400,5,32,c4bb1bf38ae4913e,3,success,coarse,6400,0,12.648358536884189
32,36.74675451684743,2,4.560594957321882,27.22222222222222,1,xgboost,27,86239,6400,27,32,c4bb1bf38ae4913e,3,success,fine,6400,0,41.438999810256064
8,23.314984290860593,2,1.2584002884104848,7.8,7,xgboost,5,86239,6400,5,8,c4bb1bf38ae4913e,3,success,coarse,6400,0,24.677477080374956
8,44.67279355227947,2,4.718664709478617,7.111111111111111,1,xgboost,27,86239,6400,27,8,c4bb1bf38ae4913e,3,success,fine,6400,0,49.49193746037781
16,11.592733114026487,2,1.1585253132507205,16.0,16,xgboost,5,86239,6400,5,16,c4bb1bf38ae4913e,4,success,coarse,6400,0,12.869376232847571
16,39.30722439195961,2,4.6511925254017115,14.851851851851851,1,xgboost,27,86239,6400,27,16,c4bb1bf38ae4913e,4,success,fine,6400,0,44.069492157548666
32,11.45908164884895,2,1.1505845906212926,29.8,21,xgboost,5,86239,6400,5,32,c4bb1bf38ae4913e,4,success,coarse,6400,0,12.74743471480906
32,40.823709541000426,2,4.723292880691588,28.14814814814815,1,xgboost,27,86239,6400,27,32,c4bb1bf38ae4913e,4,success,fine,6400,0,45.67683204635978
8,11.80433636251837,2,1.1985494391992688,8.0,8,xgboost,5,86239,6400,5,8,c4bb1bf38ae4913e,4,success,coarse,6400,0,13.106456770561635
8,40.906955413520336,2,4.666619166731834,7.444444444444445,1,xgboost,27,86239,6400,27,8,c4bb1bf38ae4913e,4,success,fine,6400,0,45.66926672309637
16,10.408506399951875,2,1.2313978923484683,16.0,16,xgboost,5,86239,6400,5,16,c4bb1bf38ae4913e,5,success,coarse,6400,0,11.755212935619056
16,34.4391117868945,2,4.509612400084734,14.88888888888889,3,xgboost,27,86239,6400,27,16,c4bb1bf38ae4913e,5,success,fine,6400,0,39.06073820311576
32,11.771966674365103,2,1.2115069385617971,30.2,23,xgboost,5,86239,6400,5,32,c4bb1bf38ae4913e,5,success,coarse,6400,0,13.119090382009745
32,36.60728035494685,2,4.534168203361332,27.62962962962963,3,xgboost,27,86239,6400,27,32,c4bb1bf38ae4913e,5,success,fine,6400,0,41.2761632502079
8,10.41631133761257,2,1.2078067976981401,8.0,8,xgboost,5,86239,6400,5,8,c4bb1bf38ae4913e,5,success,coarse,6400,0,11.73028276860714
8,31.284151948988438,2,4.461877478286624,7.407407407407407,1,xgboost,27,86239,6400,27,8,c4bb1bf38ae4913e,5,success,fine,6400,0,35.84083085041493
16,12.448254555463791,2,1.2458446947857738,16.0,16,xgboost,5,86239,6400,5,16,c4bb1bf38ae4913e,6,success,coarse,6400,0,13.805455416440964
16,39.42230989597738,2,4.460723838768899,14.851851851851851,3,xgboost,27,86239,6400,27,16,c4bb1bf38ae4913e,6,success,fine,6400,0,43.99763207323849
32,13.662814173847437,2,1.2490406446158886,31.6,30,xgboost,5,86239,6400,5,32,c4bb1bf38ae4913e,6,success,coarse,6400,0,15.047601046040654
32,36.31447331234813,2,4.444135378114879,27.74074074074074,5,xgboost,27,86239,6400,27,32,c4bb1bf38ae4913e,6,success,fine,6400,0,40.88615171331912
8,10.984141757711768,2,1.193051626905799,8.0,8,xgboost,5,86239,6400,5,8,c4bb1bf38ae4913e,6,success,coarse,6400,0,12.27644569426775
8,35.64564759656787,2,4.5149167235940695,7.62962962962963,2,xgboost,27,86239,6400,27,8,c4bb1bf38ae4913e,6,success,fine,6400,0,40.25607522763312
16,10.503057416528463,2,1.2158555230125785,16.0,16,xgboost,5,86239,6400,5,16,c4bb1bf38ae4913e,7,success,coarse,6400,0,11.833846368826926
16,31.391472436487675,2,4.259063236415386,14.444444444444445,3,xgboost,27,86239,6400,27,16,c4bb1bf38ae4913e,7,success,fine,6400,0,35.762013646773994
32,12.812408627010882,2,1.346078093163669,31.6,30,xgboost,5,86239,6400,5,32,c4bb1bf38ae4913e,7,success,coarse,6400,0,14.299777982756495
32,35.59420240949839,2,4.257472050376236,27.88888888888889,5,xgboost,27,86239,6400,27,32,c4bb1bf38ae4913e,7,success,fine,6400,0,39.97917353827506
8,12.244539674371481,2,1.7578050578013062,8.0,8,xgboost,5,86239,6400,5,8,c4bb1bf38ae4913e,7,success,coarse,6400,0,14.105302484706044
8,34.161890274845064,2,4.378694821149111,7.333333333333333,2,xgboost,27,86239,6400,27,8,c4bb1bf38ae4913e,7,success,fine,6400,0,38.63400334306061
16,10.953958254307508,2,1.0270484602078795,15.8,15,xgboost,5,86239,6400,5,16,c4bb1bf38ae4913e,8,success,coarse,6400,0,12.07803089916706
16,33.619099935516715,2,4.234661654569209,14.384615384615385,6,xgboost,27,86239,6400,26,16,c4bb1bf38ae4913e,8,success,fine,6400,1,37.95236889459193
32,10.076825595460832,2,1.0249558575451374,29.6,20,xgboost,5,86239,6400,5,32,c4bb1bf38ae4913e,8,success,coarse,6400,0,11.228560901246965
32,33.115693075582385,2,4.220255997031927,28.23076923076923,6,xgboost,27,86239,6400,26,32,c4bb1bf38ae4913e,8,success,fine,6400,1,37.457252020947635
8,11.890499501489103,2,1.1697780853137374,8.0,8,xgboost,5,86239,6400,5,8,c4bb1bf38ae4913e,8,success,coarse,6400,0,13.158926879055798
8,37.07366915419698,2,4.260107231326401,7.384615384615385,4,xgboost,27,86239,6400,26,8,c4bb1bf38ae4913e,8,success,fine,6400,1,41.42808111850172
16,7.8614350548014045,2,1.0121641717851162,15.6,14,xgboost,5,86239,6400,5,16,c4bb1bf38ae4913e,9,success,coarse,6400,0,8.970730293542147
16,26.63717037346214,2,3.815305480733514,14.23076923076923,5,xgboost,27,86239,6400,26,16,c4bb1bf38ae4913e,9,success,fine,6400,1,30.54827062319964
32,9.31046144478023,2,0.9966628346592188,30.0,22,xgboost,5,86239,6400,5,32,c4bb1bf38ae4913e,9,success,coarse,6400,0,10.430905617773533
32,31.463914189487696,2,3.901817826554179,27.73076923076923,5,xgboost,27,86239,6400,26,32,c4bb1bf38ae4913e,9,success,fine,6400,1,35.483855304308236
8,7.910061588510871,2,1.0212689535692334,7.6,6,xgboost,5,86239,6400,5,8,c4bb1bf38ae4913e,9,success,coarse,6400,0,9.021377419121563
8,28.060221855528653,2,3.881466683000326,6.961538461538462,4,xgboost,27,86239,6400,26,8,c4bb1bf38ae4913e,9,success,fine,6400,1,32.02856684103608
16,7.602233042940497,3,0.7049273196607828,15.8,15,xgboost,5,68849,6400,5,16,c4bb1bf38ae4913e,0,success,coarse,6400,0,8.398741965182126
16,31.11100614350289,3,3.368142451159656,14.037037037037036,1,xgboost,27,68849,6400,27,16,c4bb1bf38ae4913e,0,success,fine,6400,0,34.57692451775074
32,8.680263485759497,3,0.6998802898451686,29.4,19,xgboost,5,68849,6400,5,32,c4bb1bf38ae4913e,0,success,coarse,6400,0,9.492363896220922
32,35.69033466745168,3,3.3935659816488624,26.51851851851852,1,xgboost,27,68849,6400,27,32,c4bb1bf38ae4913e,0,success,fine,6400,0,39.20496020000428
8,22.575180422514677,3,0.7114794803783298,7.8,7,xgboost,5,68849,6400,5,8,c4bb1bf38ae4913e,0,success,coarse,6400,0,23.368251311592758
8,37.62075782008469,3,3.255418948829174,7.074074074074074,1,xgboost,27,68849,6400,27,8,c4bb1bf38ae4913e,0,success,fine,6400,0,40.96125871129334
16,9.523861999623477,3,0.7308644047006965,15.8,15,xgboost,5,68849,6400,5,16,c4bb1bf38ae4913e,1,success,coarse,6400,0,10.343998562544584
16,38.10925607196987,3,4.070423727855086,14.222222222222221,2,xgboost,27,68849,6400,27,16,c4bb1bf38ae4913e,1,success,fine,6400,0,42.30710334889591
32,8.938727558590472,3,0.7262596329674125,31.8,31,xgboost,5,68849,6400,5,32,c4bb1bf38ae4913e,1,success,coarse,6400,0,9.780177526175976
32,57.54661486390978,3,4.002330945804715,28.037037037037038,3,xgboost,27,68849,6400,27,32,c4bb1bf38ae4913e,1,success,fine,6400,0,61.686841916292906
8,8.865005200728774,3,0.7127414355054498,7.8,7,xgboost,5,68849,6400,5,8,c4bb1bf38ae4913e,1,success,coarse,6400,0,9.65501786954701
8,34.799841181375086,3,3.5411745132878423,7.111111111111111,2,xgboost,27,68849,6400,27,8,c4bb1bf38ae4913e,1,success,fine,6400,0,38.42583833541721
16,8.157076311297715,3,0.7195263430476189,15.8,15,xgboost,5,68849,6400,5,16,c4bb1bf38ae4913e,2,success,coarse,6400,0,8.965235537849367
16,52.61163038946688,3,3.7829730296507478,14.11111111111111,2,xgboost,27,68849,6400,27,16,c4bb1bf38ae4913e,2,success,fine,6400,0,56.504241273738444
32,8.972315744496882,3,0.7227445766329765,31.8,31,xgboost,5,68849,6400,5,32,c4bb1bf38ae4913e,2,success,coarse,6400,0,9.80634290445596
32,46.24636999890208,3,3.9375357273966074,27.77777777777778,4,xgboost,27,68849,6400,27,32,c4bb1bf38ae4913e,2,success,fine,6400,0,50.32626501005143
8,7.826202793046832,3,0.7326347781345248,8.0,8,xgboost,5,68849,6400,5,8,c4bb1bf38ae4913e,2,success,coarse,6400,0,8.635923055931926
8,43.514456417411566,3,3.8004258535802364,7.2592592592592595,1,xgboost,27,68849,6400,27,8,c4bb1bf38ae4913e,2,success,fine,6400,0,47.41627170983702
16,8.975516277365386,3,0.7121577002108097,15.8,15,xgboost,5,68849,6400,5,16,c4bb1bf38ae4913e,3,success,coarse,6400,0,9.78211475815624
16,38.38506271131337,3,3.7055145874619484,13.444444444444445,1,xgboost,27,68849,6400,27,16,c4bb1bf38ae4913e,3,success,fine,6400,0,42.202836234122515
32,8.692736308090389,3,0.6882620872929692,29.4,19,xgboost,5,68849,6400,5,32,c4bb1bf38ae4913e,3,success,coarse,6400,0,9.492477076128125
32,39.58858345914632,3,3.77692080847919,24.40740740740741,1,xgboost,27,68849,6400,27,32,c4bb1bf38ae4913e,3,success,fine,6400,0,43.49922241922468
8,8.317048761062324,3,0.7102635931223631,7.8,7,xgboost,5,68849,6400,5,8,c4bb1bf38ae4913e,3,success,coarse,6400,0,9.103163953870535
8,40.58291027136147,3,3.7393717700615525,7.0,1,xgboost,27,68849,6400,27,8,c4bb1bf38ae4913e,3,success,fine,6400,0,44.41512940917164
16,8.252200599759817,3,0.7026269203051925,16.0,16,xgboost,5,68849,6400,5,16,c4bb1bf38ae4913e,4,success,coarse,6400,0,9.044492604210973
16,38.78706399444491,3,3.753692716360092,15.307692307692308,10,xgboost,27,68849,6400,26,16,c4bb1bf38ae4913e,4,success,fine,6400,1,42.64149557054043
32,8.8030805895105,3,0.7056054808199406,30.0,22,xgboost,5,68849,6400,5,32,c4bb1bf38ae4913e,4,success,coarse,6400,0,9.620062532834709
32,37.15495817176998,3,3.591504310257733,29.0,14,xgboost,27,68849,6400,26,32,c4bb1bf38ae4913e,4,success,fine,6400,1,40.86927930358797
8,7.6289196172729135,3,0.7138815680518746,8.0,8,xgboost,5,68849,6400,5,8,c4bb1bf38ae4913e,4,success,coarse,6400,0,8.4214598396793
8,36.46642457228154,3,4.120154561474919,7.653846153846154,4,xgboost,27,68849,6400,26,8,c4bb1bf38ae4913e,4,success,fine,6400,1,40.6831217110157
16,9.108700294978917,3,0.7499629482626915,16.0,16,xgboost,5,68849,6400,5,16,c4bb1bf38ae4913e,5,success,coarse,6400,0,9.952396222390234
16,36.931086495518684,3,3.6019786009564996,14.88888888888889,3,xgboost,27,68849,6400,27,16,c4bb1bf38ae4913e,5,success,fine,6400,0,40.62968878541142
32,9.145309120416641,3,0.7337587783113122,31.8,31,xgboost,5,68849,6400,5,32,c4bb1bf38ae4913e,5,success,coarse,6400,0,9.990880242548883
32,35.82158482261002,3,3.629176255315542,28.51851851851852,5,xgboost,27,68849,6400,27,32,c4bb1bf38ae4913e,5,success,fine,6400,0,39.57286335993558
8,8.090890934690833,3,0.73201406840235,8.0,8,xgboost,5,68849,6400,5,8,c4bb1bf38ae4913e,5,success,coarse,6400,0,8.896804559975863
8,34.66619408968836,3,3.5886136116459966,7.37037037037037,1,xgboost,27,68849,6400,27,8,c4bb1bf38ae4913e,5,success,fine,6400,0,38.33710301481187
16,22.73503482621163,3,0.9955880120396614,16.0,16,xgboost,5,68849,6400,5,16,c4bb1bf38ae4913e,6,success,coarse,6400,0,23.853487649932504
16,33.25156109780073,3,3.4938079407438636,14.703703703703704,4,xgboost,27,68849,6400,27,16,c4bb1bf38ae4913e,6,success,fine,6400,0,36.841898296028376
32,20.99128291197121,3,0.9660142827779055,31.8,31,xgboost,5,68849,6400,5,32,c4bb1bf38ae4913e,6,success,coarse,6400,0,22.10024260915816
32,34.99246321152896,3,3.47561473865062,28.0,5,xgboost,27,68849,6400,27,32,c4bb1bf38ae4913e,6,success,fine,6400,0,38.59171730000526
8,8.482932914048433,3,0.8868777807801962,8.0,8,xgboost,5,68849,6400,5,8,c4bb1bf38ae4913e,6,success,coarse,6400,0,9.458159001544118
8,32.20607022661716,3,3.41710679885,7.481481481481482,2,xgboost,27,68849,6400,27,8,c4bb1bf38ae4913e,6,success,fine,6400,0,35.71273458562791
16,22.217480666935444,3,0.9653522241860628,15.8,15,xgboost,5,68849,6400,5,16,c4bb1bf38ae4913e,7,success,coarse,6400,0,23.297431448474526
16,35.83564573340118,3,3.4696563966572285,14.407407407407407,2,xgboost,27,68849,6400,27,16,c4bb1bf38ae4913e,7,success,fine,6400,0,39.39932320360094
32,17.16099678352475,3,0.9446119032800198,30.0,22,xgboost,5,68849,6400,5,32,c4bb1bf38ae4913e,7,success,coarse,6400,0,18.25011919811368
32,34.09429538901895,3,3.515812930651009,27.074074074074073,3,xgboost,27,68849,6400,27,32,c4bb1bf38ae4913e,7,success,fine,6400,0,37.73376553878188
8,12.717228835448623,3,0.9435924766585231,7.8,7,xgboost,5,68849,6400,5,8,c4bb1bf38ae4913e,7,success,coarse,6400,0,13.753101384267211
8,28.438754375092685,3,3.419679371640086,7.2592592592592595,1,xgboost,27,68849,6400,27,8,c4bb1bf38ae4913e,7,success,fine,6400,0,31.93928777333349
16,20.419272656552494,3,0.9835206447169185,16.0,16,xgboost,5,68849,6400,5,16,c4bb1bf38ae4913e,8,success,coarse,6400,0,21.5176784619689
16,37.01710239890963,3,3.5644082939252257,14.407407407407407,3,xgboost,27,68849,6400,27,16,c4bb1bf38ae4913e,8,success,fine,6400,0,40.6796487076208
32,20.568843674845994,3,0.8900011442601681,29.6,20,xgboost,5,68849,6400,5,32,c4bb1bf38ae4913e,8,success,coarse,6400,0,21.608849306590855
32,37.76529667619616,3,3.6397506278008223,27.48148148148148,3,xgboost,27,68849,6400,27,32,c4bb1bf38ae4913e,8,success,fine,6400,0,41.527704761363566
8,41.47314700856805,3,0.8743310775607824,8.0,8,xgboost,5,68849,6400,5,8,c4bb1bf38ae4913e,8,success,coarse,6400,0,42.442305997014046
8,38.23246587160975,3,3.5606327718123794,7.148148148148148,1,xgboost,27,68849,6400,27,8,c4bb1bf38ae4913e,8,success,fine,6400,0,41.879758621566
16,14.119029686786234,3,1.0608908040449023,15.8,15,xgboost,5,68849,6400,5,16,c4bb1bf38ae4913e,9,success,coarse,6400,0,15.291374183259904
16,32.72694690991193,3,3.5498653147369623,14.074074074074074,2,xgboost,27,68849,6400,27,16,c4bb1bf38ae4913e,9,success,fine,6400,0,36.37303164601326
32,14.937609088607132,3,0.9029834074899554,31.8,31,xgboost,5,68849,6400,5,32,c4bb1bf38ae4913e,9,success,coarse,6400,0,15.972918581217527
32,36.23611904028803,3,3.5529441349208355,27.88888888888889,4,xgboost,27,68849,6400,27,32,c4bb1bf38ae4913e,9,success,fine,6400,0,39.90970868151635
8,22.20931833051145,3,0.9469067016616464,8.0,8,xgboost,5,68849,6400,5,8,c4bb1bf38ae4913e,9,success,coarse,6400,0,23.260887229815125
8,33.10498430673033,3,3.5237081879749894,7.185185185185185,2,xgboost,27,68849,6400,27,8,c4bb1bf38ae4913e,9,success,fine,6400,0,36.713581182062626
16,9.50760935433209,4,0.7664593951776624,16.0,16,xgboost,5,71343,6400,5,16,c4bb1bf38ae4913e,0,success,coarse,6400,0,10.368029398843646
16,34.39650720730424,4,3.496538320556283,14.37037037037037,1,xgboost,27,71343,6400,27,16,c4bb1bf38ae4913e,0,success,fine,6400,0,37.996224398724735
32,8.803209582343698,4,0.7467510784044862,31.6,30,xgboost,5,71343,6400,5,32,c4bb1bf38ae4913e,0,success,coarse,6400,0,9.661838215775788
32,35.699110355228186,4,3.519159860908985,27.37037037037037,1,xgboost,27,71343,6400,27,32,c4bb1bf38ae4913e,0,success,fine,6400,0,39.350087229162455
8,18.213405657559633,4,0.7993334010243416,8.0,8,xgboost,5,71343,6400,5,8,c4bb1bf38ae4913e,0,success,coarse,6400,0,19.104220056906343
8,44.81566552910954,4,3.487331932410598,7.148148148148148,1,xgboost,27,71343,6400,27,8,c4bb1bf38ae4913e,0,success,fine,6400,0,48.41230821982026
16,8.740235167555511,4,0.7594019584357738,15.8,15,xgboost,5,71343,6400,5,16,c4bb1bf38ae4913e,1,success,coarse,6400,0,9.58676019217819
16,36.70003579091281,4,4.237725232727826,13.88888888888889,1,xgboost,27,71343,6400,27,16,c4bb1bf38ae4913e,1,success,fine,6400,0,41.0541867306456
32,8.941361860372126,4,0.7524262480437756,31.6,30,xgboost,5,71343,6400,5,32,c4bb1bf38ae4913e,1,success,coarse,6400,0,9.80432557221502
32,58.61027242150158,4,4.371357556432486,27.48148148148148,1,xgboost,27,71343,6400,27,32,c4bb1bf38ae4913e,1,success,fine,6400,0,63.130253817886114
8,9.070075241848826,4,0.7632528347894549,8.0,8,xgboost,5,71343,6400,5,8,c4bb1bf38ae4913e,1,success,coarse,6400,0,9.912098225206137
8,35.156248982064426,4,3.5984991174191236,7.185185185185185,1,xgboost,27,71343,6400,27,8,c4bb1bf38ae4913e,1,success,fine,6400,0,38.83864332176745
16,7.700896899215877,4,0.7714223694056273,15.6,14,xgboost,5,71343,6400,5,16,c4bb1bf38ae4913e,2,success,coarse,6400,0,8.563186488114297
16,64.77598058339208,4,3.9971974277868867,13.703703703703704,1,xgboost,27,71343,6400,27,16,c4bb1bf38ae4913e,2,success,fine,6400,0,68.89491677749902
32,8.659910986199975,4,0.7458937270566821,29.8,21,xgboost,5,71343,6400,5,32,c4bb1bf38ae4913e,2,success,coarse,6400,0,9.52490715123713
32,49.99402644485235,4,4.114696279168129,25.555555555555557,1,xgboost,27,71343,6400,27,32,c4bb1bf38ae4913e,2,success,fine,6400,0,54.24566490389407
8,8.05746112857014,4,0.7425190852954984,7.6,6,xgboost,5,71343,6400,5,8,c4bb1bf38ae4913e,2,success,coarse,6400,0,8.881814751774073
8,55.59676770027727,4,4.118059451691806,6.851851851851852,1,xgboost,27,71343,6400,27,8,c4bb1bf38ae4913e,2,success,fine,6400,0,59.8227285053581
16,8.862336233258247,4,0.7538653640076518,15.8,15,xgboost,5,71343,6400,5,16,c4bb1bf38ae4913e,3,success,coarse,6400,0,9.708217962644994
16,45.81772482674569,4,4.30595956929028,14.692307692307692,5,xgboost,27,71343,6400,26,16,c4bb1bf38ae4913e,3,success,fine,6400,1,50.241011364385486
32,8.970550284720957,4,0.7342643672600389,29.6,20,xgboost,5,71343,6400,5,32,c4bb1bf38ae4913e,3,success,coarse,6400,0,9.818232763558626
32,43.00910185370594,4,4.17968306876719,27.923076923076923,5,xgboost,27,71343,6400,26,32,c4bb1bf38ae4913e,3,success,fine,6400,1,47.33022019825876
8,9.422165827825665,4,0.7368963779881597,8.0,8,xgboost,5,71343,6400,5,8,c4bb1bf38ae4913e,3,success,coarse,6400,0,10.240427216514945
8,43.43115776684135,4,4.1446790006011724,7.461538461538462,5,xgboost,27,71343,6400,26,8,c4bb1bf38ae4913e,3,success,fine,6400,1,47.67334620375186
16,8.722048375755548,4,0.7303003985434771,15.8,15,xgboost,5,71343,6400,5,16,c4bb1bf38ae4913e,4,success,coarse,6400,0,9.545075575821102
16,33.137413484975696,4,3.555917404592037,13.592592592592593,1,xgboost,27,71343,6400,27,16,c4bb1bf38ae4913e,4,success,fine,6400,0,36.79402608983219
32,8.96079103834927,4,0.7418054128065705,29.4,19,xgboost,5,71343,6400,5,32,c4bb1bf38ae4913e,4,success,coarse,6400,0,9.817538651637733
32,33.039459384046495,4,3.3704081205651164,24.59259259259259,1,xgboost,27,71343,6400,27,32,c4bb1bf38ae4913e,4,success,fine,6400,0,36.53781538549811
8,8.131669105961919,4,0.7519038924947381,7.8,7,xgboost,5,71343,6400,5,8,c4bb1bf38ae4913e,4,success,coarse,6400,0,8.964619242586195
8,37.768699334934354,4,3.7716789385303855,6.814814814814815,1,xgboost,27,71343,6400,27,8,c4bb1bf38ae4913e,4,success,fine,6400,0,41.629821222275496
16,9.106891322880983,4,0.7497191363945603,15.6,14,xgboost,5,71343,6400,5,16,c4bb1bf38ae4913e,5,success,coarse,6400,0,9.948348780162632
16,36.04522229079157,4,3.6276061246171594,13.777777777777779,1,xgboost,27,71343,6400,27,16,c4bb1bf38ae4913e,5,success,fine,6400,0,39.770589790306985
32,8.837787363678217,4,0.7724673775956035,29.6,20,xgboost,5,71343,6400,5,32,c4bb1bf38ae4913e,5,success,coarse,6400,0,9.727710351347923
32,35.010847022756934,4,3.8401632104068995,27.074074074074073,1,xgboost,27,71343,6400,27,32,c4bb1bf38ae4913e,5,success,fine,6400,0,38.97729705180973
8,6.946318634785712,4,0.7449473636224866,7.8,7,xgboost,5,71343,6400,5,8,c4bb1bf38ae4913e,5,success,coarse,6400,0,7.7698587495833635
8,27.322527145966887,4,3.4779551047831774,6.814814814814815,1,xgboost,27,71343,6400,27,8,c4bb1bf38ae4913e,5,success,fine,6400,0,30.88604372367263
16,13.539426745846868,4,1.0300098545849323,15.8,15,xgboost,5,71343,6400,5,16,c4bb1bf38ae4913e,6,success,coarse,6400,0,14.683193830773234
16,36.37447620462626,4,3.7081429371610284,14.555555555555555,1,xgboost,27,71343,6400,27,16,c4bb1bf38ae4913e,6,success,fine,6400,0,40.17968203499913
32,16.501898157410324,4,1.036400261335075,30.6,25,xgboost,5,71343,6400,5,32,c4bb1bf38ae4913e,6,success,coarse,6400,0,17.67406948376447
32,36.61864458490163,4,3.713195906020701,27.925925925925927,1,xgboost,27,71343,6400,27,32,c4bb1bf38ae4913e,6,success,fine,6400,0,40.45511656999588
8,8.30516742169857,4,0.8540198551490903,8.0,8,xgboost,5,71343,6400,5,8,c4bb1bf38ae4913e,6,success,coarse,6400,0,9.260377696715295
8,30.17281964980066,4,3.6381235159933567,7.37037037037037,1,xgboost,27,71343,6400,27,8,c4bb1bf38ae4913e,6,success,fine,6400,0,33.89453261997551
16,26.440019735135138,4,0.9960870137438178,15.8,15,xgboost,5,71343,6400,5,16,c4bb1bf38ae4913e,7,success,coarse,6400,0,27.548043692484498
16,35.798549968749285,4,3.5696734935045242,14.074074074074074,1,xgboost,27,71343,6400,27,16,c4bb1bf38ae4913e,7,success,fine,6400,0,39.46771080419421
32,15.269451861269772,4,0.89382438454777,29.8,21,xgboost,5,71343,6400,5,32,c4bb1bf38ae4913e,7,success,coarse,6400,0,16.300058574415743
32,34.18644094839692,4,3.5773449717089534,27.037037037037038,1,xgboost,27,71343,6400,27,32,c4bb1bf38ae4913e,7,success,fine,6400,0,37.88479289319366
8,19.331976745277643,4,0.9290079744532704,8.0,8,xgboost,5,71343,6400,5,8,c4bb1bf38ae4913e,7,success,coarse,6400,0,20.36444654595107
8,36.10639270674437,4,3.5626593744382262,7.2592592592592595,1,xgboost,27,71343,6400,27,8,c4bb1bf38ae4913e,7,success,fine,6400,0,39.756900443695486
16,22.04195237904787,4,0.9566847179085016,15.6,14,xgboost,5,71343,6400,5,16,c4bb1bf38ae4913e,8,success,coarse,6400,0,23.114211815409362
16,33.36759631987661,4,3.354453749023378,13.407407407407407,1,xgboost,27,71343,6400,27,16,c4bb1bf38ae4913e,8,success,fine,6400,0,36.81397843826562
32,15.49459791649133,4,0.9521173872053623,29.4,19,xgboost,5,71343,6400,5,32,c4bb1bf38ae4913e,8,success,coarse,6400,0,16.58877431973815
32,33.55309189017862,4,3.3613759567961097,24.555555555555557,1,xgboost,27,71343,6400,27,32,c4bb1bf38ae4913e,8,success,fine,6400,0,37.036179835908115
8,19.230865475721657,4,1.01573714800179,7.8,7,xgboost,5,71343,6400,5,8,c4bb1bf38ae4913e,8,success,coarse,6400,0,20.34282696247101
8,30.243284821510315,4,3.302209368906915,7.037037037037037,1,xgboost,27,71343,6400,27,8,c4bb1bf38ae4913e,8,success,fine,6400,0,33.63072466477752
16,12.27840652037412,4,0.8778105434030294,16.0,16,xgboost,5,71343,6400,5,16,c4bb1bf38ae4913e,9,success,coarse,6400,0,13.259347311221063
16,30.04608010314405,4,3.324775356799364,13.407407407407407,1,xgboost,27,71343,6400,27,16,c4bb1bf38ae4913e,9,success,fine,6400,0,33.46859750058502
32,16.893485583364964,4,0.8949520718306303,29.8,21,xgboost,5,71343,6400,5,32,c4bb1bf38ae4913e,9,success,coarse,6400,0,17.919772550463676
32,32.91924816928804,4,3.263560057617724,24.59259259259259,1,xgboost,27,71343,6400,27,32,c4bb1bf38ae4913e,9,success,fine,6400,0,36.30566480755806
8,16.34041838068515,4,0.9772579930722713,8.0,8,xgboost,5,71343,6400,5,8,c4bb1bf38ae4913e,9,success,coarse,6400,0,17.410888766869903
8,31.037419714033604,4,3.348620646633208,7.074074074074074,1,xgboost,27,71343,6400,27,8,c4bb1bf38ae4913e,9,success,fine,6400,0,34.4739497397095
