method,condition,task,comparison,estimate,low,high
raw,natural,fine,score,0.08949646558928853,0.05871625323308972,0.09832542193941131
raw,natural,coarse,score,0.31565390933848153,0.27715071700326915,0.34666303254124536
raw,composition,fine,score,0.08949646558928853,0.05871625323308972,0.09832542193941131
raw,composition,coarse,score,0.31565390933848153,0.27715071700326915,0.34666303254124536
raw,shift,fine,score,0.08906924862918979,0.05881044950322547,0.09681571485808127
raw,shift,coarse,score,0.31322938007028833,0.2666181045922755,0.3493020881173571
raw,both,fine,score,0.08906924862918979,0.05881044950322547,0.09681571485808127
raw,both,coarse,score,0.31322938007028833,0.2666181045922755,0.3493020881173571
context,natural,fine,score,0.0914260552809074,0.06334378868555433,0.10141966590635153
context,natural,coarse,score,0.32905834862102457,0.2884303349738548,0.3641317384103981
context,composition,fine,score,0.0907244064430776,0.06274065999565666,0.10129407763480923
context,composition,coarse,score,0.33008607078545443,0.2875883757035129,0.36410834001227577
context,shift,fine,score,0.08821246256085352,0.05977927007174297,0.09733897432497501
context,shift,coarse,score,0.31676993679328397,0.2637662053560988,0.3604701603943853
context,both,fine,score,0.08674165390581516,0.05977482369003018,0.0951153552821704
context,both,coarse,score,0.3186066865570787,0.2660399294155695,0.3610897711953678
correction,natural,fine,score,0.09584748506108975,0.06574415722672722,0.10687559160346898
correction,natural,coarse,score,0.3260282264420571,0.28856548071239124,0.3639746813504662
correction,composition,fine,score,0.0950628528573267,0.06567228626113204,0.1062509479599858
correction,composition,coarse,score,0.32734880649667314,0.289980004231676,0.3632798617595847
correction,shift,fine,score,0.09429306943383557,0.06471954399758789,0.10456779750842428
correction,shift,coarse,score,0.32218066522996036,0.2719832607449846,0.37253354203163225
correction,both,fine,score,0.09334132925142853,0.06524690326723936,0.10267823081547263
correction,both,coarse,score,0.32351894931816844,0.2736594326847321,0.37147617775421726
composition,natural,fine,score,0.09651333317766098,0.06546939329757596,0.10783216390420096
composition,natural,coarse,score,0.3265161389153686,0.28688185151110696,0.3661646814970396
composition,composition,fine,score,0.09597023227395494,0.06543694408662949,0.10697101160908067
composition,composition,coarse,score,0.3276090213049881,0.28798806692900686,0.36610319087706017
composition,shift,fine,score,0.09449262069451046,0.06577223261520494,0.10359703101421243
composition,shift,coarse,score,0.3239364097573258,0.2711974804465442,0.3743176651955749
composition,both,fine,score,0.09373123230286323,0.06619957840454847,0.10196468840307121
composition,both,coarse,score,0.3250434198944013,0.2730256089221401,0.37400425997981646
equivariance,natural,fine,score,0.09806831988540225,0.06687993900597337,0.10867323509762236
equivariance,natural,coarse,score,0.32757339217364684,0.2913160013319016,0.36522209344488704
equivariance,composition,fine,score,0.09691411468433252,0.0673260011975467,0.10702063275601585
equivariance,composition,coarse,score,0.3286094724768121,0.29223008153710295,0.36459544639552827
equivariance,shift,fine,score,0.09489109716042454,0.06622302482244703,0.10404013252496544
equivariance,shift,coarse,score,0.3213684429432544,0.2710625445940696,0.37153985258391087
equivariance,both,fine,score,0.09354612678499385,0.0668464031064036,0.10181434494570678
equivariance,both,coarse,score,0.3224497201748748,0.2726649526452952,0.3706849346265493
dual,natural,fine,score,0.09858430271814361,0.06660376728953994,0.10961546289782602
dual,natural,coarse,score,0.3265166588757349,0.2879429241023894,0.3669156370075101
dual,composition,fine,score,0.09820970136291861,0.06658218736100383,0.10914617893934907
dual,composition,coarse,score,0.3277982571853483,0.2894243524848183,0.3667885261130062
dual,shift,fine,score,0.09494215391469489,0.06568430088244426,0.10439805220723829
dual,shift,coarse,score,0.32221625684991384,0.2697372624735201,0.37380157325924607
dual,both,fine,score,0.09411767865306224,0.066190614989519,0.10247771987067668
dual,both,coarse,score,0.32398985613248277,0.27167676375825073,0.3732431119379919
raw,natural,fine,minus_context,-0.0019295896916188687,-0.00946563644494666,0.00613507325719958
raw,natural,fine,minus_correction,-0.0063510194718012225,-0.01110568240080827,-0.0008202218300818223
raw,natural,fine,minus_composition,-0.007016867588372444,-0.011487249327229079,-0.0013715466977675637
raw,natural,fine,minus_equivariance,-0.00857185429611372,-0.012684675288733183,-0.0028940674302704535
raw,natural,coarse,minus_context,-0.013404439282543035,-0.030301844194139654,-7.597221348167412e-05
raw,natural,coarse,minus_correction,-0.010374317103575559,-0.032388075952774736,0.008701338026641896
raw,natural,coarse,minus_composition,-0.010862229576887095,-0.030123270699363495,0.008494278836912039
raw,natural,coarse,minus_equivariance,-0.011919482835165307,-0.03390053692308987,0.007213383876848874
raw,composition,fine,minus_context,-0.001227940853789064,-0.009546331779661807,0.007171045534989221
raw,composition,fine,minus_correction,-0.005566387268038167,-0.011003667320834678,0.0001633404325411714
raw,composition,fine,minus_composition,-0.006473766684666413,-0.011304077398065968,-0.0010029436147427383
raw,composition,fine,minus_equivariance,-0.007417649095043985,-0.012022127308449886,-0.0024589823475609624
raw,composition,coarse,minus_context,-0.014432161446972902,-0.031577088037402085,-0.0012966306870006816
raw,composition,coarse,minus_correction,-0.011694897158191608,-0.03296597516666169,0.006096164719535733
raw,composition,coarse,minus_composition,-0.01195511196650656,-0.031753347120753644,0.005690670682476172
raw,composition,coarse,minus_equivariance,-0.012955563138330572,-0.034388836073801936,0.004463168048028861
raw,shift,fine,minus_context,0.0008567860683362655,-0.007557209502321319,0.007323376110289635
raw,shift,fine,minus_correction,-0.005223820804645785,-0.012368715687777962,0.0011222085320059195
raw,shift,fine,minus_composition,-0.005423372065320675,-0.011964759381557093,-6.0288875152923345e-05
raw,shift,fine,minus_equivariance,-0.005821848531234755,-0.013128655664317248,0.0003334476507767758
raw,shift,coarse,minus_context,-0.003540556722995636,-0.02802437932630327,0.018093413145226892
raw,shift,coarse,minus_correction,-0.008951285159672029,-0.0362828529839875,0.016575971581398088
raw,shift,coarse,minus_composition,-0.010707029687037461,-0.038096818661047124,0.017052289791633195
raw,shift,coarse,minus_equivariance,-0.008139062872966063,-0.03657205117607148,0.014684668732791306
raw,both,fine,minus_context,0.0023275947233746264,-0.007331098669330361,0.008300747744227573
raw,both,fine,minus_correction,-0.004272080622238744,-0.013183707341502239,0.0027097900560798666
raw,both,fine,minus_composition,-0.004661983673673445,-0.012585025431168193,0.0017120831899171164
raw,both,fine,minus_equivariance,-0.004476878155804068,-0.013402867509657364,0.002386068719174922
raw,both,coarse,minus_context,-0.005377306486790356,-0.027532556056660856,0.014120612560634153
raw,both,coarse,minus_correction,-0.010289569247880104,-0.03548871782823687,0.011749442812401428
raw,both,coarse,minus_composition,-0.011814039824112943,-0.037169760702833704,0.011980448701798126
raw,both,coarse,minus_equivariance,-0.009220340104586444,-0.03497631096140221,0.010106200563934272
context,natural,fine,minus_raw,0.0019295896916188687,-0.0061350732571995815,0.009465636444946659
context,natural,fine,minus_correction,-0.004421429780182354,-0.01064105195808935,0.00041018752338132955
context,natural,fine,minus_composition,-0.005087277896753575,-0.011534132059809257,0.0008911321678873985
context,natural,fine,minus_equivariance,-0.006642264604494852,-0.013559714613083456,1.6116973071925736e-05
context,natural,coarse,minus_raw,0.013404439282543035,7.597221348165531e-05,0.030301844194139633
context,natural,coarse,minus_correction,0.003030122178967476,-0.011853004658599179,0.01546268692579798
context,natural,coarse,minus_composition,0.00254220970565594,-0.012216396546040011,0.015770314581279622
context,natural,coarse,minus_equivariance,0.0014849564473777277,-0.015193079961382827,0.014732293989539106
context,composition,fine,minus_raw,0.001227940853789064,-0.007171045534989222,0.009546331779661788
context,composition,fine,minus_correction,-0.004338446414249103,-0.010658425788141232,0.0005135171441114302
context,composition,fine,minus_composition,-0.005245825830877349,-0.012386704503329817,0.0008137444909537875
context,composition,fine,minus_equivariance,-0.006189708241254921,-0.013786008342258748,7.821728806486286e-05
context,composition,coarse,minus_raw,0.014432161446972902,0.0012966306870006786,0.03157708803740207
context,composition,coarse,minus_correction,0.0027372642887812937,-0.011294993417416535,0.014803945796345006
context,composition,coarse,minus_composition,0.0024770494804663423,-0.010801216466858391,0.014536727317075402
context,composition,coarse,minus_equivariance,0.0014765983086423295,-0.01437638019628817,0.01505124748767802
context,shift,fine,minus_raw,-0.0008567860683362655,-0.007323376110289638,0.007557209502321319
context,shift,fine,minus_correction,-0.00608060687298205,-0.010996046037494031,-0.00012726505855743082
context,shift,fine,minus_composition,-0.006280158133656941,-0.011939347528734367,0.0003751728268954908
context,shift,fine,minus_equivariance,-0.006678634599571021,-0.012098151208081146,-0.0004986502838057952
context,shift,coarse,minus_raw,0.003540556722995636,-0.018093413145226896,0.028024379326303264
context,shift,coarse,minus_correction,-0.005410728436676393,-0.03240744884245595,0.013800342785798825
context,shift,coarse,minus_composition,-0.007166472964041826,-0.03432857893740342,0.011573884965366599
context,shift,coarse,minus_equivariance,-0.004598506149970427,-0.029761320328992095,0.012721018824606637
context,both,fine,minus_raw,-0.0023275947233746264,-0.00830074774422758,0.007331098669330356
context,both,fine,minus_correction,-0.0065996753456133705,-0.011479313421958048,-0.0009456539807687087
context,both,fine,minus_composition,-0.006989578397048071,-0.012793143980796515,-0.00035125444460883375
context,both,fine,minus_equivariance,-0.006804472879178694,-0.012641597787649186,-0.0006380565479275032
context,both,coarse,minus_raw,0.005377306486790356,-0.014120612560634162,0.027532556056660853
context,both,coarse,minus_correction,-0.004912262761089747,-0.027973041279240305,0.01031447401770541
context,both,coarse,minus_composition,-0.006436733337322587,-0.02944870332556041,0.008851636647573494
context,both,coarse,minus_equivariance,-0.0038430336177960878,-0.027403004557453346,0.010622015361521847
correction,natural,fine,minus_raw,0.0063510194718012225,0.0008202218300818184,0.011105682400808269
correction,natural,fine,minus_context,0.004421429780182354,-0.00041018752338133443,0.010641051958089343
correction,natural,fine,minus_composition,-0.0006658481165712216,-0.0013782912855749428,0.0009770853346448636
correction,natural,fine,minus_equivariance,-0.002220834824312498,-0.004494248662768004,0.0006925538947011167
correction,natural,coarse,minus_raw,0.010374317103575559,-0.008701338026641905,0.032388075952774736
correction,natural,coarse,minus_context,-0.003030122178967476,-0.015462686925798006,0.011853004658599177
correction,natural,coarse,minus_composition,-0.00048791247331153587,-0.004262639516752494,0.0048424049499493265
correction,natural,coarse,minus_equivariance,-0.0015451657315897482,-0.004840374442718122,0.0006673545526444372
correction,composition,fine,minus_raw,0.005566387268038167,-0.00016334043254117165,0.011003667320834668
correction,composition,fine,minus_context,0.004338446414249103,-0.0005135171441114316,0.010658425788141229
correction,composition,fine,minus_composition,-0.0009073794166282456,-0.0023937358458385903,0.0010358041976277412
correction,composition,fine,minus_equivariance,-0.0018512618270058179,-0.0045244084455550474,0.001377006643956367
correction,composition,coarse,minus_raw,0.011694897158191608,-0.006096164719535742,0.03296597516666168
correction,composition,coarse,minus_context,-0.0027372642887812937,-0.014803945796345011,0.011294993417416525
correction,composition,coarse,minus_composition,-0.00026021480831495136,-0.003719385284368651,0.0037516532363678235
correction,composition,coarse,minus_equivariance,-0.0012606659801389641,-0.0049583966161993774,0.0013751684205586708
correction,shift,fine,minus_raw,0.005223820804645785,-0.0011222085320059208,0.012368715687777952
correction,shift,fine,minus_context,0.00608060687298205,0.00012726505855742667,0.010996046037494028
correction,shift,fine,minus_composition,-0.0001995512606748906,-0.0024919273249595017,0.002006709221256556
correction,shift,fine,minus_equivariance,-0.0005980277265889705,-0.0029328073074516322,0.0019341508731179553
correction,shift,coarse,minus_raw,0.008951285159672029,-0.016575971581398105,0.0362828529839875
correction,shift,coarse,minus_context,0.005410728436676393,-0.013800342785798825,0.032407448842455944
correction,shift,coarse,minus_composition,-0.0017557445273654326,-0.0050734523175507236,0.0029831858416141223
correction,shift,coarse,minus_equivariance,0.0008122222867059659,-0.003068551360052185,0.004561942512734422
correction,both,fine,minus_raw,0.004272080622238744,-0.002709790056079867,0.013183707341502232
correction,both,fine,minus_context,0.0065996753456133705,0.0009456539807687063,0.011479313421958046
correction,both,fine,minus_composition,-0.0003899030514347007,-0.0029274966805412457,0.002218018523463112
correction,both,fine,minus_equivariance,-0.00020479753356532349,-0.0027995891900943625,0.0022772713319627476
correction,both,coarse,minus_raw,0.010289569247880104,-0.011749442812401435,0.03548871782823684
correction,both,coarse,minus_context,0.004912262761089747,-0.010314474017705414,0.027973041279240274
correction,both,coarse,minus_composition,-0.0015244705762328392,-0.005322496797617472,0.002737185935192374
correction,both,coarse,minus_equivariance,0.0010692291432936596,-0.0027402828468933117,0.004197318437685286
composition,natural,fine,minus_raw,0.007016867588372444,0.001371546697767563,0.011487249327229077
composition,natural,fine,minus_context,0.005087277896753575,-0.0008911321678874025,0.011534132059809257
composition,natural,fine,minus_correction,0.0006658481165712216,-0.0009770853346448651,0.0013782912855749428
composition,natural,fine,minus_equivariance,-0.0015549867077412766,-0.003789937106779981,0.0008320644725920237
composition,natural,coarse,minus_raw,0.010862229576887095,-0.008494278836912042,0.030123270699363484
composition,natural,coarse,minus_context,-0.00254220970565594,-0.01577031458127963,0.01221639654604
composition,natural,coarse,minus_correction,0.00048791247331153587,-0.004842404949949327,0.004262639516752493
composition,natural,coarse,minus_equivariance,-0.0010572532582782124,-0.007227873027162936,0.0031071096784890248
composition,composition,fine,minus_raw,0.006473766684666413,0.001002943614742738,0.011304077398065967
composition,composition,fine,minus_context,0.005245825830877349,-0.0008137444909537918,0.012386704503329815
composition,composition,fine,minus_correction,0.0009073794166282456,-0.0010358041976277423,0.0023937358458385903
composition,composition,fine,minus_equivariance,-0.0009438824103775723,-0.00288939625345203,0.0014005428029227828
composition,composition,coarse,minus_raw,0.01195511196650656,-0.005690670682476175,0.03175334712075362
composition,composition,coarse,minus_context,-0.0024770494804663423,-0.014536727317075403,0.010801216466858391
composition,composition,coarse,minus_correction,0.00026021480831495136,-0.00375165323636783,0.0037193852843686506
composition,composition,coarse,minus_equivariance,-0.0010004511718240128,-0.006554861720531567,0.0030294001650570486
composition,shift,fine,minus_raw,0.005423372065320675,6.0288875152921685e-05,0.011964759381557093
composition,shift,fine,minus_context,0.006280158133656941,-0.0003751728268954972,0.011939347528734361
composition,shift,fine,minus_correction,0.0001995512606748906,-0.002006709221256558,0.0024919273249595013
composition,shift,fine,minus_equivariance,-0.0003984764659140799,-0.0028733065286604895,0.0016920248120124248
composition,shift,coarse,minus_raw,0.010707029687037461,-0.017052289791633216,0.03809681866104706
composition,shift,coarse,minus_context,0.007166472964041826,-0.011573884965366599,0.03432857893740342
composition,shift,coarse,minus_correction,0.0017557445273654326,-0.0029831858416141262,0.0050734523175507175
composition,shift,coarse,minus_equivariance,0.0025679668140713985,-0.004315883220262046,0.007428735882045227
composition,both,fine,minus_raw,0.004661983673673445,-0.0017120831899171182,0.01258502543116819
composition,both,fine,minus_context,0.006989578397048071,0.00035125444460882915,0.012793143980796515
composition,both,fine,minus_correction,0.0003899030514347007,-0.0022180185234631144,0.0029274966805412344
composition,both,fine,minus_equivariance,0.00018510551786937723,-0.0021734965027574537,0.001881131698962189
composition,both,coarse,minus_raw,0.011814039824112943,-0.01198044870179813,0.03716976070283368
composition,both,coarse,minus_context,0.006436733337322587,-0.008851636647573501,0.029448703325560384
composition,both,coarse,minus_correction,0.0015244705762328392,-0.0027371859351923876,0.0053224967976174715
composition,both,coarse,minus_equivariance,0.002593699719526499,-0.0029864023442737085,0.006686975328008934
equivariance,natural,fine,minus_raw,0.00857185429611372,0.0028940674302704514,0.01268467528873317
equivariance,natural,fine,minus_context,0.006642264604494852,-1.6116973071927234e-05,0.013559714613083456
equivariance,natural,fine,minus_correction,0.002220834824312498,-0.0006925538947011193,0.004494248662767997
equivariance,natural,fine,minus_composition,0.0015549867077412766,-0.0008320644725920239,0.003789937106779978
equivariance,natural,coarse,minus_raw,0.011919482835165307,-0.0072133838768488915,0.03390053692308987
equivariance,natural,coarse,minus_context,-0.0014849564473777277,-0.014732293989539107,0.01519307996138281
equivariance,natural,coarse,minus_correction,0.0015451657315897482,-0.0006673545526444391,0.004840374442718117
equivariance,natural,coarse,minus_composition,0.0010572532582782124,-0.0031071096784890256,0.007227873027162929
equivariance,composition,fine,minus_raw,0.007417649095043985,0.0024589823475609555,0.012022127308449886
equivariance,composition,fine,minus_context,0.006189708241254921,-7.821728806486692e-05,0.013786008342258746
equivariance,composition,fine,minus_correction,0.0018512618270058179,-0.0013770066439563685,0.0045244084455550474
equivariance,composition,fine,minus_composition,0.0009438824103775723,-0.0014005428029227839,0.0028893962534520287
equivariance,composition,coarse,minus_raw,0.012955563138330572,-0.004463168048028876,0.03438883607380186
equivariance,composition,coarse,minus_context,-0.0014765983086423295,-0.01505124748767803,0.014376380196288167
equivariance,composition,coarse,minus_correction,0.0012606659801389641,-0.0013751684205586742,0.004958396616199372
equivariance,composition,coarse,minus_composition,0.0010004511718240128,-0.0030294001650570503,0.006554861720531561
equivariance,shift,fine,minus_raw,0.005821848531234755,-0.00033344765077678024,0.013128655664317245
equivariance,shift,fine,minus_context,0.006678634599571021,0.0004986502838057912,0.012098151208081142
equivariance,shift,fine,minus_correction,0.0005980277265889705,-0.0019341508731179566,0.002932807307451632
equivariance,shift,fine,minus_composition,0.0003984764659140799,-0.0016920248120124257,0.0028733065286604886
equivariance,shift,coarse,minus_raw,0.008139062872966063,-0.014684668732791315,0.03657205117607147
equivariance,shift,coarse,minus_context,0.004598506149970427,-0.01272101882460665,0.029761320328992088
equivariance,shift,coarse,minus_correction,-0.0008122222867059659,-0.004561942512734422,0.003068551360052185
equivariance,shift,coarse,minus_composition,-0.0025679668140713985,-0.007428735882045229,0.004315883220262043
equivariance,both,fine,minus_raw,0.004476878155804068,-0.0023860687191749317,0.01340286750965736
equivariance,both,fine,minus_context,0.006804472879178694,0.0006380565479275031,0.012641597787649186
equivariance,both,fine,minus_correction,0.00020479753356532349,-0.0022772713319627507,0.0027995891900943603
equivariance,both,fine,minus_composition,-0.00018510551786937723,-0.0018811316989621896,0.0021734965027574533
equivariance,both,coarse,minus_raw,0.009220340104586444,-0.010106200563934277,0.034976310961402204
equivariance,both,coarse,minus_context,0.0038430336177960878,-0.01062201536152185,0.027403004557453342
equivariance,both,coarse,minus_correction,-0.0010692291432936596,-0.004197318437685287,0.0027402828468933117
equivariance,both,coarse,minus_composition,-0.002593699719526499,-0.006686975328008939,0.0029864023442737
dual,natural,fine,minus_raw,0.00908783712885508,0.00309341867460809,0.013838186340095569
dual,natural,fine,minus_context,0.007158247437236212,7.858705809831794e-05,0.013575304982381659
dual,natural,fine,minus_correction,0.0027368176570538583,-0.0005876505080147105,0.004175512183719897
dual,natural,fine,minus_composition,0.0020709695404826367,-0.00024371705712330355,0.0036835360234685594
dual,natural,fine,minus_equivariance,0.0005159828327413601,-0.0012843012225924211,0.0025302130362447146
dual,natural,coarse,minus_raw,0.010862749537253358,-0.007545660902291189,0.03092869774575031
dual,natural,coarse,minus_context,-0.002541689745289677,-0.015270553636186568,0.012114730465253147
dual,natural,coarse,minus_correction,0.000488432433677799,-0.0042701009440614685,0.005296118335567955
dual,natural,coarse,minus_composition,5.199603662631169e-07,-0.0023097467330147987,0.0032346187038723878
dual,natural,coarse,minus_equivariance,-0.0010567332979119493,-0.006819617844538049,0.003818259869525472
dual,composition,fine,minus_raw,0.008713235773630076,0.0030677869512664804,0.013307926114758112
dual,composition,fine,minus_context,0.007485294919841012,0.00022382150926341139,0.014875995115234323
dual,composition,fine,minus_correction,0.0031468485055919093,-0.00011686494621257829,0.004999707264783989
dual,composition,fine,minus_composition,0.0022394690889636637,0.0002038136344027275,0.003415770881800311
dual,composition,fine,minus_equivariance,0.0012955866785860914,-0.0009367308993677538,0.003113852777570379
dual,composition,coarse,minus_raw,0.012144347846866743,-0.004804536712889997,0.032583650562990764
dual,composition,coarse,minus_context,-0.002287813600106159,-0.014783514899303055,0.01108519327126475
dual,composition,coarse,minus_correction,0.0004494506886751348,-0.0034794947072907282,0.005525448754406121
dual,composition,coarse,minus_composition,0.00018923588036018346,-0.002325788315548691,0.0030760558987185708
dual,composition,coarse,minus_equivariance,-0.0008112152914638293,-0.0063256414322476195,0.004077128577444128
dual,shift,fine,minus_raw,0.005872905285505103,6.697251134772029e-05,0.012005637991218605
dual,shift,fine,minus_context,0.006729691353841369,0.00023634732698192502,0.011758834695523444
dual,shift,fine,minus_correction,0.0006490844808593188,-0.0014028369667312586,0.002382808950079086
dual,shift,fine,minus_composition,0.0004495332201844282,-0.0014672655935061903,0.001842648360348656
dual,shift,fine,minus_equivariance,5.105675427034828e-05,-0.002222822207334361,0.0014384642110152434
dual,shift,coarse,minus_raw,0.008986876779625508,-0.014727380842060666,0.03685891972997603
dual,shift,coarse,minus_context,0.005446320056629872,-0.012003358193701085,0.030484819878158452
dual,shift,coarse,minus_correction,3.5591619953478926e-05,-0.005228229031018931,0.004986403945024365
dual,shift,coarse,minus_composition,-0.0017201529074119537,-0.007187004261546089,0.003986721917790037
dual,shift,coarse,minus_equivariance,0.0008478139066594448,-0.002866318564215052,0.0039213179268676925
dual,both,fine,minus_raw,0.005048430023872452,-0.001372881665518811,0.012870490156853725
dual,both,fine,minus_context,0.007376024747247079,0.001206207420795863,0.012675009585148228
dual,both,fine,minus_correction,0.000776349401633708,-0.0012788455516262814,0.0027248498940150366
dual,both,fine,minus_composition,0.0003864463501990073,-0.0014481845956917712,0.0016914986373949906
dual,both,fine,minus_equivariance,0.0005715518680683845,-0.001306656598610111,0.0018076309912731943
dual,both,coarse,minus_raw,0.010760476062194435,-0.009696526479365506,0.03652077334308347
dual,both,coarse,minus_context,0.005383169575404079,-0.008857479319336135,0.027359477071864684
dual,both,coarse,minus_correction,0.00047090681431433135,-0.004511280471454651,0.005542500235157533
dual,both,coarse,minus_composition,-0.0010535637619185079,-0.00510457105375951,0.0033410127679417566
dual,both,coarse,minus_equivariance,0.001540135957607991,-0.002639516737046431,0.004959182911728394
