sample_id,disease,lineage,aptamer,patient_lineage_mean,signal,n_cells
CRC11,CRC,B,APT-179,-0.8346174346242836,Raw,324
CRC11,CRC,Myeloid,APT-179,-0.862716107660351,Raw,2305
CRC11,CRC,T/NK,APT-179,-0.8731022112966726,Raw,4823
CRC13,CRC,B,APT-179,-1.2415243111657754,Raw,209
CRC13,CRC,Myeloid,APT-179,-1.1129118670376592,Raw,887
CRC13,CRC,T/NK,APT-179,-1.2241222933657319,Raw,3957
CRC16,CRC,B,APT-179,-0.23339903047921773,Raw,167
CRC16,CRC,Myeloid,APT-179,-0.10414212720443754,Raw,973
CRC16,CRC,T/NK,APT-179,-0.2891733616236131,Raw,6318
CRC17,CRC,B,APT-179,-0.54495830915619,Raw,269
CRC17,CRC,Myeloid,APT-179,-0.48925822983836575,Raw,1047
CRC17,CRC,T/NK,APT-179,-0.6020445832465768,Raw,5063
CRC22,CRC,B,APT-179,-1.426735940603583,Raw,213
CRC22,CRC,Myeloid,APT-179,-1.2992151736854816,Raw,603
CRC22,CRC,T/NK,APT-179,-1.3358156377679011,Raw,4385
CRC23,CRC,B,APT-179,-1.3732195639020794,Raw,91
CRC23,CRC,Myeloid,APT-179,-1.3913588877303544,Raw,743
CRC23,CRC,T/NK,APT-179,-1.4604751648774252,Raw,5267
CRC24,CRC,B,APT-179,-1.67792480971132,Raw,238
CRC24,CRC,Myeloid,APT-179,-1.5907166468680782,Raw,1275
CRC24,CRC,T/NK,APT-179,-1.6445728258929988,Raw,5738
CRC25,CRC,B,APT-179,-0.208781627947446,Raw,501
CRC25,CRC,Myeloid,APT-179,-0.022939347551142936,Raw,2612
CRC25,CRC,T/NK,APT-179,-0.3245355659795178,Raw,4083
GC28_P_cDNA,GC,B,APT-179,-0.5605117163761831,Raw,337
GC28_P_cDNA,GC,Myeloid,APT-179,-0.5069504052943274,Raw,2914
GC28_P_cDNA,GC,T/NK,APT-179,-0.6287385187852489,Raw,4055
GC29_P_cDNA,GC,B,APT-179,-0.44706625598172345,Raw,225
GC29_P_cDNA,GC,Myeloid,APT-179,-0.32224074973312405,Raw,2010
GC29_P_cDNA,GC,T/NK,APT-179,-0.49935209606509406,Raw,2867
GC2_P_cDNA,GC,B,APT-179,0.514339379249223,Raw,226
GC2_P_cDNA,GC,Myeloid,APT-179,0.44602089199488726,Raw,1331
GC2_P_cDNA,GC,T/NK,APT-179,0.5435536088418713,Raw,2885
GC30_P_cDNA,GC,B,APT-179,-0.6467058033449575,Raw,400
GC30_P_cDNA,GC,Myeloid,APT-179,-0.5544516869664824,Raw,2289
GC30_P_cDNA,GC,T/NK,APT-179,-0.6717302634063224,Raw,4464
GC31_P_cDNA,GC,B,APT-179,-0.2693221115976318,Raw,939
GC31_P_cDNA,GC,Myeloid,APT-179,-0.20239271036148251,Raw,1645
GC31_P_cDNA,GC,T/NK,APT-179,-0.31950944733180175,Raw,4499
GC32_P_cDNA,GC,B,APT-179,-0.009584059604400504,Raw,713
GC32_P_cDNA,GC,Myeloid,APT-179,0.16249024884056731,Raw,1335
GC32_P_cDNA,GC,T/NK,APT-179,-0.04255928568796414,Raw,5125
GC36_P_cDNA,GC,B,APT-179,-1.4383665598763884,Raw,790
GC36_P_cDNA,GC,Myeloid,APT-179,-1.373892960226708,Raw,1385
GC36_P_cDNA,GC,T/NK,APT-179,-1.4860177873172569,Raw,5048
HCC-1,HCC,B,APT-179,1.113957772198587,Raw,390
HCC-1,HCC,Myeloid,APT-179,1.3141175708411343,Raw,1749
HCC-1,HCC,T/NK,APT-179,1.1386976190119422,Raw,4906
HCC-2-1_1,HCC,B,APT-179,1.6300436025857925,Raw,200
HCC-2-1_1,HCC,Myeloid,APT-179,1.6748515497991838,Raw,2075
HCC-2-1_1,HCC,T/NK,APT-179,1.5346460752458584,Raw,4632
HCC-2-2,HCC,B,APT-179,1.5370401211541063,Raw,309
HCC-2-2,HCC,Myeloid,APT-179,1.6936893073605925,Raw,1981
HCC-2-2,HCC,T/NK,APT-179,1.4970972001323097,Raw,4870
HCC-22,HCC,B,APT-179,0.423799799413685,Raw,679
HCC-22,HCC,Myeloid,APT-179,0.36841721453184134,Raw,172
HCC-22,HCC,T/NK,APT-179,0.469625092267781,Raw,6163
HCC-24,HCC,B,APT-179,-0.12063478537024629,Raw,401
HCC-24,HCC,Myeloid,APT-179,-0.012266571718183432,Raw,143
HCC-24,HCC,T/NK,APT-179,-0.06926674787958853,Raw,6495
HCC-3-1_2,HCC,B,APT-179,1.6570578872567356,Raw,202
HCC-3-1_2,HCC,Myeloid,APT-179,1.7473781677459224,Raw,1370
HCC-3-1_2,HCC,T/NK,APT-179,1.6512135544830975,Raw,5613
HCC-3-2_1,HCC,B,APT-179,1.3900941621998082,Raw,230
HCC-3-2_1,HCC,Myeloid,APT-179,1.6061586600257831,Raw,1443
HCC-3-2_1,HCC,T/NK,APT-179,1.4779084936434619,Raw,5597
PBMC-1,Normal,B,APT-179,0.7361658697868569,Raw,2772
PBMC-1,Normal,Myeloid,APT-179,0.7916858012255358,Raw,2920
PBMC-1,Normal,T/NK,APT-179,0.6642987870194594,Raw,16344
PBMC-2,Normal,B,APT-179,0.15265322845768645,Raw,2118
PBMC-2,Normal,Myeloid,APT-179,0.10985018533282209,Raw,2459
PBMC-2,Normal,T/NK,APT-179,0.09377124915257101,Raw,11354
PBMC-3,Normal,B,APT-179,-0.3273591359481882,Raw,2459
PBMC-3,Normal,Myeloid,APT-179,-0.21372932394301214,Raw,3357
PBMC-3,Normal,T/NK,APT-179,-0.35945725939014467,Raw,15451
PBMC-4,Normal,B,APT-179,0.30606497495590634,Raw,2612
PBMC-4,Normal,Myeloid,APT-179,0.3806721885744506,Raw,3132
PBMC-4,Normal,T/NK,APT-179,0.21289781535236907,Raw,16596
PBMC-5,Normal,B,APT-179,-0.2751146807847575,Raw,1529
PBMC-5,Normal,Myeloid,APT-179,-0.15600912514121526,Raw,2640
PBMC-5,Normal,T/NK,APT-179,-0.304491468702856,Raw,14864
PBMC-6,Normal,B,APT-179,0.00811574841031667,Raw,1231
PBMC-6,Normal,Myeloid,APT-179,0.17997202189967673,Raw,1826
PBMC-6,Normal,T/NK,APT-179,0.06546327762066469,Raw,11973
PC-1,PC,B,APT-179,-0.0574285988273795,Raw,2813
PC-1,PC,Myeloid,APT-179,0.05568950196688609,Raw,3065
PC-1,PC,T/NK,APT-179,-0.05330046282971132,Raw,12001
PC-2,PC,B,APT-179,0.15928542959709588,Raw,344
PC-2,PC,Myeloid,APT-179,0.20197300715978153,Raw,338
PC-2,PC,T/NK,APT-179,0.2680989926912818,Raw,1245
PC-3,PC,B,APT-179,-0.1862288838912034,Raw,497
PC-3,PC,Myeloid,APT-179,-0.16983321562188133,Raw,1027
PC-3,PC,T/NK,APT-179,-0.13600655654162255,Raw,3455
PC-4,PC,B,APT-179,0.4600997676183893,Raw,132
PC-4,PC,Myeloid,APT-179,0.39322883044412354,Raw,761
PC-4,PC,T/NK,APT-179,0.6064250156476506,Raw,1167
PC-5,PC,B,APT-179,-0.20037371393491105,Raw,207
PC-5,PC,Myeloid,APT-179,-0.14323512731152505,Raw,1203
PC-5,PC,T/NK,APT-179,-0.15662772934599625,Raw,2556
PC-6,PC,B,APT-179,-0.37706081612633346,Raw,268
PC-6,PC,Myeloid,APT-179,-0.29722104654461146,Raw,3500
PC-6,PC,T/NK,APT-179,-0.3848361701290541,Raw,3111
PRZ1,BTC,B,APT-179,-0.2925569973278247,Raw,2651
PRZ1,BTC,Myeloid,APT-179,-0.18663580093579413,Raw,1039
PRZ1,BTC,T/NK,APT-179,-0.24439685454160964,Raw,5059
PRZ2,BTC,B,APT-179,-0.3943961953650288,Raw,1922
PRZ2,BTC,Myeloid,APT-179,-0.3224956137099489,Raw,1461
PRZ2,BTC,T/NK,APT-179,-0.44203528600404246,Raw,9041
PRZ3,BTC,B,APT-179,-0.19035784779467352,Raw,584
PRZ3,BTC,Myeloid,APT-179,-0.13267835411650372,Raw,1841
PRZ3,BTC,T/NK,APT-179,-0.11159463613649054,Raw,6690
PRZ4,BTC,B,APT-179,-0.0429069887606367,Raw,1085
PRZ4,BTC,Myeloid,APT-179,0.13313546460815692,Raw,349
PRZ4,BTC,T/NK,APT-179,-0.011067710203745688,Raw,6275
PRZ5,BTC,B,APT-179,-0.36427840595064787,Raw,406
PRZ5,BTC,Myeloid,APT-179,-0.2633770289320326,Raw,2563
PRZ5,BTC,T/NK,APT-179,-0.3149883728793203,Raw,9961
PRZ6,BTC,B,APT-179,0.197141265375035,Raw,406
PRZ6,BTC,Myeloid,APT-179,0.43080678131167044,Raw,2227
PRZ6,BTC,T/NK,APT-179,0.25588246080417126,Raw,6073
CRC11,CRC,B,APT-225,-0.529413397360685,Raw,324
CRC11,CRC,Myeloid,APT-225,-0.5160221148359058,Raw,2305
CRC11,CRC,T/NK,APT-225,-0.5872183243979464,Raw,4823
CRC13,CRC,B,APT-225,-0.9880930108049412,Raw,209
CRC13,CRC,Myeloid,APT-225,-0.802347256682326,Raw,887
CRC13,CRC,T/NK,APT-225,-1.1349589847261734,Raw,3957
CRC16,CRC,B,APT-225,0.5579652034783524,Raw,167
CRC16,CRC,Myeloid,APT-225,0.8915114275582771,Raw,973
CRC16,CRC,T/NK,APT-225,0.4047643355730403,Raw,6318
CRC17,CRC,B,APT-225,0.4119440318054094,Raw,269
CRC17,CRC,Myeloid,APT-225,0.8300736067094329,Raw,1047
CRC17,CRC,T/NK,APT-225,0.36408355792900854,Raw,5063
CRC22,CRC,B,APT-225,-1.030130238372815,Raw,213
CRC22,CRC,Myeloid,APT-225,-0.8891301460882299,Raw,603
CRC22,CRC,T/NK,APT-225,-1.118776863359314,Raw,4385
CRC23,CRC,B,APT-225,-0.8384477894057284,Raw,91
CRC23,CRC,Myeloid,APT-225,-0.8528288763635673,Raw,743
CRC23,CRC,T/NK,APT-225,-1.1141747700613476,Raw,5267
CRC24,CRC,B,APT-225,-1.0580593180420081,Raw,238
CRC24,CRC,Myeloid,APT-225,-0.9104183879618843,Raw,1275
CRC24,CRC,T/NK,APT-225,-1.2057447447805087,Raw,5738
CRC25,CRC,B,APT-225,-0.15136873292292424,Raw,501
CRC25,CRC,Myeloid,APT-225,0.1945325778109117,Raw,2612
CRC25,CRC,T/NK,APT-225,-0.2525390101872255,Raw,4083
GC28_P_cDNA,GC,B,APT-225,-0.9179269635209741,Raw,337
GC28_P_cDNA,GC,Myeloid,APT-225,-0.759945956339731,Raw,2914
GC28_P_cDNA,GC,T/NK,APT-225,-1.1124008312626166,Raw,4055
GC29_P_cDNA,GC,B,APT-225,-0.9795861193910241,Raw,225
GC29_P_cDNA,GC,Myeloid,APT-225,-0.6603008176163024,Raw,2010
GC29_P_cDNA,GC,T/NK,APT-225,-1.0100008943762966,Raw,2867
GC2_P_cDNA,GC,B,APT-225,0.04700468403526244,Raw,226
GC2_P_cDNA,GC,Myeloid,APT-225,-0.006850297488608054,Raw,1331
GC2_P_cDNA,GC,T/NK,APT-225,0.03924244425454834,Raw,2885
GC30_P_cDNA,GC,B,APT-225,-0.9929480044636876,Raw,400
GC30_P_cDNA,GC,Myeloid,APT-225,-0.7975833999382006,Raw,2289
GC30_P_cDNA,GC,T/NK,APT-225,-1.0121132715083208,Raw,4464
GC31_P_cDNA,GC,B,APT-225,-0.9132097721203003,Raw,939
GC31_P_cDNA,GC,Myeloid,APT-225,-0.6294414076897511,Raw,1645
GC31_P_cDNA,GC,T/NK,APT-225,-0.972597391506072,Raw,4499
GC32_P_cDNA,GC,B,APT-225,-0.24103116484680231,Raw,713
GC32_P_cDNA,GC,Myeloid,APT-225,-1.7132021989045518e-05,Raw,1335
GC32_P_cDNA,GC,T/NK,APT-225,-0.3932989250801322,Raw,5125
GC36_P_cDNA,GC,B,APT-225,-1.7775377804531327,Raw,790
GC36_P_cDNA,GC,Myeloid,APT-225,-1.5416812371792077,Raw,1385
GC36_P_cDNA,GC,T/NK,APT-225,-1.836147852573712,Raw,5048
HCC-1,HCC,B,APT-225,1.241158364772892,Raw,390
HCC-1,HCC,Myeloid,APT-225,1.5466526307420152,Raw,1749
HCC-1,HCC,T/NK,APT-225,1.2188204215682703,Raw,4906
HCC-2-1_1,HCC,B,APT-225,1.4237910002470016,Raw,200
HCC-2-1_1,HCC,Myeloid,APT-225,1.511876651276666,Raw,2075
HCC-2-1_1,HCC,T/NK,APT-225,1.2636699996951368,Raw,4632
HCC-2-2,HCC,B,APT-225,1.239488435098389,Raw,309
HCC-2-2,HCC,Myeloid,APT-225,1.5515826437189792,Raw,1981
HCC-2-2,HCC,T/NK,APT-225,1.195710962635773,Raw,4870
HCC-22,HCC,B,APT-225,1.0686607305358256,Raw,679
HCC-22,HCC,Myeloid,APT-225,1.026611399712301,Raw,172
HCC-22,HCC,T/NK,APT-225,0.9389709953816208,Raw,6163
HCC-24,HCC,B,APT-225,1.377124236204529,Raw,401
HCC-24,HCC,Myeloid,APT-225,1.4742757717629413,Raw,143
HCC-24,HCC,T/NK,APT-225,1.2005116912882612,Raw,6495
HCC-3-1_2,HCC,B,APT-225,1.19460012013609,Raw,202
HCC-3-1_2,HCC,Myeloid,APT-225,1.4336376807577635,Raw,1370
HCC-3-1_2,HCC,T/NK,APT-225,1.1945680453115668,Raw,5613
HCC-3-2_1,HCC,B,APT-225,1.098477801538842,Raw,230
HCC-3-2_1,HCC,Myeloid,APT-225,1.4048176283089087,Raw,1443
HCC-3-2_1,HCC,T/NK,APT-225,1.1420357665619454,Raw,5597
PBMC-1,Normal,B,APT-225,0.9015784921285174,Raw,2772
PBMC-1,Normal,Myeloid,APT-225,1.1750156492671024,Raw,2920
PBMC-1,Normal,T/NK,APT-225,0.816822937420821,Raw,16344
PBMC-2,Normal,B,APT-225,0.4199763498624314,Raw,2118
PBMC-2,Normal,Myeloid,APT-225,0.5906265256649937,Raw,2459
PBMC-2,Normal,T/NK,APT-225,0.31848908732270353,Raw,11354
PBMC-3,Normal,B,APT-225,-0.3623975434947657,Raw,2459
PBMC-3,Normal,Myeloid,APT-225,-0.058387369314463304,Raw,3357
PBMC-3,Normal,T/NK,APT-225,-0.454595007973398,Raw,15451
PBMC-4,Normal,B,APT-225,0.4103917833018312,Raw,2612
PBMC-4,Normal,Myeloid,APT-225,0.6651186789778486,Raw,3132
PBMC-4,Normal,T/NK,APT-225,0.28304577502955147,Raw,16596
PBMC-5,Normal,B,APT-225,-0.3158777669325539,Raw,1529
PBMC-5,Normal,Myeloid,APT-225,0.024226358391443326,Raw,2640
PBMC-5,Normal,T/NK,APT-225,-0.42596471694007865,Raw,14864
PBMC-6,Normal,B,APT-225,0.04294179843331647,Raw,1231
PBMC-6,Normal,Myeloid,APT-225,0.45210400536076983,Raw,1826
PBMC-6,Normal,T/NK,APT-225,0.04085954719111927,Raw,11973
PC-1,PC,B,APT-225,0.15207551914961512,Raw,2813
PC-1,PC,Myeloid,APT-225,0.3727854046794369,Raw,3065
PC-1,PC,T/NK,APT-225,0.14513718033925416,Raw,12001
PC-2,PC,B,APT-225,0.849944504898388,Raw,344
PC-2,PC,Myeloid,APT-225,0.886797167694185,Raw,338
PC-2,PC,T/NK,APT-225,0.9010217240947975,Raw,1245
PC-3,PC,B,APT-225,0.10532001793099721,Raw,497
PC-3,PC,Myeloid,APT-225,0.20033251266462226,Raw,1027
PC-3,PC,T/NK,APT-225,0.05814007819965805,Raw,3455
PC-4,PC,B,APT-225,0.3391242253481213,Raw,132
PC-4,PC,Myeloid,APT-225,0.27818649062585776,Raw,761
PC-4,PC,T/NK,APT-225,0.4015468413492261,Raw,1167
PC-5,PC,B,APT-225,0.250233544194216,Raw,207
PC-5,PC,Myeloid,APT-225,0.3879861173360103,Raw,1203
PC-5,PC,T/NK,APT-225,0.2637933384785968,Raw,2556
PC-6,PC,B,APT-225,-0.09201371455704098,Raw,268
PC-6,PC,Myeloid,APT-225,0.05516938674024173,Raw,3500
PC-6,PC,T/NK,APT-225,-0.11230745240872321,Raw,3111
PRZ1,BTC,B,APT-225,-0.5816393534588599,Raw,2651
PRZ1,BTC,Myeloid,APT-225,-0.35513065494435614,Raw,1039
PRZ1,BTC,T/NK,APT-225,-0.5690813693194922,Raw,5059
PRZ2,BTC,B,APT-225,-0.9282756250145245,Raw,1922
PRZ2,BTC,Myeloid,APT-225,-0.6940631411184316,Raw,1461
PRZ2,BTC,T/NK,APT-225,-0.9827215296241341,Raw,9041
PRZ3,BTC,B,APT-225,-0.39853136276520074,Raw,584
PRZ3,BTC,Myeloid,APT-225,-0.17195780448805761,Raw,1841
PRZ3,BTC,T/NK,APT-225,-0.3708662550778077,Raw,6690
PRZ4,BTC,B,APT-225,-0.5796461680809611,Raw,1085
PRZ4,BTC,Myeloid,APT-225,-0.317964589591525,Raw,349
PRZ4,BTC,T/NK,APT-225,-0.5790831782354183,Raw,6275
PRZ5,BTC,B,APT-225,-0.6843990384224857,Raw,406
PRZ5,BTC,Myeloid,APT-225,-0.5324653465579868,Raw,2563
PRZ5,BTC,T/NK,APT-225,-0.7093342083852505,Raw,9961
PRZ6,BTC,B,APT-225,-0.02837733731013287,Raw,406
PRZ6,BTC,Myeloid,APT-225,0.27730675019720274,Raw,2227
PRZ6,BTC,T/NK,APT-225,-0.03212730464795885,Raw,6073
CRC11,CRC,B,APT-164,1.2564872504861588,Raw,324
CRC11,CRC,Myeloid,APT-164,1.2209971092043368,Raw,2305
CRC11,CRC,T/NK,APT-164,1.2404954868913154,Raw,4823
CRC13,CRC,B,APT-164,-0.14731361724115444,Raw,209
CRC13,CRC,Myeloid,APT-164,-0.05706365642126276,Raw,887
CRC13,CRC,T/NK,APT-164,-0.15201279589125408,Raw,3957
CRC16,CRC,B,APT-164,-0.12246630507002691,Raw,167
CRC16,CRC,Myeloid,APT-164,-0.010427445983026034,Raw,973
CRC16,CRC,T/NK,APT-164,-0.11931707090973835,Raw,6318
CRC17,CRC,B,APT-164,-0.49156283760325614,Raw,269
CRC17,CRC,Myeloid,APT-164,-0.45407337489170524,Raw,1047
CRC17,CRC,T/NK,APT-164,-0.4997177302117036,Raw,5063
CRC22,CRC,B,APT-164,-0.2557121037151402,Raw,213
CRC22,CRC,Myeloid,APT-164,-0.2158125052043232,Raw,603
CRC22,CRC,T/NK,APT-164,-0.15487801509494112,Raw,4385
CRC23,CRC,B,APT-164,-0.39285105231453427,Raw,91
CRC23,CRC,Myeloid,APT-164,-0.4255691483318505,Raw,743
CRC23,CRC,T/NK,APT-164,-0.4254754788939137,Raw,5267
CRC24,CRC,B,APT-164,-0.47696713101463156,Raw,238
CRC24,CRC,Myeloid,APT-164,-0.4240150888096176,Raw,1275
CRC24,CRC,T/NK,APT-164,-0.4663104280354192,Raw,5738
CRC25,CRC,B,APT-164,0.9265213368958729,Raw,501
CRC25,CRC,Myeloid,APT-164,1.0330935804445045,Raw,2612
CRC25,CRC,T/NK,APT-164,0.87333351076256,Raw,4083
GC28_P_cDNA,GC,B,APT-164,-0.9763583049332883,Raw,337
GC28_P_cDNA,GC,Myeloid,APT-164,-0.9319355890721175,Raw,2914
GC28_P_cDNA,GC,T/NK,APT-164,-0.9943174178446799,Raw,4055
GC29_P_cDNA,GC,B,APT-164,-0.9687124832719565,Raw,225
GC29_P_cDNA,GC,Myeloid,APT-164,-0.8677324532077124,Raw,2010
GC29_P_cDNA,GC,T/NK,APT-164,-0.9252148457167116,Raw,2867
GC2_P_cDNA,GC,B,APT-164,-0.662361152540167,Raw,226
GC2_P_cDNA,GC,Myeloid,APT-164,-0.658978004774721,Raw,1331
GC2_P_cDNA,GC,T/NK,APT-164,-0.5943899469308077,Raw,2885
GC30_P_cDNA,GC,B,APT-164,-1.0297094453778117,Raw,400
GC30_P_cDNA,GC,Myeloid,APT-164,-0.9873756010804688,Raw,2289
GC30_P_cDNA,GC,T/NK,APT-164,-1.0604020944883292,Raw,4464
GC31_P_cDNA,GC,B,APT-164,-1.1479035854772035,Raw,939
GC31_P_cDNA,GC,Myeloid,APT-164,-1.1284582241452483,Raw,1645
GC31_P_cDNA,GC,T/NK,APT-164,-1.1600569388832276,Raw,4499
GC32_P_cDNA,GC,B,APT-164,-0.8670418575578493,Raw,713
GC32_P_cDNA,GC,Myeloid,APT-164,-0.7857014454698908,Raw,1335
GC32_P_cDNA,GC,T/NK,APT-164,-0.8581123090551758,Raw,5125
GC36_P_cDNA,GC,B,APT-164,-1.2613119435461262,Raw,790
GC36_P_cDNA,GC,Myeloid,APT-164,-1.2502390624336657,Raw,1385
GC36_P_cDNA,GC,T/NK,APT-164,-1.253053000404185,Raw,5048
HCC-1,HCC,B,APT-164,-0.5943307693379047,Raw,390
HCC-1,HCC,Myeloid,APT-164,-0.3162338540379731,Raw,1749
HCC-1,HCC,T/NK,APT-164,-0.5823276122138618,Raw,4906
HCC-2-1_1,HCC,B,APT-164,-0.5178406995767727,Raw,200
HCC-2-1_1,HCC,Myeloid,APT-164,-0.45078749890921704,Raw,2075
HCC-2-1_1,HCC,T/NK,APT-164,-0.5827884840246592,Raw,4632
HCC-2-2,HCC,B,APT-164,-0.6530341206082296,Raw,309
HCC-2-2,HCC,Myeloid,APT-164,-0.5047694108726768,Raw,1981
HCC-2-2,HCC,T/NK,APT-164,-0.6619421002837529,Raw,4870
HCC-22,HCC,B,APT-164,-1.1015253504793077,Raw,679
HCC-22,HCC,Myeloid,APT-164,-1.0974171835290225,Raw,172
HCC-22,HCC,T/NK,APT-164,-1.0759769625913123,Raw,6163
HCC-24,HCC,B,APT-164,-1.1612322677642182,Raw,401
HCC-24,HCC,Myeloid,APT-164,-1.1230464221883592,Raw,143
HCC-24,HCC,T/NK,APT-164,-1.1202451398994793,Raw,6495
HCC-3-1_2,HCC,B,APT-164,-0.8323367259483601,Raw,202
HCC-3-1_2,HCC,Myeloid,APT-164,-0.7306178078089371,Raw,1370
HCC-3-1_2,HCC,T/NK,APT-164,-0.8278619266214184,Raw,5613
HCC-3-2_1,HCC,B,APT-164,-0.755329945112538,Raw,230
HCC-3-2_1,HCC,Myeloid,APT-164,-0.5415150244615079,Raw,1443
HCC-3-2_1,HCC,T/NK,APT-164,-0.7067969793424527,Raw,5597
PBMC-1,Normal,B,APT-164,0.9700807824379444,Raw,2772
PBMC-1,Normal,Myeloid,APT-164,1.0207944151415962,Raw,2920
PBMC-1,Normal,T/NK,APT-164,0.9217182080540282,Raw,16344
PBMC-2,Normal,B,APT-164,0.8248234342632427,Raw,2118
PBMC-2,Normal,Myeloid,APT-164,0.7899272281077364,Raw,2459
PBMC-2,Normal,T/NK,APT-164,0.7808550229846974,Raw,11354
PBMC-3,Normal,B,APT-164,0.2658811553046956,Raw,2459
PBMC-3,Normal,Myeloid,APT-164,0.3898229618180329,Raw,3357
PBMC-3,Normal,T/NK,APT-164,0.23549639950035936,Raw,15451
PBMC-4,Normal,B,APT-164,1.0748249092781104,Raw,2612
PBMC-4,Normal,Myeloid,APT-164,1.1413053303881457,Raw,3132
PBMC-4,Normal,T/NK,APT-164,0.9993435560527985,Raw,16596
PBMC-5,Normal,B,APT-164,0.622068852018699,Raw,1529
PBMC-5,Normal,Myeloid,APT-164,0.7575863162306081,Raw,2640
PBMC-5,Normal,T/NK,APT-164,0.6129543903196432,Raw,14864
PBMC-6,Normal,B,APT-164,1.1693991969281294,Raw,1231
PBMC-6,Normal,Myeloid,APT-164,1.3384798713791441,Raw,1826
PBMC-6,Normal,T/NK,APT-164,1.2069036832411746,Raw,11973
PC-1,PC,B,APT-164,-0.9953795363388259,Raw,2813
PC-1,PC,Myeloid,APT-164,-0.9597117367916137,Raw,3065
PC-1,PC,T/NK,APT-164,-0.9973324616318967,Raw,12001
PC-2,PC,B,APT-164,-0.4066336085548798,Raw,344
PC-2,PC,Myeloid,APT-164,-0.4311787561326117,Raw,338
PC-2,PC,T/NK,APT-164,-0.36320959834165,Raw,1245
PC-3,PC,B,APT-164,-0.8472038574359366,Raw,497
PC-3,PC,Myeloid,APT-164,-0.8452154182254934,Raw,1027
PC-3,PC,T/NK,APT-164,-0.8783594553106816,Raw,3455
PC-4,PC,B,APT-164,-0.5574024562427605,Raw,132
PC-4,PC,Myeloid,APT-164,-0.563484761402569,Raw,761
PC-4,PC,T/NK,APT-164,-0.4738251320130312,Raw,1167
PC-5,PC,B,APT-164,-0.6660353975991408,Raw,207
PC-5,PC,Myeloid,APT-164,-0.6330394162552575,Raw,1203
PC-5,PC,T/NK,APT-164,-0.6557072791739488,Raw,2556
PC-6,PC,B,APT-164,-0.6815459511604216,Raw,268
PC-6,PC,Myeloid,APT-164,-0.6652239391833011,Raw,3500
PC-6,PC,T/NK,APT-164,-0.7248956784995153,Raw,3111
PRZ1,BTC,B,APT-164,0.24383104998219277,Raw,2651
PRZ1,BTC,Myeloid,APT-164,0.35652443137525425,Raw,1039
PRZ1,BTC,T/NK,APT-164,0.27218476270516384,Raw,5059
PRZ2,BTC,B,APT-164,-0.3194845764128284,Raw,1922
PRZ2,BTC,Myeloid,APT-164,-0.24226783021001946,Raw,1461
PRZ2,BTC,T/NK,APT-164,-0.34804052781812644,Raw,9041
PRZ3,BTC,B,APT-164,0.48144893130855254,Raw,584
PRZ3,BTC,Myeloid,APT-164,0.5760000844353012,Raw,1841
PRZ3,BTC,T/NK,APT-164,0.5029450235612724,Raw,6690
PRZ4,BTC,B,APT-164,-0.2725253293728499,Raw,1085
PRZ4,BTC,Myeloid,APT-164,-0.11839596722488502,Raw,349
PRZ4,BTC,T/NK,APT-164,-0.2511259209177646,Raw,6275
PRZ5,BTC,B,APT-164,0.6080270632986768,Raw,406
PRZ5,BTC,Myeloid,APT-164,0.8033748330323842,Raw,2563
PRZ5,BTC,T/NK,APT-164,0.7214044205000686,Raw,9961
PRZ6,BTC,B,APT-164,0.43818912675989596,Raw,406
PRZ6,BTC,Myeloid,APT-164,0.5921133555087993,Raw,2227
PRZ6,BTC,T/NK,APT-164,0.5143964351904001,Raw,6073
CRC11,CRC,B,APT-179,0.014939071055800642,Patient-centered,324
CRC11,CRC,Myeloid,APT-179,-0.013159601980266757,Patient-centered,2305
CRC11,CRC,T/NK,APT-179,-0.023545705616588468,Patient-centered,4823
CRC13,CRC,B,APT-179,-0.17771336660858547,Patient-centered,209
CRC13,CRC,Myeloid,APT-179,-0.049100922480469156,Patient-centered,887
CRC13,CRC,T/NK,APT-179,-0.16031134880854192,Patient-centered,3957
CRC16,CRC,B,APT-179,-0.04937751284482593,Patient-centered,167
CRC16,CRC,Myeloid,APT-179,0.07987939042995425,Patient-centered,973
CRC16,CRC,T/NK,APT-179,-0.10515184398922137,Patient-centered,6318
CRC17,CRC,B,APT-179,-0.01847036264587512,Patient-centered,269
CRC17,CRC,Myeloid,APT-179,0.03722971667194919,Patient-centered,1047
CRC17,CRC,T/NK,APT-179,-0.07555663673626195,Patient-centered,5063
CRC22,CRC,B,APT-179,-0.08670312467035553,Patient-centered,213
CRC22,CRC,Myeloid,APT-179,0.04081764224774604,Patient-centered,603
CRC22,CRC,T/NK,APT-179,0.004217178165326437,Patient-centered,4385
CRC23,CRC,B,APT-179,-0.03318674796885186,Patient-centered,91
CRC23,CRC,Myeloid,APT-179,-0.051326071797126796,Patient-centered,743
CRC23,CRC,T/NK,APT-179,-0.1204423489441976,Patient-centered,5267
CRC24,CRC,B,APT-179,0.05142110799040113,Patient-centered,238
CRC24,CRC,Myeloid,APT-179,0.13862927083364304,Patient-centered,1275
CRC24,CRC,T/NK,APT-179,0.08477309180872236,Patient-centered,5738
CRC25,CRC,B,APT-179,-0.024760110313054213,Patient-centered,501
CRC25,CRC,Myeloid,APT-179,0.16108217008324885,Patient-centered,2612
CRC25,CRC,T/NK,APT-179,-0.14051404834512604,Patient-centered,4083
GC28_P_cDNA,GC,B,APT-179,-0.03402376986586818,Patient-centered,337
GC28_P_cDNA,GC,Myeloid,APT-179,0.019537541215987487,Patient-centered,2914
GC28_P_cDNA,GC,T/NK,APT-179,-0.10225057227493398,Patient-centered,4055
GC29_P_cDNA,GC,B,APT-179,-0.048790314371387165,Patient-centered,225
GC29_P_cDNA,GC,Myeloid,APT-179,0.07603519187721225,Patient-centered,2010
GC29_P_cDNA,GC,T/NK,APT-179,-0.10107615445475775,Patient-centered,2867
GC2_P_cDNA,GC,B,APT-179,-0.014020689548842148,Patient-centered,226
GC2_P_cDNA,GC,Myeloid,APT-179,-0.08233917680317795,Patient-centered,1331
GC2_P_cDNA,GC,T/NK,APT-179,0.015193540043806079,Patient-centered,2885
GC30_P_cDNA,GC,B,APT-179,-0.12021785683464259,Patient-centered,400
GC30_P_cDNA,GC,Myeloid,APT-179,-0.027963740456167424,Patient-centered,2289
GC30_P_cDNA,GC,T/NK,APT-179,-0.14524231689600742,Patient-centered,4464
GC31_P_cDNA,GC,B,APT-179,0.015862778434182764,Patient-centered,939
GC31_P_cDNA,GC,Myeloid,APT-179,0.08279217967033205,Patient-centered,1645
GC31_P_cDNA,GC,T/NK,APT-179,-0.03432455729998716,Patient-centered,4499
GC32_P_cDNA,GC,B,APT-179,-0.0006211182483972206,Patient-centered,713
GC32_P_cDNA,GC,Myeloid,APT-179,0.1714531901965706,Patient-centered,1335
GC32_P_cDNA,GC,T/NK,APT-179,-0.033596344331960855,Patient-centered,5125
GC36_P_cDNA,GC,B,APT-179,-0.09833374394316084,Patient-centered,790
GC36_P_cDNA,GC,Myeloid,APT-179,-0.0338601442934804,Patient-centered,1385
GC36_P_cDNA,GC,T/NK,APT-179,-0.1459849713840293,Patient-centered,5048
HCC-1,HCC,B,APT-179,-0.07993721013936476,Patient-centered,390
HCC-1,HCC,Myeloid,APT-179,0.12022258850318268,Patient-centered,1749
HCC-1,HCC,T/NK,APT-179,-0.05519736332600937,Patient-centered,4906
HCC-2-1_1,HCC,B,APT-179,0.04683587610721588,Patient-centered,200
HCC-2-1_1,HCC,Myeloid,APT-179,0.09164382332060711,Patient-centered,2075
HCC-2-1_1,HCC,T/NK,APT-179,-0.048561651232718314,Patient-centered,4632
HCC-2-2,HCC,B,APT-179,-0.015191905899726844,Patient-centered,309
HCC-2-2,HCC,Myeloid,APT-179,0.14145728030675953,Patient-centered,1981
HCC-2-2,HCC,T/NK,APT-179,-0.05513482692152323,Patient-centered,4870
HCC-22,HCC,B,APT-179,-0.05771364119529329,Patient-centered,679
HCC-22,HCC,Myeloid,APT-179,-0.11309622607713696,Patient-centered,172
HCC-22,HCC,T/NK,APT-179,-0.011888348341197303,Patient-centered,6163
HCC-24,HCC,B,APT-179,-0.028126692847625128,Patient-centered,401
HCC-24,HCC,Myeloid,APT-179,0.08024152080443772,Patient-centered,143
HCC-24,HCC,T/NK,APT-179,0.023241344643032624,Patient-centered,6495
HCC-3-1_2,HCC,B,APT-179,-0.027313226520425022,Patient-centered,202
HCC-3-1_2,HCC,Myeloid,APT-179,0.06300705396876174,Patient-centered,1370
HCC-3-1_2,HCC,T/NK,APT-179,-0.03315755929406311,Patient-centered,5613
HCC-3-2_1,HCC,B,APT-179,-0.1462672937175502,Patient-centered,230
HCC-3-2_1,HCC,Myeloid,APT-179,0.06979720410842472,Patient-centered,1443
HCC-3-2_1,HCC,T/NK,APT-179,-0.05845296227389656,Patient-centered,5597
PBMC-1,Normal,B,APT-179,-0.033497225687386195,Patient-centered,2772
PBMC-1,Normal,Myeloid,APT-179,0.02202270575129261,Patient-centered,2920
PBMC-1,Normal,T/NK,APT-179,-0.10536430845478376,Patient-centered,16344
PBMC-2,Normal,B,APT-179,-0.052638251368287065,Patient-centered,2118
PBMC-2,Normal,Myeloid,APT-179,-0.09544129449315142,Patient-centered,2459
PBMC-2,Normal,T/NK,APT-179,-0.1115202306734025,Patient-centered,11354
PBMC-3,Normal,B,APT-179,-0.04217424591637363,Patient-centered,2459
PBMC-3,Normal,Myeloid,APT-179,0.07145556608880245,Patient-centered,3357
PBMC-3,Normal,T/NK,APT-179,-0.07427236935833008,Patient-centered,15451
PBMC-4,Normal,B,APT-179,-0.019403595038066414,Patient-centered,2612
PBMC-4,Normal,Myeloid,APT-179,0.05520361858047783,Patient-centered,3132
PBMC-4,Normal,T/NK,APT-179,-0.11257075464160371,Patient-centered,16596
PBMC-5,Normal,B,APT-179,-0.09109316315036571,Patient-centered,1529
PBMC-5,Normal,Myeloid,APT-179,0.028012392493176528,Patient-centered,2640
PBMC-5,Normal,T/NK,APT-179,-0.12046995106846418,Patient-centered,14864
PBMC-6,Normal,B,APT-179,-0.13093127822389963,Patient-centered,1231
PBMC-6,Normal,Myeloid,APT-179,0.040924995265460416,Patient-centered,1826
PBMC-6,Normal,T/NK,APT-179,-0.07358374901355162,Patient-centered,11973
PC-1,PC,B,APT-179,-0.04846565747137622,Patient-centered,2813
PC-1,PC,Myeloid,APT-179,0.06465244332288937,Patient-centered,3065
PC-1,PC,T/NK,APT-179,-0.044337521473708036,Patient-centered,12001
PC-2,PC,B,APT-179,-0.1079735721347767,Patient-centered,344
PC-2,PC,Myeloid,APT-179,-0.06528599457209103,Patient-centered,338
PC-2,PC,T/NK,APT-179,0.0008399909594092503,Patient-centered,1245
PC-3,PC,B,APT-179,-0.09372079136858225,Patient-centered,497
PC-3,PC,Myeloid,APT-179,-0.07732512309926017,Patient-centered,1027
PC-3,PC,T/NK,APT-179,-0.04349846401900139,Patient-centered,3455
PC-4,PC,B,APT-179,-0.11292706830003722,Patient-centered,132
PC-4,PC,Myeloid,APT-179,-0.179798005474303,Patient-centered,761
PC-4,PC,T/NK,APT-179,0.03339817972922412,Patient-centered,1167
PC-5,PC,B,APT-179,-0.10786562141228989,Patient-centered,207
PC-5,PC,Myeloid,APT-179,-0.0507270347889039,Patient-centered,1203
PC-5,PC,T/NK,APT-179,-0.06411963682337511,Patient-centered,2556
PC-6,PC,B,APT-179,-0.09187592609451889,Patient-centered,268
PC-6,PC,Myeloid,APT-179,-0.012036156512796879,Patient-centered,3500
PC-6,PC,T/NK,APT-179,-0.0996512800972395,Patient-centered,3111
PRZ1,BTC,B,APT-179,-0.007372107296010113,Patient-centered,2651
PRZ1,BTC,Myeloid,APT-179,0.09854908909602046,Patient-centered,1039
PRZ1,BTC,T/NK,APT-179,0.040788035490204926,Patient-centered,5059
PRZ2,BTC,B,APT-179,0.003879746245307524,Patient-centered,1922
PRZ2,BTC,Myeloid,APT-179,0.07578032790038743,Patient-centered,1461
PRZ2,BTC,T/NK,APT-179,-0.04375934439370615,Patient-centered,9041
PRZ3,BTC,B,APT-179,-0.09784975527205236,Patient-centered,584
PRZ3,BTC,Myeloid,APT-179,-0.040170261593882574,Patient-centered,1841
PRZ3,BTC,T/NK,APT-179,-0.01908654361386938,Patient-centered,6690
PRZ4,BTC,B,APT-179,-0.033944047404633415,Patient-centered,1085
PRZ4,BTC,Myeloid,APT-179,0.1420984059641602,Patient-centered,349
PRZ4,BTC,T/NK,APT-179,-0.0021047688477424035,Patient-centered,6275
PRZ5,BTC,B,APT-179,-0.07909351591883328,Patient-centered,406
PRZ5,BTC,Myeloid,APT-179,0.021807861099782,Patient-centered,2563
PRZ5,BTC,T/NK,APT-179,-0.029803482847505725,Patient-centered,9961
PRZ6,BTC,B,APT-179,-0.12832730461893777,Patient-centered,406
PRZ6,BTC,Myeloid,APT-179,0.10533821131769763,Patient-centered,2227
PRZ6,BTC,T/NK,APT-179,-0.06958610918980154,Patient-centered,6073
CRC11,CRC,B,APT-225,0.016016488026735592,Patient-centered,324
CRC11,CRC,Myeloid,APT-225,0.029407770551514858,Patient-centered,2305
CRC11,CRC,T/NK,APT-225,-0.0417884390105258,Patient-centered,4823
CRC13,CRC,B,APT-225,-0.01953332843570903,Patient-centered,209
CRC13,CRC,Myeloid,APT-225,0.1662124256869062,Patient-centered,887
CRC13,CRC,T/NK,APT-225,-0.16639930235694117,Patient-centered,3957
CRC16,CRC,B,APT-225,0.01656894321681675,Patient-centered,167
CRC16,CRC,Myeloid,APT-225,0.35011516729674136,Patient-centered,973
CRC16,CRC,T/NK,APT-225,-0.1366319246884953,Patient-centered,6318
CRC17,CRC,B,APT-225,-0.12945222845612628,Patient-centered,269
CRC17,CRC,Myeloid,APT-225,0.2886773464478972,Patient-centered,1047
CRC17,CRC,T/NK,APT-225,-0.1773127023325271,Patient-centered,5063
CRC22,CRC,B,APT-225,-0.06157055600358287,Patient-centered,213
CRC22,CRC,Myeloid,APT-225,0.0794295362810022,Patient-centered,603
CRC22,CRC,T/NK,APT-225,-0.15021718099008197,Patient-centered,4385
CRC23,CRC,B,APT-225,0.13011189296350376,Patient-centered,91
CRC23,CRC,Myeloid,APT-225,0.1157308060056649,Patient-centered,743
CRC23,CRC,T/NK,APT-225,-0.14561508769211534,Patient-centered,5267
CRC24,CRC,B,APT-225,-0.08949963567277588,Patient-centered,238
CRC24,CRC,Myeloid,APT-225,0.05814129440734784,Patient-centered,1275
CRC24,CRC,T/NK,APT-225,-0.23718506241127663,Patient-centered,5738
CRC25,CRC,B,APT-225,-0.13901926612968513,Patient-centered,501
CRC25,CRC,Myeloid,APT-225,0.20688204460415083,Patient-centered,2612
CRC25,CRC,T/NK,APT-225,-0.24018954339398638,Patient-centered,4083
GC28_P_cDNA,GC,B,APT-225,0.05063271884825799,Patient-centered,337
GC28_P_cDNA,GC,Myeloid,APT-225,0.2086137260295011,Patient-centered,2914
GC28_P_cDNA,GC,T/NK,APT-225,-0.14384114889338448,Patient-centered,4055
GC29_P_cDNA,GC,B,APT-225,-0.2438915917649865,Patient-centered,225
GC29_P_cDNA,GC,Myeloid,APT-225,0.07539371000973517,Patient-centered,2010
GC29_P_cDNA,GC,T/NK,APT-225,-0.2743063667502591,Patient-centered,2867
GC2_P_cDNA,GC,B,APT-225,-0.0401083760219008,Patient-centered,226
GC2_P_cDNA,GC,Myeloid,APT-225,-0.09396335754577129,Patient-centered,1331
GC2_P_cDNA,GC,T/NK,APT-225,-0.047870615802614896,Patient-centered,2885
GC30_P_cDNA,GC,B,APT-225,-0.02438832209445536,Patient-centered,400
GC30_P_cDNA,GC,Myeloid,APT-225,0.1709762824310316,Patient-centered,2289
GC30_P_cDNA,GC,T/NK,APT-225,-0.043553589139088626,Patient-centered,4464
GC31_P_cDNA,GC,B,APT-225,-0.17751524449426273,Patient-centered,939
GC31_P_cDNA,GC,Myeloid,APT-225,0.1062531199362865,Patient-centered,1645
GC31_P_cDNA,GC,T/NK,APT-225,-0.2369028638800344,Patient-centered,4499
GC32_P_cDNA,GC,B,APT-225,0.004183431543921856,Patient-centered,713
GC32_P_cDNA,GC,Myeloid,APT-225,0.24519746436873513,Patient-centered,1335
GC32_P_cDNA,GC,T/NK,APT-225,-0.14808432868940802,Patient-centered,5125
GC36_P_cDNA,GC,B,APT-225,-0.08563299720423131,Patient-centered,790
GC36_P_cDNA,GC,Myeloid,APT-225,0.15022354606969368,Patient-centered,1385
GC36_P_cDNA,GC,T/NK,APT-225,-0.14424306932481068,Patient-centered,5048
HCC-1,HCC,B,APT-225,-0.08323168897619232,Patient-centered,390
HCC-1,HCC,Myeloid,APT-225,0.22226257699293075,Patient-centered,1749
HCC-1,HCC,T/NK,APT-225,-0.1055696321808142,Patient-centered,4906
HCC-2-1_1,HCC,B,APT-225,0.07080847918987274,Patient-centered,200
HCC-2-1_1,HCC,Myeloid,APT-225,0.1588941302195371,Patient-centered,2075
HCC-2-1_1,HCC,T/NK,APT-225,-0.089312521361992,Patient-centered,4632
HCC-2-2,HCC,B,APT-225,-0.08490161865069545,Patient-centered,309
HCC-2-2,HCC,Myeloid,APT-225,0.22719258996989466,Patient-centered,1981
HCC-2-2,HCC,T/NK,APT-225,-0.1286790911133116,Patient-centered,4870
HCC-22,HCC,B,APT-225,0.08387070339425455,Patient-centered,679
HCC-22,HCC,Myeloid,APT-225,0.04182137257072988,Patient-centered,172
HCC-22,HCC,T/NK,APT-225,-0.04581903175995027,Patient-centered,6163
HCC-24,HCC,B,APT-225,0.14353637514343284,Patient-centered,401
HCC-24,HCC,Myeloid,APT-225,0.2406879107018451,Patient-centered,143
HCC-24,HCC,T/NK,APT-225,-0.033076169772835035,Patient-centered,6495
HCC-3-1_2,HCC,B,APT-225,-0.07014118140046992,Patient-centered,202
HCC-3-1_2,HCC,Myeloid,APT-225,0.16889637922120354,Patient-centered,1370
HCC-3-1_2,HCC,T/NK,APT-225,-0.07017325622499329,Patient-centered,5613
HCC-3-2_1,HCC,B,APT-225,-0.10299781873093351,Patient-centered,230
HCC-3-2_1,HCC,Myeloid,APT-225,0.20334200803913327,Patient-centered,1443
HCC-3-2_1,HCC,T/NK,APT-225,-0.059439853707829955,Patient-centered,5597
PBMC-1,Normal,B,APT-225,0.00031823536124440585,Patient-centered,2772
PBMC-1,Normal,Myeloid,APT-225,0.2737553924998294,Patient-centered,2920
PBMC-1,Normal,T/NK,APT-225,-0.08443731934645195,Patient-centered,16344
PBMC-2,Normal,B,APT-225,0.00919603923163302,Patient-centered,2118
PBMC-2,Normal,Myeloid,APT-225,0.17984621503419534,Patient-centered,2459
PBMC-2,Normal,T/NK,APT-225,-0.09229122330809479,Patient-centered,11354
PBMC-3,Normal,B,APT-225,0.022165872747833746,Patient-centered,2459
PBMC-3,Normal,Myeloid,APT-225,0.3261760469281362,Patient-centered,3357
PBMC-3,Normal,T/NK,APT-225,-0.07003159173079856,Patient-centered,15451
PBMC-4,Normal,B,APT-225,-0.0003885273289671353,Patient-centered,2612
PBMC-4,Normal,Myeloid,APT-225,0.25433836834705026,Patient-centered,3132
PBMC-4,Normal,T/NK,APT-225,-0.12773453560124684,Patient-centered,16596
PBMC-5,Normal,B,APT-225,0.06868564931004557,Patient-centered,1529
PBMC-5,Normal,Myeloid,APT-225,0.4087897746340428,Patient-centered,2640
PBMC-5,Normal,T/NK,APT-225,-0.04140130069747916,Patient-centered,14864
PBMC-6,Normal,B,APT-225,-0.04417126162384677,Patient-centered,1231
PBMC-6,Normal,Myeloid,APT-225,0.3649909453036066,Patient-centered,1826
PBMC-6,Normal,T/NK,APT-225,-0.04625351286604397,Patient-centered,11973
PC-1,PC,B,APT-225,-0.02583965163914983,Patient-centered,2813
PC-1,PC,Myeloid,APT-225,0.1948702338906719,Patient-centered,3065
PC-1,PC,T/NK,APT-225,-0.032777990449510803,Patient-centered,12001
PC-2,PC,B,APT-225,-0.05131575186888492,Patient-centered,344
PC-2,PC,Myeloid,APT-225,-0.014463089073087866,Patient-centered,338
PC-2,PC,T/NK,APT-225,-0.0002385326724753801,Patient-centered,1245
PC-3,PC,B,APT-225,0.01820695787383397,Patient-centered,497
PC-3,PC,Myeloid,APT-225,0.11321945260745903,Patient-centered,1027
PC-3,PC,T/NK,APT-225,-0.028972981857505187,Patient-centered,3455
PC-4,PC,B,APT-225,-0.07165608528267706,Patient-centered,132
PC-4,PC,Myeloid,APT-225,-0.13259382000494058,Patient-centered,761
PC-4,PC,T/NK,APT-225,-0.009233469281572251,Patient-centered,1167
PC-5,PC,B,APT-225,-0.08854814044285368,Patient-centered,207
PC-5,PC,Myeloid,APT-225,0.0492044326989406,Patient-centered,1203
PC-5,PC,T/NK,APT-225,-0.07498834615847291,Patient-centered,2556
PC-6,PC,B,APT-225,-0.07966424776380186,Patient-centered,268
PC-6,PC,Myeloid,APT-225,0.06751885353348085,Patient-centered,3500
PC-6,PC,T/NK,APT-225,-0.0999579856154841,Patient-centered,3111
PRZ1,BTC,B,APT-225,-0.03620946807143925,Patient-centered,2651
PRZ1,BTC,Myeloid,APT-225,0.19029923044306452,Patient-centered,1039
PRZ1,BTC,T/NK,APT-225,-0.02365148393207151,Patient-centered,5059
PRZ2,BTC,B,APT-225,0.04028405735470766,Patient-centered,1922
PRZ2,BTC,Myeloid,APT-225,0.27449654125080053,Patient-centered,1461
PRZ2,BTC,T/NK,APT-225,-0.014161847254901896,Patient-centered,9041
PRZ3,BTC,B,APT-225,-0.15331676637447655,Patient-centered,584
PRZ3,BTC,Myeloid,APT-225,0.07325679190266657,Patient-centered,1841
PRZ3,BTC,T/NK,APT-225,-0.1256516586870835,Patient-centered,6690
PRZ4,BTC,B,APT-225,-0.03421628269354045,Patient-centered,1085
PRZ4,BTC,Myeloid,APT-225,0.22746529579589564,Patient-centered,349
PRZ4,BTC,T/NK,APT-225,-0.03365329284799764,Patient-centered,6275
PRZ5,BTC,B,APT-225,-0.13896915303506507,Patient-centered,406
PRZ5,BTC,Myeloid,APT-225,0.012964538829433839,Patient-centered,2563
PRZ5,BTC,T/NK,APT-225,-0.16390432299782987,Patient-centered,9961
PRZ6,BTC,B,APT-225,-0.1154903973672961,Patient-centered,406
PRZ6,BTC,Myeloid,APT-225,0.1901936901400395,Patient-centered,2227
PRZ6,BTC,T/NK,APT-225,-0.11924036470512209,Patient-centered,6073
CRC11,CRC,B,APT-164,-0.025000572046494963,Patient-centered,324
CRC11,CRC,Myeloid,APT-164,-0.060490713328317035,Patient-centered,2305
CRC11,CRC,T/NK,APT-164,-0.0409923356413384,Patient-centered,4823
CRC13,CRC,B,APT-164,0.04120292507432865,Patient-centered,209
CRC13,CRC,Myeloid,APT-164,0.13145288589422033,Patient-centered,887
CRC13,CRC,T/NK,APT-164,0.03650374642422902,Patient-centered,3957
CRC16,CRC,B,APT-164,-0.11702233625988583,Patient-centered,167
CRC16,CRC,Myeloid,APT-164,-0.004983477172884949,Patient-centered,973
CRC16,CRC,T/NK,APT-164,-0.11387310209959726,Patient-centered,6318
CRC17,CRC,B,APT-164,-0.06702473187701409,Patient-centered,269
CRC17,CRC,Myeloid,APT-164,-0.029535269165463184,Patient-centered,1047
CRC17,CRC,T/NK,APT-164,-0.07517962448546156,Patient-centered,5063
CRC22,CRC,B,APT-164,-0.06719556139965713,Patient-centered,213
CRC22,CRC,Myeloid,APT-164,-0.027295962888840123,Patient-centered,603
CRC22,CRC,T/NK,APT-164,0.03363852722054197,Patient-centered,4385
CRC23,CRC,B,APT-164,0.03168705341170777,Patient-centered,91
CRC23,CRC,Myeloid,APT-164,-0.0010310426056084209,Patient-centered,743
CRC23,CRC,T/NK,APT-164,-0.0009373731676716154,Patient-centered,5267
CRC24,CRC,B,APT-164,-0.05242902528838951,Patient-centered,238
CRC24,CRC,Myeloid,APT-164,0.0005230169166244713,Patient-centered,1275
CRC24,CRC,T/NK,APT-164,-0.04177232230917715,Patient-centered,5738
CRC25,CRC,B,APT-164,-0.07205065502459834,Patient-centered,501
CRC25,CRC,Myeloid,APT-164,0.03452158852403336,Patient-centered,2612
CRC25,CRC,T/NK,APT-164,-0.12523848115791117,Patient-centered,4083
GC28_P_cDNA,GC,B,APT-164,0.34950887112261986,Patient-centered,337
GC28_P_cDNA,GC,Myeloid,APT-164,0.3939315869837907,Patient-centered,2914
GC28_P_cDNA,GC,T/NK,APT-164,0.3315497582112284,Patient-centered,4055
GC29_P_cDNA,GC,B,APT-164,-0.21152064643800259,Patient-centered,225
GC29_P_cDNA,GC,Myeloid,APT-164,-0.11054061637375856,Patient-centered,2010
GC29_P_cDNA,GC,T/NK,APT-164,-0.16802300888275773,Patient-centered,2867
GC2_P_cDNA,GC,B,APT-164,0.09483068429378677,Patient-centered,226
GC2_P_cDNA,GC,Myeloid,APT-164,0.09821383205923279,Patient-centered,1331
GC2_P_cDNA,GC,T/NK,APT-164,0.16280188990314612,Patient-centered,2885
GC30_P_cDNA,GC,B,APT-164,0.2961577306780964,Patient-centered,400
GC30_P_cDNA,GC,Myeloid,APT-164,0.33849157497543936,Patient-centered,2289
GC30_P_cDNA,GC,T/NK,APT-164,0.265465081567579,Patient-centered,4464
GC31_P_cDNA,GC,B,APT-164,0.17796359057870473,Patient-centered,939
GC31_P_cDNA,GC,Myeloid,APT-164,0.1974089519106599,Patient-centered,1645
GC31_P_cDNA,GC,T/NK,APT-164,0.16581023717268054,Patient-centered,4499
GC32_P_cDNA,GC,B,APT-164,-0.10985002072389548,Patient-centered,713
GC32_P_cDNA,GC,Myeloid,APT-164,-0.028509608635937007,Patient-centered,1335
GC32_P_cDNA,GC,T/NK,APT-164,-0.10092047222122187,Patient-centered,5125
GC36_P_cDNA,GC,B,APT-164,0.06455523250978204,Patient-centered,790
GC36_P_cDNA,GC,Myeloid,APT-164,0.07562811362224257,Patient-centered,1385
GC36_P_cDNA,GC,T/NK,APT-164,0.07281417565172311,Patient-centered,5048
HCC-1,HCC,B,APT-164,-0.1697926636116627,Patient-centered,390
HCC-1,HCC,Myeloid,APT-164,0.10830425168826895,Patient-centered,1749
HCC-1,HCC,T/NK,APT-164,-0.15778950648761972,Patient-centered,4906
HCC-2-1_1,HCC,B,APT-164,-0.09330259385053069,Patient-centered,200
HCC-2-1_1,HCC,Myeloid,APT-164,-0.02624939318297498,Patient-centered,2075
HCC-2-1_1,HCC,T/NK,APT-164,-0.15825037829841718,Patient-centered,4632
HCC-2-2,HCC,B,APT-164,0.1041577162257242,Patient-centered,309
HCC-2-2,HCC,Myeloid,APT-164,0.25242242596127706,Patient-centered,1981
HCC-2-2,HCC,T/NK,APT-164,0.09524973655020096,Patient-centered,4870
HCC-22,HCC,B,APT-164,0.2243418255766006,Patient-centered,679
HCC-22,HCC,Myeloid,APT-164,0.22844999252688572,Patient-centered,172
HCC-22,HCC,T/NK,APT-164,0.24989021346459606,Patient-centered,6163
HCC-24,HCC,B,APT-164,0.16463490829169006,Patient-centered,401
HCC-24,HCC,Myeloid,APT-164,0.20282075386754908,Patient-centered,143
HCC-24,HCC,T/NK,APT-164,0.20562203615642882,Patient-centered,6495
HCC-3-1_2,HCC,B,APT-164,-0.07514488911440614,Patient-centered,202
HCC-3-1_2,HCC,Myeloid,APT-164,0.026574029025016693,Patient-centered,1370
HCC-3-1_2,HCC,T/NK,APT-164,-0.07067008978746461,Patient-centered,5613
HCC-3-2_1,HCC,B,APT-164,0.001861891721415779,Patient-centered,230
HCC-3-2_1,HCC,Myeloid,APT-164,0.215676812372446,Patient-centered,1443
HCC-3-2_1,HCC,T/NK,APT-164,0.05039485749150118,Patient-centered,5597
PBMC-1,Normal,B,APT-164,-0.07538540217814453,Patient-centered,2772
PBMC-1,Normal,Myeloid,APT-164,-0.0246717694744927,Patient-centered,2920
PBMC-1,Normal,T/NK,APT-164,-0.12374797656206069,Patient-centered,16344
PBMC-2,Normal,B,APT-164,-0.07106161603354079,Patient-centered,2118
PBMC-2,Normal,Myeloid,APT-164,-0.10595782218904709,Patient-centered,2459
PBMC-2,Normal,T/NK,APT-164,-0.115030027312086,Patient-centered,11354
PBMC-3,Normal,B,APT-164,-0.0047251538707957655,Patient-centered,2459
PBMC-3,Normal,Myeloid,APT-164,0.11921665264254157,Patient-centered,3357
PBMC-3,Normal,T/NK,APT-164,-0.03510990967513197,Patient-centered,15451
PBMC-4,Normal,B,APT-164,-0.057081719330593285,Patient-centered,2612
PBMC-4,Normal,Myeloid,APT-164,0.009398701779442062,Patient-centered,3132
PBMC-4,Normal,T/NK,APT-164,-0.1325630725559052,Patient-centered,16596
PBMC-5,Normal,B,APT-164,-0.09074363129200053,Patient-centered,1529
PBMC-5,Normal,Myeloid,APT-164,0.04477383291990863,Patient-centered,2640
PBMC-5,Normal,T/NK,APT-164,-0.09985809299105626,Patient-centered,14864
PBMC-6,Normal,B,APT-164,-0.14557999866665813,Patient-centered,1231
PBMC-6,Normal,Myeloid,APT-164,0.023500675784356623,Patient-centered,1826
PBMC-6,Normal,T/NK,APT-164,-0.10807551235361305,Patient-centered,11973
PC-1,PC,B,APT-164,0.3304876397170823,Patient-centered,2813
PC-1,PC,Myeloid,APT-164,0.36615543926429445,Patient-centered,3065
PC-1,PC,T/NK,APT-164,0.32853471442401155,Patient-centered,12001
PC-2,PC,B,APT-164,0.017904497171362298,Patient-centered,344
PC-2,PC,Myeloid,APT-164,-0.00664065040636962,Patient-centered,338
PC-2,PC,T/NK,APT-164,0.06132850738459203,Patient-centered,1245
PC-3,PC,B,APT-164,-0.0900120206019828,Patient-centered,497
PC-3,PC,Myeloid,APT-164,-0.08802358139153958,Patient-centered,1027
PC-3,PC,T/NK,APT-164,-0.12116761847672776,Patient-centered,3455
PC-4,PC,B,APT-164,-0.1328643505165184,Patient-centered,132
PC-4,PC,Myeloid,APT-164,-0.1389466556763269,Patient-centered,761
PC-4,PC,T/NK,APT-164,-0.04928702628678916,Patient-centered,1167
PC-5,PC,B,APT-164,0.09115643923481305,Patient-centered,207
PC-5,PC,Myeloid,APT-164,0.12415242057869634,Patient-centered,1203
PC-5,PC,T/NK,APT-164,0.10148455766000507,Patient-centered,2556
PC-6,PC,B,APT-164,0.0756458856735323,Patient-centered,268
PC-6,PC,Myeloid,APT-164,0.09196789765065269,Patient-centered,3500
PC-6,PC,T/NK,APT-164,0.032296158334438496,Patient-centered,3111
PRZ1,BTC,B,APT-164,-0.02677525919329857,Patient-centered,2651
PRZ1,BTC,Myeloid,APT-164,0.08591812219976289,Patient-centered,1039
PRZ1,BTC,T/NK,APT-164,0.0015784535296725223,Patient-centered,5059
PRZ2,BTC,B,APT-164,0.10505352931341368,Patient-centered,1922
PRZ2,BTC,Myeloid,APT-164,0.1822702755162226,Patient-centered,1461
PRZ2,BTC,T/NK,APT-164,0.07649757790811564,Patient-centered,9041
PRZ3,BTC,B,APT-164,-0.08178241768284152,Patient-centered,584
PRZ3,BTC,Myeloid,APT-164,0.012768735443907124,Patient-centered,1841
PRZ3,BTC,T/NK,APT-164,-0.060286325430121655,Patient-centered,6690
PRZ4,BTC,B,APT-164,-0.0840087870573668,Patient-centered,1085
PRZ4,BTC,Myeloid,APT-164,0.07012057509059808,Patient-centered,349
PRZ4,BTC,T/NK,APT-164,-0.06260937860228151,Patient-centered,6275
PRZ5,BTC,B,APT-164,-0.17045436055615104,Patient-centered,406
PRZ5,BTC,Myeloid,APT-164,0.02489340917755629,Patient-centered,2563
PRZ5,BTC,T/NK,APT-164,-0.05707700335475925,Patient-centered,9961
PRZ6,BTC,B,APT-164,-0.12504222223149805,Patient-centered,406
PRZ6,BTC,Myeloid,APT-164,0.028882006517405273,Patient-centered,2227
PRZ6,BTC,T/NK,APT-164,-0.04883491380099393,Patient-centered,6073
