donor_id,pool,sex,n_valid_cells
1_1,64,female,1165
2_2,64,female,1205
3_3,65,female,874
4_4,65,female,1433
6_6,67,female,1455
7_7,67,female,1258
8_8,67,male,866
9_9,68,female,1049
10_10,68,female,849
11_11,68,male,889
12_12,70,female,1799
13_13,70,female,1259
15_15,71,female,1107
16_16,71,female,1382
17_17,71,male,1348
18_18,71,female,977
19_19,71,female,1317
23_23,71,male,999
24_24,72,male,1187
25_25,59,male,1201
27_27,59,female,1280
28_28,59,female,1075
29_29,64,female,1292
30_30,64,male,1293
33_33,64,female,1184
35_35,64,female,818
36_36,64,male,973
37_37,64,female,949
38_38,64,male,1002
39_39,54,female,1368
40_40,54,female,1119
41_41,54,male,1211
42_42,54,female,1511
43_43,54,female,1655
46_46,59,male,996
47_47,55,female,1345
48_48,55,female,1312
49_49,55,male,1349
50_50,55,male,807
51_51,55,female,1277
52_52,53,female,1410
53_53,55,female,1498
54_54,56,female,1443
55_55,56,female,1296
56_56,56,female,997
57_57,55,male,1254
58_58,55,male,1149
60_60,56,female,1353
61_61,56,male,1356
63_63,56,female,1480
64_64,56,male,1462
65_65,62,male,1028
66_66,62,female,1212
69_69,62,female,835
70_70,57,male,1301
71_71,57,female,896
72_72,57,male,963
75_75,55,female,1111
77_77,61,male,1375
78_78,61,male,1173
79_79,61,female,1044
81_81,61,female,1955
82_82,61,male,1351
83_83,61,female,1001
84_84,57,male,1304
85_85,57,male,1333
86_86,57,male,1321
88_88,57,male,1331
89_89,55,male,997
90_90,55,female,970
91_91,55,male,1396
92_92,55,male,1120
93_93,55,male,1198
95_95,56,male,1128
96_96,56,male,1426
97_97,56,male,2029
98_98,39,female,1507
99_99,41,female,1477
101_101,41,female,1401
102_102,41,female,1462
104_104,42,female,1070
105_105,42,female,2090
106_106,46,male,1395
107_107,46,male,910
108_108,46,female,1038
109_109,46,male,1759
110_110,46,female,1373
111_111,46,female,1542
112_112,44,female,1377
113_113,54,male,1406
114_114,46,female,1523
116_116,46,female,1278
117_117,46,male,1028
119_119,63,male,1179
120_120,63,male,851
121_121,63,male,1080
122_122,63,female,960
123_123,63,male,1052
125_125,63,female,1223
126_126,63,male,1018
127_127,63,female,946
128_128,63,male,1017
129_129,63,male,1063
130_130,63,male,1234
132_132,63,female,918
134_134,59,female,951
137_137,59,female,1462
138_138,59,male,1276
140_140,59,male,1104
141_141,59,female,1177
142_142,59,female,1094
144_144,60,male,955
147_147,60,female,845
148_148,60,male,881
149_149,60,female,1141
150_150,60,female,1065
151_151,60,female,1108
152_152,60,male,894
153_153,60,female,989
154_154,58,male,1152
155_155,58,male,1097
156_156,58,female,1193
158_158,65,male,976
159_159,65,male,1330
160_160,65,female,985
161_161,65,female,1008
163_163,57,female,1112
164_165,58,female,978
166_167,58,female,1149
167_168,58,female,1085
168_169,58,male,801
169_170,58,male,1369
170_171,58,female,1102
171_172,58,female,1524
172_173,58,female,1176
173_174,58,male,1167
175_176,58,female,803
176_177,60,female,1142
177_178,60,male,1342
178_179,60,male,977
179_180,60,female,1316
180_181,61,female,1791
181_182,62,female,1267
182_183,65,male,859
183_184,65,female,1576
184_185,65,male,834
185_186,64,male,1369
186_187,64,female,1251
187_188,64,male,900
190_191,65,male,1363
191_192,65,female,1258
192_193,77,female,1176
194_195,77,female,1327
196_197,77,male,894
197_198,77,male,1251
198_199,77,female,1836
199_200,77,female,1330
200_201,77,male,1111
201_202,77,male,871
202_203,77,female,1588
203_204,77,male,1237
204_205,77,male,1551
206_207,69,female,1682
207_208,69,male,1340
208_209,69,female,1255
209_210,69,male,1164
210_211,70,male,1712
211_212,69,female,1244
212_213,69,female,1168
213_214,69,male,1507
214_215,69,female,1323
215_216,70,female,2063
217_218,70,female,1482
219_220,70,male,1822
220_221,70,female,933
221_222,70,male,1672
222_223,70,female,2008
223_224,68,male,1338
224_225,68,male,1352
225_226,68,male,1091
226_227,68,female,1205
229_230,68,male,853
230_231,68,female,851
232_233,68,male,1374
233_234,68,female,1159
236_237,68,male,1244
237_238,69,male,837
238_239,69,female,1086
239_240,69,male,928
240_241,77,female,815
241_242,77,female,1314
242_243,67,female,1056
243_244,67,female,1292
244_245,67,female,1154
245_246,67,female,1319
246_247,69,female,1059
247_248,67,male,1261
248_249,67,male,827
250_251,67,male,1119
251_252,67,male,1402
252_253,67,male,1437
255_256,67,female,1574
256_257,71,male,1212
257_258,71,female,1464
258_259,71,male,1181
259_260,71,female,1250
260_261,71,male,1615
262_263,71,female,1352
263_264,72,male,1287
264_265,72,male,1237
266_267,72,male,1072
267_268,72,female,1293
269_270,72,male,920
270_271,72,female,1445
271_272,72,female,1142
272_273,72,female,1015
273_274,72,female,968
274_275,72,male,1204
275_276,72,male,1317
276_277,56,female,1202
278_279,62,male,1077
279_280,62,female,915
280_281,62,female,1105
281_282,62,female,836
282_283,62,male,999
283_284,62,male,1010
284_285,62,male,1280
286_287,56,male,922
287_288,57,female,1110
288_289,61,male,1137
289_290,61,female,1023
290_291,62,female,1019
291_292,27,female,866
292_293,23,female,1499
293_294,22,female,917
294_295,22,female,1386
295_296,22,male,1039
296_297,22,female,1403
297_298,22,male,1338
298_299,22,male,1448
299_300,22,female,930
301_302,22,female,1854
302_303,22,female,1593
303_304,22,male,1761
304_305,22,female,1286
305_306,22,male,1222
306_307,23,female,1123
307_308,23,female,1059
308_309,23,female,815
309_310,23,male,1189
310_311,23,female,1449
311_312,23,female,1182
312_313,23,female,1081
313_314,23,female,1282
314_315,23,female,1772
315_316,23,male,1097
316_317,23,female,1522
317_318,23,female,1647
318_319,23,female,1565
320_321,24,female,1013
321_322,24,male,1098
322_323,24,male,1091
323_324,24,female,926
324_325,24,female,976
325_326,24,female,987
326_327,24,male,1316
327_328,25,female,1460
328_329,36,male,1579
329_330,36,male,1560
330_331,25,female,1085
331_332,25,female,1598
332_333,25,female,1744
333_334,25,male,1382
334_335,26,female,1513
335_336,36,male,1039
336_337,37,male,969
337_338,37,female,1217
338_339,37,male,972
339_340,37,male,1198
340_341,37,female,1518
342_343,36,male,1174
344_345,52,male,1245
345_346,52,male,1175
346_347,53,male,912
347_348,35,female,851
348_349,38,female,1641
349_350,54,male,1562
350_351,53,female,825
351_352,53,female,1429
352_353,54,female,1685
353_354,53,female,975
354_355,53,male,1263
355_356,61,female,1038
356_357,33,male,1272
357_358,33,female,1586
358_359,33,female,1278
359_360,33,male,1725
360_361,32,female,1253
361_362,32,female,2398
363_364,32,female,1568
364_365,32,female,1571
365_366,32,female,1437
366_367,32,male,1687
367_368,32,female,1428
368_369,34,female,1098
369_370,41,female,1634
370_371,21,female,1352
371_372,21,female,1369
372_373,21,female,1142
373_374,21,female,1170
374_375,21,female,812
376_377,21,male,1236
377_378,21,female,1558
378_379,21,female,1495
379_380,21,female,1551
380_381,22,male,1201
381_382,41,female,1349
382_383,41,female,1420
384_385,76,male,1721
385_386,53,female,1105
386_387,53,male,916
387_388,35,male,1331
388_389,35,female,1326
389_390,35,male,1157
390_391,35,female,1211
391_392,38,female,1168
392_393,39,female,1617
393_394,38,male,1286
394_395,34,male,1139
396_397,34,female,1399
398_399,34,female,1054
399_400,34,female,1169
400_401,35,male,1158
402_403,35,male,1726
403_404,35,female,1419
404_405,36,female,1687
405_406,30,female,873
406_407,30,female,1069
407_408,39,male,1422
408_409,37,female,1086
409_410,36,female,1555
410_411,35,male,1083
411_412,36,female,1412
412_413,35,male,1539
413_414,35,female,1060
414_415,35,female,1110
415_416,34,male,1587
416_417,34,male,1198
417_418,34,male,1384
418_419,34,male,1061
419_420,34,female,1080
420_421,37,female,1515
421_422,37,male,1156
422_423,33,female,1380
423_424,33,male,1113
424_425,33,female,1569
425_426,33,female,1610
426_427,33,female,1220
427_428,33,male,1190
428_429,33,male,1372
429_430,33,male,1088
431_432,31,female,1342
432_433,31,male,1219
433_434,31,male,1488
434_435,32,female,989
435_436,32,male,1149
436_437,32,male,1139
437_438,32,female,1110
438_439,32,female,1067
439_440,32,male,1105
441_442,33,male,1202
442_443,34,male,1321
443_444,30,female,1022
445_446,30,female,985
446_447,30,female,1226
447_448,31,male,966
448_449,31,female,1302
449_450,31,female,857
450_451,31,male,1414
451_452,31,male,1078
452_453,31,male,928
453_454,30,female,1104
454_455,30,male,1324
455_456,30,female,1779
456_457,30,male,1242
457_458,30,male,1610
458_459,30,female,1406
459_460,30,female,1247
460_461,31,female,1178
461_462,31,female,1334
462_463,31,female,1443
463_464,31,female,1164
464_465,31,female,1402
465_466,54,male,1154
466_467,45,female,1296
467_468,45,female,1626
468_469,45,female,1085
469_470,45,male,1461
470_471,49,male,1098
471_472,45,female,1363
472_473,45,male,1153
473_474,46,female,1711
474_475,46,female,869
475_476,76,male,1467
476_477,76,male,1828
477_478,76,female,1712
478_479,41,male,1424
479_480,41,male,1062
480_481,41,male,1511
481_482,41,female,1181
482_483,41,male,1498
483_484,41,male,1490
484_485,41,female,1418
485_486,38,female,1550
486_487,37,female,2021
487_488,37,male,1102
488_489,37,male,1871
489_490,37,male,1326
490_491,37,male,1294
491_492,76,male,842
492_493,39,female,1247
493_494,39,male,1262
494_495,36,female,1804
496_497,38,male,940
497_498,36,female,1703
498_499,36,male,1409
499_500,49,female,1316
500_501,76,male,838
501_502,76,female,1360
502_503,39,female,918
503_504,39,male,1262
504_505,49,female,919
505_506,42,male,1661
506_507,43,female,1262
507_508,43,male,1682
508_509,49,male,1352
509_510,44,female,1393
510_511,44,male,1573
511_512,44,male,878
512_513,44,female,1398
513_514,44,male,1081
514_515,44,male,1326
515_516,39,male,1759
516_517,39,female,1584
517_518,39,male,1599
519_520,76,female,805
520_521,76,male,1094
521_522,43,female,1088
522_523,76,female,1107
524_525,43,male,1259
526_527,50,female,1487
527_528,42,male,1076
529_530,42,male,1243
531_532,42,male,1243
532_533,42,male,810
533_534,42,male,1176
534_535,43,male,938
535_536,43,female,1184
536_537,43,male,1472
537_538,42,female,1031
538_539,42,female,1404
539_540,42,male,1235
540_541,42,female,1703
541_542,43,female,1084
542_543,43,male,1505
543_544,43,female,1287
544_545,43,male,1153
545_546,43,female,1003
546_547,43,female,1341
547_548,44,male,1112
548_549,47,female,1414
549_550,44,female,1522
550_551,44,female,1144
551_552,44,female,1023
552_553,38,male,2086
553_554,38,male,1615
554_555,38,male,1309
557_558,76,female,922
558_559,38,female,1200
559_560,38,male,1376
560_561,76,male,1556
561_562,39,male,1511
562_563,39,female,1755
563_564,39,male,1129
565_566,76,male,1288
566_567,45,male,906
567_568,45,male,1965
569_570,45,male,1052
570_571,45,male,1390
571_572,46,female,1343
572_573,46,male,1235
573_574,47,female,1814
574_575,47,female,1357
575_576,47,male,1173
576_577,49,female,1905
577_578,49,male,1356
578_579,49,female,1691
579_580,50,female,1455
580_581,51,male,915
581_582,51,female,830
582_583,51,female,1180
583_584,51,male,1047
584_585,51,male,1046
585_586,51,male,1830
586_587,51,male,1422
587_588,51,female,1385
588_589,51,male,1254
589_590,51,female,1517
590_591,51,male,1185
591_592,52,male,1173
592_593,52,male,1048
594_595,52,female,1281
595_596,52,male,1439
596_597,54,female,1328
597_598,54,male,1566
598_599,59,female,1081
599_600,45,female,820
600_601,45,male,1303
602_603,47,male,862
603_604,47,male,1052
604_605,47,female,1440
605_606,47,female,1361
606_607,47,female,1259
608_609,48,male,1262
609_610,48,male,1472
610_611,48,male,1169
611_612,48,female,1249
612_613,48,male,1104
613_614,48,female,1156
614_615,48,female,1329
615_616,48,female,1130
616_617,48,female,1502
617_618,48,female,1060
618_619,48,female,1274
619_620,48,female,1050
620_621,48,female,1578
621_622,47,male,1258
622_623,49,male,1415
623_624,49,female,1012
624_625,51,male,1429
625_626,51,female,854
626_627,52,female,1134
627_628,52,female,1206
628_629,52,male,1082
629_630,52,male,1150
630_631,52,female,1121
632_633,54,male,928
633_634,54,female,1004
634_635,52,male,1031
635_636,52,female,870
636_637,49,male,834
637_638,49,male,1493
638_639,49,female,1665
639_640,50,male,1034
640_641,50,female,1004
641_642,50,male,1037
644_645,51,female,1572
645_646,50,male,1313
647_648,50,female,1379
648_649,50,female,850
649_650,50,male,1353
650_651,50,female,3511
652_653,50,female,955
653_654,53,male,1239
654_655,53,male,1367
655_656,53,male,1541
656_657,61,male,1281
657_658,53,male,1266
658_659,53,female,1468
659_660,53,female,1219
660_661,54,female,1469
661_662,2,male,1309
662_663,2,male,1287
663_664,2,female,1244
664_665,2,female,1328
665_666,3,female,1614
666_667,3,female,1890
667_668,3,male,1966
668_669,3,female,1891
669_670,3,male,1224
670_671,3,male,1201
672_673,4,male,1595
673_674,4,male,1130
674_675,4,female,1093
675_676,4,female,1301
676_677,4,female,1655
677_678,4,female,1597
678_679,4,male,1179
679_680,4,female,992
680_681,4,male,1528
681_682,4,female,1213
682_683,1,male,1170
683_684,1,male,1455
684_685,1,female,1033
685_686,1,female,1579
686_687,1,male,1278
687_688,1,female,1463
688_689,1,male,1552
689_690,1,male,1767
690_691,1,male,1435
691_692,1,male,1501
692_693,1,female,1297
693_694,1,female,1289
694_695,19,male,1390
695_696,2,female,904
696_697,2,female,1041
697_698,2,female,974
699_700,2,female,1557
700_701,2,female,2424
701_702,2,female,1200
702_703,2,female,1407
704_705,2,female,1151
705_706,3,female,1187
706_707,3,female,1323
707_708,3,male,1486
708_709,3,female,1479
709_710,3,male,1671
711_712,3,female,2170
714_715,6,female,1175
715_716,4,female,1160
716_717,4,male,1281
717_718,5,female,1286
718_719,5,female,947
719_720,4,female,1770
720_721,5,male,1119
721_722,5,male,922
722_723,5,female,1064
723_724,6,female,1171
724_725,6,female,1191
725_726,6,male,1123
726_727,6,female,953
727_728,7,female,1451
729_730,8,male,1164
730_731,8,male,1140
731_732,7,female,1199
732_733,7,female,1186
733_734,8,female,876
734_735,7,male,1241
735_736,7,female,1312
736_737,5,female,1212
737_738,5,female,867
740_741,5,female,1177
742_743,8,female,1072
743_744,5,female,1057
744_745,8,male,1786
745_746,8,male,1427
746_747,8,female,895
747_748,8,female,1381
748_749,8,male,1338
749_750,8,female,1310
751_752,39,female,1139
752_753,38,male,1918
753_754,27,female,822
754_755,27,male,1779
755_756,27,female,1701
756_757,27,male,891
758_759,27,male,1179
759_760,27,female,860
760_761,27,female,1448
761_762,27,female,1176
762_763,27,female,1599
764_765,28,female,3146
765_766,28,male,2621
766_767,28,male,1194
767_768,28,female,1890
769_770,27,female,935
770_771,27,female,863
771_772,28,male,1462
772_773,28,female,2415
773_774,28,female,2731
774_775,28,male,1729
776_777,28,male,870
779_780,29,male,1283
781_782,29,female,2256
782_783,29,female,1181
783_784,29,female,1660
784_785,29,female,1215
786_787,29,female,1719
787_788,29,female,1043
788_789,29,male,1349
789_790,29,male,1036
790_791,29,male,1349
791_792,29,male,2019
793_794,30,female,1470
794_795,9,male,933
795_796,9,female,1167
796_797,9,male,1215
797_798,9,female,1431
798_799,9,male,883
799_800,9,male,1161
800_801,9,female,1401
801_802,9,female,1203
802_803,14,male,1030
803_804,14,female,1180
804_805,14,male,1103
805_806,15,male,848
806_807,15,male,1208
807_808,15,female,932
808_809,15,female,1199
809_810,15,female,1605
810_811,12,female,1066
811_812,12,male,1200
812_813,12,female,1331
813_814,7,female,1352
814_815,9,female,1210
815_816,9,male,1164
816_817,7,female,1115
818_819,8,male,1944
819_820,7,female,1432
821_822,9,male,1374
822_823,9,female,1257
823_824,10,female,1987
824_825,10,male,1341
825_826,10,female,1950
826_827,10,female,1433
827_828,10,male,1559
829_830,10,male,2014
830_831,10,female,1986
831_832,10,female,1252
832_833,10,female,2216
834_835,11,male,1281
835_836,11,female,1478
836_837,11,male,1644
838_839,7,female,1243
839_840,8,female,1069
840_841,9,female,1565
842_843,10,female,1776
843_844,10,male,1378
845_846,11,male,1166
846_847,11,female,1493
847_848,11,female,1597
848_849,11,female,1380
849_850,11,female,1449
850_851,11,male,1169
851_852,11,female,1168
852_853,12,female,1289
853_854,13,female,1557
854_855,13,male,1344
855_856,13,female,1569
856_857,13,female,1562
857_858,13,female,1834
858_859,13,female,1255
859_860,13,female,1166
860_861,14,female,1243
861_862,14,female,1224
862_863,14,female,1431
863_864,14,male,1279
864_865,14,female,1464
865_866,14,female,1596
867_868,19,female,1850
868_869,19,female,1893
869_870,19,female,1070
870_871,38,female,1615
871_872,19,male,1512
872_873,19,female,1955
886_887,21,female,1599
887_888,21,male,1719
888_889,21,male,986
889_890,21,female,1199
890_891,14,female,1332
891_892,14,female,1455
892_893,15,female,1324
893_894,15,female,1450
894_895,16,male,1014
896_897,16,female,2051
898_899,16,female,1221
899_900,16,female,1286
900_901,16,female,1185
901_902,16,male,1241
902_903,17,male,1296
903_904,17,female,1174
904_905,17,female,1367
905_906,17,female,853
906_907,18,male,943
907_908,18,female,1130
908_909,18,female,1237
909_910,18,female,1566
910_911,18,female,1528
911_912,18,female,1484
912_913,18,male,1469
914_915,19,female,2091
915_916,19,female,1421
916_917,19,female,1422
917_918,19,male,1462
920_921,26,male,841
921_922,26,female,953
922_923,26,male,999
923_924,26,female,1737
924_925,26,female,1056
926_927,73,male,1554
927_928,73,female,1874
929_930,73,female,1572
930_931,73,female,1303
932_933,73,male,1950
933_934,73,male,2057
934_935,73,female,1515
935_936,73,male,1869
937_938,73,female,1219
938_939,74,male,923
941_942,74,female,1346
943_944,74,male,1142
944_945,74,female,1186
945_946,74,male,1105
946_947,74,female,1277
947_948,74,male,1734
949_950,74,male,1557
951_952,75,female,2103
952_953,75,male,974
953_954,75,male,1599
954_955,75,male,1231
955_956,75,male,1070
956_957,75,male,1886
957_958,75,male,1697
958_959,75,female,1408
959_960,75,female,1662
960_961,75,female,1122
961_962,75,female,1447
962_963,75,male,1614
968_969,5,male,1342
969_970,6,female,1213
970_971,5,female,1162
971_972,5,female,1265
972_973,6,female,1271
974_975,6,male,918
975_976,6,male,1051
976_977,6,female,919
977_978,6,female,1132
978_979,6,female,1289
980_981,7,female,955
981_982,7,male,1695
982_983,7,female,1246
983_984,8,female,1439
984_985,8,female,1286
985_986,11,female,1168
986_987,12,male,1194
987_988,13,female,1323
988_989,13,female,818
989_990,11,male,1329
990_991,11,female,1317
991_992,12,female,1220
992_993,12,female,959
993_994,12,male,1340
994_995,12,female,1652
995_996,12,female,1374
996_997,12,female,1719
997_998,11,male,1214
998_999,12,male,1288
999_1000,12,female,1298
1000_1001,13,female,1409
1001_1002,13,female,1543
1002_1003,13,male,1376
1003_1004,13,female,1633
1004_1005,13,female,1359
1005_1006,14,male,912
1007_1008,14,female,1092
1008_1009,15,male,2684
1009_1010,15,female,1119
1010_1011,15,female,1324
1011_1012,15,female,1236
1012_1013,15,female,1066
1014_1015,15,female,1093
1015_1016,16,male,1226
1016_1017,16,male,1493
1018_1019,16,female,1393
1019_1020,16,male,1435
1020_1021,16,female,822
1021_1022,16,female,1501
1022_1023,16,female,1058
1023_1024,16,female,878
1024_1025,17,female,1418
1025_1026,17,female,1583
1026_1027,17,female,1456
1027_1028,17,female,1193
1028_1029,17,female,1050
1029_1030,17,female,980
1030_1031,17,male,1297
1031_1032,17,female,1201
1032_1033,17,male,1467
1033_1034,17,female,1255
1034_1035,18,female,1588
1035_1036,18,female,1306
1036_1037,18,female,1262
1037_1038,18,male,1374
1038_1039,18,female,1217
1039_1040,18,female,945
1040_1041,18,female,1332
1041_1042,19,female,1385
1042_1043,19,female,1535
1043_1044,24,male,1080
1044_1045,24,female,1099
1045_1046,24,female,1276
1046_1047,24,female,1130
1047_1048,24,female,1593
1048_1049,24,female,1475
1049_1050,25,female,1261
1050_1051,25,male,822
1051_1052,25,female,1572
1052_1053,25,male,1229
1053_1054,25,female,1500
1054_1055,25,female,1188
1055_1056,25,female,1126
1056_1057,25,male,1186
1057_1058,25,male,1439
1058_1059,26,male,1002
1059_1060,26,male,1172
1060_1061,26,female,1180
1061_1062,26,female,936
1062_1063,27,female,990
1063_1064,26,male,1177
1064_1065,26,male,1182
1065_1066,26,female,1158
1066_1067,36,female,974
1068_1069,44,female,1550
1070_1071,36,female,1272
1071_1072,35,female,1136
1072_1073,34,female,1032
1073_1074,34,male,1325
1074_1075,47,female,1437
1075_1076,47,female,1338
1076_1077,47,male,1083
1077_1078,56,male,1104
1078_1079,57,male,1234
1079_1080,57,female,1300
1080_1081,57,female,1463
1081_1082,57,male,1228
