model,task,metric,design,fixed_axis,fixed_value,low_patient_budget,low_cells_per_patient,high_patient_budget,high_cells_per_patient,n_subset_seeds,mean,std,q025,q975,fraction_positive,patient_clustered_bootstrap_q025,patient_clustered_bootstrap_q975
logistic_regression,coarse,macro_f1,fixed_total_patient_doubling,total_training_cells,3200,8,400,16,200,20,0.0037874958847447958,0.007684864132846507,-0.009182957280952747,0.018931424236099885,0.75,0.002737932761530218,0.005006218952353627
logistic_regression,coarse,patient_balanced_macro_f1,fixed_total_patient_doubling,total_training_cells,3200,8,400,16,200,20,0.002979007898789532,0.006711109948098105,-0.010018513298133889,0.014505125427279464,0.8,0.001727942927114426,0.0045710875220681705
logistic_regression,coarse,mean_patient_macro_f1,fixed_total_patient_doubling,total_training_cells,3200,8,400,16,200,20,0.00403022955674166,0.007889928152410151,-0.006723272584790651,0.020424529667568005,0.7,0.0033335208318449245,0.00550406647228974
logistic_regression,coarse,macro_f1,fixed_total_patient_doubling,total_training_cells,3200,16,200,32,100,20,0.003293144737982151,0.004516479520182739,-0.005442569050545687,0.009862124255187753,0.8,0.002404086203543379,0.004203633204040121
logistic_regression,coarse,patient_balanced_macro_f1,fixed_total_patient_doubling,total_training_cells,3200,16,200,32,100,20,0.002810629719232266,0.004560455163793559,-0.005370978193290396,0.01015390723063047,0.8,0.0020535273678088635,0.0036374643879936376
logistic_regression,coarse,mean_patient_macro_f1,fixed_total_patient_doubling,total_training_cells,3200,16,200,32,100,20,0.002979928305738372,0.004124486075387474,-0.0055021101427901896,0.009092869427291459,0.85,0.0022397896515705283,0.0037137466114165237
logistic_regression,coarse,macro_f1,fixed_total_patient_8_to_32,total_training_cells,3200,8,400,32,100,20,0.007080640622726947,0.0073360576580086935,-0.0019039318771966296,0.021729826313623708,0.85,0.0054769188783478275,0.00874660988887476
logistic_regression,coarse,patient_balanced_macro_f1,fixed_total_patient_8_to_32,total_training_cells,3200,8,400,32,100,20,0.005789637618021798,0.006416961758511151,-0.0020670679022653875,0.017393106063932896,0.8,0.004102992897003324,0.007939781691296069
logistic_regression,coarse,mean_patient_macro_f1,fixed_total_patient_8_to_32,total_training_cells,3200,8,400,32,100,20,0.007010157862480032,0.007388280324572379,-0.002452394478307751,0.022884792350610104,0.9,0.0059585859075133975,0.008744602556072362
logistic_regression,coarse,macro_f1,fixed_total_patient_doubling,total_training_cells,6400,8,800,16,400,20,0.006471233058391446,0.006355810138614394,-0.0018071717668861785,0.01954047457307588,0.9,0.004573821984518553,0.009120653732035338
logistic_regression,coarse,patient_balanced_macro_f1,fixed_total_patient_doubling,total_training_cells,6400,8,800,16,400,20,0.005610573234693344,0.00620925454621729,-0.00252015836491572,0.0189152710461121,0.85,0.0038517858239742716,0.008009871174006108
logistic_regression,coarse,mean_patient_macro_f1,fixed_total_patient_doubling,total_training_cells,6400,8,800,16,400,20,0.005604382182805951,0.004756961639239158,-0.0018299590918917225,0.013304588429224443,0.85,0.005161335453120716,0.008432296990393096
logistic_regression,coarse,macro_f1,fixed_total_patient_doubling,total_training_cells,6400,16,400,32,200,20,0.003439453224901923,0.003128786896559779,-0.0011460181738431636,0.008810563869704503,0.85,0.002443458635003498,0.004449595831193928
logistic_regression,coarse,patient_balanced_macro_f1,fixed_total_patient_doubling,total_training_cells,6400,16,400,32,200,20,0.002944580463030283,0.002945036353295877,-0.0011858910226550169,0.008124281572327936,0.8,0.0019579423236028267,0.004160849103168848
logistic_regression,coarse,mean_patient_macro_f1,fixed_total_patient_doubling,total_training_cells,6400,16,400,32,200,20,0.0031173088096835555,0.0032870268362009338,-0.0008312447063910961,0.009064024173967272,0.75,0.002319320407432879,0.0041806910768887534
logistic_regression,coarse,macro_f1,fixed_total_patient_8_to_32,total_training_cells,6400,8,800,32,200,20,0.009910686283293368,0.007677444867300936,0.0016164427033792338,0.0263727007409661,1.0,0.0072952817682282204,0.013397484595702546
logistic_regression,coarse,patient_balanced_macro_f1,fixed_total_patient_8_to_32,total_training_cells,6400,8,800,32,200,20,0.008555153697723628,0.007233418826349114,-0.0001489267977223289,0.024523238648300142,0.95,0.0060030622334994845,0.011926947659503953
logistic_regression,coarse,mean_patient_macro_f1,fixed_total_patient_8_to_32,total_training_cells,6400,8,800,32,200,20,0.008721690992489506,0.005774484514169831,3.600792137827555e-05,0.019007778681818115,0.95,0.007893639456673549,0.012311840055800815
logistic_regression,coarse,macro_f1,fixed_total_patient_doubling,total_training_cells,12800,8,1600,16,800,20,0.00889666872143614,0.006495002782597194,0.0008598124178487987,0.02474932948516962,1.0,0.006725156396730864,0.011691337843489675
logistic_regression,coarse,patient_balanced_macro_f1,fixed_total_patient_doubling,total_training_cells,12800,8,1600,16,800,20,0.007650315595138513,0.006886597719390181,-0.00014604797436010286,0.022834204620316073,0.95,0.005854243425149572,0.010027926308844276
logistic_regression,coarse,mean_patient_macro_f1,fixed_total_patient_doubling,total_training_cells,12800,8,1600,16,800,20,0.008434175515081683,0.004866729735191051,0.002319152961317911,0.019675723381010705,1.0,0.007848070537966512,0.011982663798033097
logistic_regression,coarse,macro_f1,fixed_total_patient_doubling,total_training_cells,12800,16,800,32,400,20,0.004732870711995357,0.004001345149520431,0.00012462600900066124,0.01363238256777128,0.95,0.0034062655747336052,0.006304116499501562
logistic_regression,coarse,patient_balanced_macro_f1,fixed_total_patient_doubling,total_training_cells,12800,16,800,32,400,20,0.004817579994032017,0.0049302626735829415,0.00023716384549956064,0.016487137694908678,0.95,0.0032970486407998627,0.006865307320685263
logistic_regression,coarse,mean_patient_macro_f1,fixed_total_patient_doubling,total_training_cells,12800,16,800,32,400,20,0.004401481838103094,0.0033068384818704076,0.0005561936512615163,0.011032428923590165,1.0,0.0034432557854349177,0.0069376027078874485
logistic_regression,coarse,macro_f1,fixed_total_patient_8_to_32,total_training_cells,12800,8,1600,32,400,20,0.013629539433431499,0.006965734348158341,0.00527722375722123,0.02882588564162928,1.0,0.010430936435718149,0.017486034176305662
logistic_regression,coarse,patient_balanced_macro_f1,fixed_total_patient_8_to_32,total_training_cells,12800,8,1600,32,400,20,0.01246789558917053,0.007351460761110476,0.00375755412677585,0.028315523824701247,1.0,0.009743283217750831,0.01618893876500925
logistic_regression,coarse,mean_patient_macro_f1,fixed_total_patient_8_to_32,total_training_cells,12800,8,1600,32,400,20,0.012835657353184777,0.005852892836652165,0.004271665273562181,0.025803160931671218,1.0,0.011741238634175838,0.01875181317827602
logistic_regression,coarse,macro_f1,matched_patient_doubling,cells_per_patient,100,8,100,16,100,20,0.01762663869715373,0.009676275048989234,0.0025018619257876767,0.03373385021019858,1.0,0.014940617541367347,0.019963353368797
logistic_regression,coarse,patient_balanced_macro_f1,matched_patient_doubling,cells_per_patient,100,8,100,16,100,20,0.017477773802495822,0.009625974079875898,0.0026189340240273334,0.03386869655197118,1.0,0.014366073647318975,0.019799711534574237
logistic_regression,coarse,mean_patient_macro_f1,matched_patient_doubling,cells_per_patient,100,8,100,16,100,20,0.022389078993589773,0.014726396570840867,0.0015271444711030982,0.04887541815462926,0.95,0.013867386316462418,0.01770173902088778
logistic_regression,coarse,macro_f1,matched_patient_doubling,cells_per_patient,100,16,100,32,100,20,0.0033996184743380507,0.004203523196613648,-0.003747198980063532,0.009960019722106084,0.75,0.0018569236468464867,0.004860434487723444
logistic_regression,coarse,patient_balanced_macro_f1,matched_patient_doubling,cells_per_patient,100,16,100,32,100,20,0.004137274832258448,0.00462506826791149,-0.0034874645812062203,0.011867048804069377,0.8,0.00250477470786116,0.005420649253821135
logistic_regression,coarse,mean_patient_macro_f1,matched_patient_doubling,cells_per_patient,100,16,100,32,100,20,0.0025589962162752776,0.004809364946386886,-0.004513023934200805,0.011843149845346625,0.7,0.0006661394082950273,0.0031997120212677588
logistic_regression,coarse,macro_f1,matched_patient_doubling,cells_per_patient,200,8,200,16,200,20,0.0053582400280281885,0.00604459730780098,-0.0025253484759656026,0.017110794561946238,0.8,0.003863754947030523,0.006975040972132424
logistic_regression,coarse,patient_balanced_macro_f1,matched_patient_doubling,cells_per_patient,200,8,200,16,200,20,0.005410208573852432,0.005082579660461441,-0.0016651140105794493,0.015095184888531402,0.85,0.0038656139159359755,0.006965285494978061
logistic_regression,coarse,mean_patient_macro_f1,matched_patient_doubling,cells_per_patient,200,8,200,16,200,20,0.004298077328072508,0.007634850067603666,-0.004765432388787033,0.021977238955098927,0.65,0.0026398662589871584,0.005202646667198981
logistic_regression,coarse,macro_f1,matched_patient_doubling,cells_per_patient,200,16,200,32,200,20,0.003235706623867657,0.003565691688257598,-0.0020178480953952998,0.010047127457411152,0.85,0.0018086318088300552,0.0046846352184559455
logistic_regression,coarse,patient_balanced_macro_f1,matched_patient_doubling,cells_per_patient,200,16,200,32,200,20,0.003126142852216407,0.0036328534101486613,-0.0020333736776080025,0.010717453729730422,0.85,0.0016831297526135242,0.004592618449021979
logistic_regression,coarse,mean_patient_macro_f1,matched_patient_doubling,cells_per_patient,200,16,200,32,200,20,0.002024547988972558,0.0034590485878355608,-0.0039294224421720205,0.008252852697366099,0.7,0.0007339940434186509,0.00297932092911724
logistic_regression,coarse,macro_f1,matched_patient_doubling,cells_per_patient,400,8,400,16,400,20,0.00358374928371053,0.005737437028561562,-0.0038198764162850007,0.01618623979168956,0.75,0.002275105879405373,0.004882816573726024
logistic_regression,coarse,patient_balanced_macro_f1,matched_patient_doubling,cells_per_patient,400,8,400,16,400,20,0.003160570287975656,0.004692318985191464,-0.0036550985983145236,0.01266967810957266,0.75,0.0017694669702636723,0.004660099385755666
logistic_regression,coarse,mean_patient_macro_f1,matched_patient_doubling,cells_per_patient,400,8,400,16,400,20,0.002937468736030663,0.0065369757991857085,-0.003843238194882903,0.017336722003716314,0.6,0.0018595839668534592,0.004094872082587008
logistic_regression,coarse,macro_f1,matched_patient_doubling,cells_per_patient,400,16,400,32,400,20,0.005852637792364224,0.002164422784000982,0.0024932191741004,0.009577921515373452,1.0,0.004600099151568823,0.007145607281034879
logistic_regression,coarse,patient_balanced_macro_f1,matched_patient_doubling,cells_per_patient,400,16,400,32,400,20,0.0053614404722953975,0.0024355854857530074,0.0019151733094036282,0.009980755060107338,1.0,0.004173418500853251,0.006733398943928216
logistic_regression,coarse,mean_patient_macro_f1,matched_patient_doubling,cells_per_patient,400,16,400,32,400,20,0.005837983364670102,0.0020413730849489623,0.0022949368076889826,0.009208734493357379,1.0,0.004861836863906383,0.007179647139896993
logistic_regression,coarse,macro_f1,matched_patient_doubling,cells_per_patient,800,8,800,16,800,20,0.007591000138760312,0.0040146446263339755,0.0022488682072348996,0.015196103543773262,1.0,0.005582440778057368,0.01034195069930435
logistic_regression,coarse,patient_balanced_macro_f1,matched_patient_doubling,cells_per_patient,800,8,800,16,800,20,0.006154433712956725,0.0035035750163707885,0.0016024200613457024,0.012946565470107476,1.0,0.0044635648124745795,0.008624187194924972
logistic_regression,coarse,mean_patient_macro_f1,matched_patient_doubling,cells_per_patient,800,8,800,16,800,20,0.007040883709372958,0.003093616224951395,0.0023238085687351667,0.012200625091699504,1.0,0.006043237044678504,0.009263428964993645
logistic_regression,coarse,macro_f1,matched_patient_doubling,cells_per_patient,800,16,800,32,800,20,0.007879950135855318,0.0042704559216093,0.003078481405453218,0.017422658813828408,1.0,0.006383387038866239,0.009733041270111849
logistic_regression,coarse,patient_balanced_macro_f1,matched_patient_doubling,cells_per_patient,800,16,800,32,800,20,0.007548587303962473,0.004910647754862905,0.003323748535072735,0.019433216225449364,1.0,0.00599240005354906,0.00951572816587332
logistic_regression,coarse,mean_patient_macro_f1,matched_patient_doubling,cells_per_patient,800,16,800,32,800,20,0.00815108810314924,0.0036765251419834458,0.0036072432354072844,0.015312397722515815,1.0,0.007046118291302933,0.01071103789098993
logistic_regression,coarse,macro_f1,matched_patient_doubling,cells_per_patient,1600,8,1600,16,1600,20,0.011182167169402058,0.0044754605389018655,0.00633221760978335,0.02129661942344861,1.0,0.008877026332230257,0.014029791138207163
logistic_regression,coarse,patient_balanced_macro_f1,matched_patient_doubling,cells_per_patient,1600,8,1600,16,1600,20,0.00985546253156302,0.004923925076245088,0.005289702448498512,0.0206960292288381,1.0,0.007968974258264153,0.01265949106225207
logistic_regression,coarse,mean_patient_macro_f1,matched_patient_doubling,cells_per_patient,1600,8,1600,16,1600,20,0.011331271815364663,0.0036200296245631754,0.00674866179233726,0.018364435108887515,1.0,0.009998198054190752,0.014391312807226624
logistic_regression,coarse,macro_f1,matched_patient_doubling,cells_per_patient,1600,16,1600,32,1600,20,0.007252154747733436,0.004026111770927504,0.0016584987828492993,0.014902377803288989,1.0,0.005675624310310467,0.00932897098781395
logistic_regression,coarse,patient_balanced_macro_f1,matched_patient_doubling,cells_per_patient,1600,16,1600,32,1600,20,0.006762304140823272,0.004026873647411603,0.0020607348917502212,0.016156494766729684,1.0,0.005369303228930538,0.008738220124998699
logistic_regression,coarse,mean_patient_macro_f1,matched_patient_doubling,cells_per_patient,1600,16,1600,32,1600,20,0.007711941145173812,0.0033531965345819444,0.0027921938717678733,0.01449223461612103,1.0,0.007117764166199294,0.01159922227523266
logistic_regression,coarse,macro_f1,matched_cell_doubling,patient_budget,8,8,100,8,200,20,0.01237487240548144,0.008980766895208183,-0.001402808155786217,0.029717195035182425,0.9,0.009949660558340827,0.014156257093088695
logistic_regression,coarse,patient_balanced_macro_f1,matched_cell_doubling,patient_budget,8,8,100,8,200,20,0.013394210341669571,0.009106068390347753,-9.501981092885912e-05,0.030790592303470612,0.95,0.011131470968757055,0.015145607514937424
logistic_regression,coarse,mean_patient_macro_f1,matched_cell_doubling,patient_budget,8,8,100,8,200,20,0.01767006957605417,0.012734407372971249,-0.0026805184254877074,0.04394277243516575,0.85,0.00886781960762872,0.01293513743599986
logistic_regression,coarse,macro_f1,matched_cell_doubling,patient_budget,8,8,200,8,400,20,0.0015707441432833923,0.004646597483990828,-0.005976152346860814,0.009295700786693645,0.55,-0.00010162839543401969,0.0030707113530413256
logistic_regression,coarse,patient_balanced_macro_f1,matched_cell_doubling,patient_budget,8,8,200,8,400,20,0.0024312006750629002,0.004497045335572485,-0.004084912475969857,0.00953448853819474,0.65,0.0005816346646259546,0.004024217027661372
logistic_regression,coarse,mean_patient_macro_f1,matched_cell_doubling,patient_budget,8,8,200,8,400,20,0.00026784777133084803,0.004986970127509206,-0.0051217104414005375,0.00959001821089993,0.45,-0.0019363235877365853,0.0008460401334953765
logistic_regression,coarse,macro_f1,matched_cell_doubling,patient_budget,8,8,400,8,800,20,-0.0028874837746809155,0.0054192864739048335,-0.014147642638676298,0.0052136710899441255,0.3,-0.005594683191630359,-0.0010963491583291104
logistic_regression,coarse,patient_balanced_macro_f1,matched_cell_doubling,patient_budget,8,8,400,8,800,20,-0.002450002946717689,0.005002346161611071,-0.013256432764858722,0.003363772793214796,0.35,-0.004562975064093952,-0.0008201037046629339
logistic_regression,coarse,mean_patient_macro_f1,matched_cell_doubling,patient_budget,8,8,400,8,800,20,-0.0026669134467752877,0.004679310775046186,-0.009471978017865442,0.007796520566560959,0.15,-0.005605877605726397,-0.002064990541810157
logistic_regression,coarse,macro_f1,matched_cell_doubling,patient_budget,8,8,800,8,1600,20,-0.0013056685826758284,0.0057209204497208855,-0.01290912956849331,0.009578408098075685,0.35,-0.003496042627769547,0.0008374843470297542
logistic_regression,coarse,patient_balanced_macro_f1,matched_cell_doubling,patient_budget,8,8,800,8,1600,20,-0.0014958818821817876,0.005503503788194281,-0.012940732532750587,0.007521803780726053,0.4,-0.003115834265545081,0.00011980161466514075
logistic_regression,coarse,mean_patient_macro_f1,matched_cell_doubling,patient_budget,8,8,800,8,1600,20,-0.001393291805708724,0.003626842777337175,-0.009306714359883079,0.0034402345831366777,0.4,-0.003946666326905374,-0.0006280750494781331
logistic_regression,coarse,macro_f1,matched_cell_doubling,patient_budget,16,16,100,16,200,20,0.00010647373635589985,0.0023854050701936904,-0.003450332321065125,0.005305367177526786,0.55,-0.0014584060456931307,0.001494324927017473
logistic_regression,coarse,patient_balanced_macro_f1,matched_cell_doubling,patient_budget,16,16,100,16,200,20,0.0013266451130261813,0.0028845391160102246,-0.0019396701864775796,0.007594472894176025,0.6,-0.0002603564594982149,0.002458782702432205
logistic_regression,coarse,mean_patient_macro_f1,matched_cell_doubling,patient_budget,16,16,100,16,200,20,-0.0004209320894630941,0.003418329124495203,-0.00567490138353037,0.007057546234786425,0.4,-0.0023009200864254177,0.00019598769317486357
logistic_regression,coarse,macro_f1,matched_cell_doubling,patient_budget,16,16,200,16,400,20,-0.0002037466010342659,0.003309351696059287,-0.0036168292485234095,0.008006037318029884,0.4,-0.0013655157208008694,0.000821346358365876
logistic_regression,coarse,patient_balanced_macro_f1,matched_cell_doubling,patient_budget,16,16,200,16,400,20,0.000181562389186124,0.0036980223777325744,-0.003723535981067122,0.009159347880241354,0.35,-0.0009675156244671162,0.0010677901009751077
logistic_regression,coarse,mean_patient_macro_f1,matched_cell_doubling,patient_budget,16,16,200,16,400,20,-0.0010927608207109973,0.0037593995264464967,-0.006103773030231604,0.0066702093083188824,0.3,-0.002483774124058391,-0.00034821810299141576
logistic_regression,coarse,macro_f1,matched_cell_doubling,patient_budget,16,16,400,16,800,20,0.0011197670803688663,0.0029649171637380276,-0.0058408087823672876,0.004697958385477421,0.7,-0.00029131423412176726,0.002279638325615639
logistic_regression,coarse,patient_balanced_macro_f1,matched_cell_doubling,patient_budget,16,16,400,16,800,20,0.0005438604782633805,0.0036192554215355435,-0.007838985338919673,0.0044030101612838515,0.65,-0.0010253288869813497,0.0019159493748129965
logistic_regression,coarse,mean_patient_macro_f1,matched_cell_doubling,patient_budget,16,16,400,16,800,20,0.0014365015265670078,0.002541471140396446,-0.0029149638293774565,0.005211352195020579,0.7,-0.00037124089423332395,0.0020102727558435674
logistic_regression,coarse,macro_f1,matched_cell_doubling,patient_budget,16,16,800,16,1600,20,0.002285498447965917,0.0039056683922593944,-0.003753214020315221,0.009965027829920517,0.75,0.0007843928360874719,0.003516261978906876
logistic_regression,coarse,patient_balanced_macro_f1,matched_cell_doubling,patient_budget,16,16,800,16,1600,20,0.002205146936424507,0.003237807405064265,-0.002991220402772163,0.008757654565154638,0.75,0.0010969551752115282,0.0031838680248975704
logistic_regression,coarse,mean_patient_macro_f1,matched_cell_doubling,patient_budget,16,16,800,16,1600,20,0.002897096300282981,0.0032046473684508017,-0.0026132930406792126,0.008151996762133023,0.8,0.0011888234799580899,0.0033035328196089515
logistic_regression,coarse,macro_f1,matched_cell_doubling,patient_budget,32,32,100,32,200,20,-5.7438114114494175e-05,0.002728990463431096,-0.003857464550827974,0.005392379350321965,0.45,-0.0011175124380650853,0.0009763156731308755
logistic_regression,coarse,patient_balanced_macro_f1,matched_cell_doubling,patient_budget,32,32,100,32,200,20,0.00031551313298414096,0.002687132038394145,-0.003498460328525388,0.005527039765976254,0.55,-0.0008701222552226801,0.0013948276577829609
logistic_regression,coarse,mean_patient_macro_f1,matched_cell_doubling,patient_budget,32,32,100,32,200,20,-0.0009553803167658137,0.002627856873045403,-0.004313228444733186,0.0049320939067490355,0.35,-0.0021252597368523196,-0.0001404974938920419
logistic_regression,coarse,macro_f1,matched_cell_doubling,patient_budget,32,32,200,32,400,20,0.0024131845674623007,0.0023813309836582374,-0.0017687231652930401,0.005579490270293325,0.8,0.0016269369343701796,0.0031829911510363068
logistic_regression,coarse,patient_balanced_macro_f1,matched_cell_doubling,patient_budget,32,32,200,32,400,20,0.002416860009265115,0.002213501488551992,-0.0014789119831917774,0.004978298753618656,0.8,0.0016597280346915878,0.0032090262616447864
logistic_regression,coarse,mean_patient_macro_f1,matched_cell_doubling,patient_budget,32,32,200,32,400,20,0.0027206745549865465,0.0028236357665815726,-0.0027026691681390795,0.006679304889607082,0.8,0.0018436060427176437,0.003610758074321585
logistic_regression,coarse,macro_f1,matched_cell_doubling,patient_budget,32,32,400,32,800,20,0.0031470794238599607,0.0019614558627269224,0.00043066536055146043,0.006639288402256908,1.0,0.0023758003894345458,0.003965448706432722
logistic_regression,coarse,patient_balanced_macro_f1,matched_cell_doubling,patient_budget,32,32,400,32,800,20,0.0027310073099304556,0.0017225744833966308,0.0003359974333215082,0.0059222801254554215,1.0,0.0020733722231006833,0.0034985323179591017
logistic_regression,coarse,mean_patient_macro_f1,matched_cell_doubling,patient_budget,32,32,400,32,800,20,0.003749606265046146,0.0023363633142550987,-0.00013157618851758756,0.007366415844740582,0.95,0.002654245355530524,0.0046851727051799704
logistic_regression,coarse,macro_f1,matched_cell_doubling,patient_budget,32,32,800,32,1600,20,0.0016577030598440346,0.0011413817695550422,-0.00023059396910214968,0.003715765471116554,0.9,0.0010343798281020528,0.0023150399876363937
logistic_regression,coarse,patient_balanced_macro_f1,matched_cell_doubling,patient_budget,32,32,800,32,1600,20,0.001418863773285306,0.0010274883491150437,-0.00022607852623540147,0.003216648772469166,0.9,0.0006810185891234444,0.002194803364405911
logistic_regression,coarse,mean_patient_macro_f1,matched_cell_doubling,patient_budget,32,32,800,32,1600,20,0.0024579493423075526,0.0017111502458292134,-0.00025334017789291894,0.004874215626230647,0.95,0.001774927261220749,0.0034754429533288044
logistic_regression,fine,macro_f1,fixed_total_patient_doubling,total_training_cells,3200,8,400,16,200,20,0.008175853610594397,0.010040138904376099,-0.010936902252458492,0.01913809670846362,0.75,0.005628815091017319,0.010139605382910807
logistic_regression,fine,patient_balanced_macro_f1,fixed_total_patient_doubling,total_training_cells,3200,8,400,16,200,20,0.00810907003662415,0.010756763522172674,-0.013531852064639258,0.02006436234331553,0.8,0.005709065989938492,0.01004815061356216
logistic_regression,fine,mean_patient_macro_f1,fixed_total_patient_doubling,total_training_cells,3200,8,400,16,200,20,0.006040268492324441,0.005365648190175697,-0.002681482749635422,0.015779581552436278,0.9,0.004782132052407778,0.00654613658695185
logistic_regression,fine,macro_f1,fixed_total_patient_doubling,total_training_cells,3200,16,200,32,100,20,0.004759833959027593,0.008095740912921812,-0.008500375532544069,0.016886360226610327,0.65,0.002841383016860857,0.005666897409389183
logistic_regression,fine,patient_balanced_macro_f1,fixed_total_patient_doubling,total_training_cells,3200,16,200,32,100,20,0.00477712646894955,0.008000057370833353,-0.008750680490485677,0.0190105040117403,0.7,0.0030818845165835247,0.00570696085375196
logistic_regression,fine,mean_patient_macro_f1,fixed_total_patient_doubling,total_training_cells,3200,16,200,32,100,20,0.004760891073678206,0.00427669758002718,-0.002131068230058877,0.0113174854941258,0.8,0.0032329383484151013,0.00487955839581339
logistic_regression,fine,macro_f1,fixed_total_patient_8_to_32,total_training_cells,3200,8,400,32,100,20,0.01293568756962199,0.012691678593266415,-0.0090636575109272,0.03343351175091174,0.85,0.01045298122646594,0.013990382454971825
logistic_regression,fine,patient_balanced_macro_f1,fixed_total_patient_8_to_32,total_training_cells,3200,8,400,32,100,20,0.0128861965055737,0.0132138939118816,-0.010956951723166136,0.03301914144212252,0.85,0.010479851491309585,0.014033377629232355
logistic_regression,fine,mean_patient_macro_f1,fixed_total_patient_8_to_32,total_training_cells,3200,8,400,32,100,20,0.010801159566002647,0.006415793833100593,0.0007261184896681151,0.022879787009355817,1.0,0.008578520377181983,0.010790860489970307
logistic_regression,fine,macro_f1,fixed_total_patient_doubling,total_training_cells,6400,8,800,16,400,20,0.006390397723113511,0.00853491672533215,-0.005198839581144463,0.02050692975688849,0.7,0.0050049600536155505,0.007934245387504207
logistic_regression,fine,patient_balanced_macro_f1,fixed_total_patient_doubling,total_training_cells,6400,8,800,16,400,20,0.006434425507977809,0.008584484366739533,-0.006216850012294186,0.020914578306055646,0.7,0.004822383764291055,0.008358877405228747
logistic_regression,fine,mean_patient_macro_f1,fixed_total_patient_doubling,total_training_cells,6400,8,800,16,400,20,0.0054957376391508,0.004289576351333567,-0.0014516068770431682,0.01351557363086277,0.95,0.004512737969749167,0.0064988111669547505
logistic_regression,fine,macro_f1,fixed_total_patient_doubling,total_training_cells,6400,16,400,32,200,20,0.004842289029588021,0.008711610156999281,-0.008937828238123075,0.020089179598932066,0.7,0.0035778653015335086,0.00612659005809531
logistic_regression,fine,patient_balanced_macro_f1,fixed_total_patient_doubling,total_training_cells,6400,16,400,32,200,20,0.0048537823426130335,0.009720665230154042,-0.011720062842502581,0.022843063425783426,0.65,0.0032611598640004237,0.006452389977141343
logistic_regression,fine,mean_patient_macro_f1,fixed_total_patient_doubling,total_training_cells,6400,16,400,32,200,20,0.003528356915586456,0.004442223146163728,-0.002648490492361122,0.00937542751580152,0.7,0.002446650105145304,0.0040799459238735165
logistic_regression,fine,macro_f1,fixed_total_patient_8_to_32,total_training_cells,6400,8,800,32,200,20,0.011232686752701532,0.012529016578136981,-0.010655807148388818,0.03191801122780365,0.8,0.009853326925959808,0.012915131063112364
logistic_regression,fine,patient_balanced_macro_f1,fixed_total_patient_8_to_32,total_training_cells,6400,8,800,32,200,20,0.011288207850590842,0.013283749093942627,-0.012162757520123912,0.03225620181256448,0.8,0.009813015937289865,0.013286648737729048
logistic_regression,fine,mean_patient_macro_f1,fixed_total_patient_8_to_32,total_training_cells,6400,8,800,32,200,20,0.009024094554737256,0.006112761114312236,-0.0010754502774362102,0.017810368520124065,0.9,0.007634234791613756,0.009859238895769817
logistic_regression,fine,macro_f1,fixed_total_patient_doubling,total_training_cells,12800,8,1600,16,800,20,0.0066221255609755,0.009996767640468605,-0.012384785495159131,0.02191725353956785,0.75,0.005775927646660695,0.00820985748902925
logistic_regression,fine,patient_balanced_macro_f1,fixed_total_patient_doubling,total_training_cells,12800,8,1600,16,800,20,0.006960136894134478,0.0101628549355232,-0.013218252667592292,0.022727774061138278,0.8,0.00603303842500468,0.008710637935429155
logistic_regression,fine,mean_patient_macro_f1,fixed_total_patient_doubling,total_training_cells,12800,8,1600,16,800,20,0.004636090082535899,0.005169569302026383,-0.00428583702642491,0.013173386039650055,0.85,0.004051844182065311,0.0059900804540390495
logistic_regression,fine,macro_f1,fixed_total_patient_doubling,total_training_cells,12800,16,800,32,400,20,0.0038856865685584995,0.00658528022885271,-0.004080643733856554,0.016694390179509293,0.6,0.0024869638923251114,0.005457105318655091
logistic_regression,fine,patient_balanced_macro_f1,fixed_total_patient_doubling,total_training_cells,12800,16,800,32,400,20,0.0036078116810040806,0.00731846992923926,-0.003926281830051131,0.018377858789364605,0.5,0.002125819959607711,0.005057665958372725
logistic_regression,fine,mean_patient_macro_f1,fixed_total_patient_doubling,total_training_cells,12800,16,800,32,400,20,0.0037926959458661424,0.004280640266604223,-0.0015924126750222311,0.01209691715854215,0.85,0.002602214486719154,0.004529212555938949
logistic_regression,fine,macro_f1,fixed_total_patient_8_to_32,total_training_cells,12800,8,1600,32,400,20,0.010507812129534,0.010429033423684127,-0.0038046154070447646,0.0308805324954155,0.9,0.00918209923897692,0.012704997834480128
logistic_regression,fine,patient_balanced_macro_f1,fixed_total_patient_8_to_32,total_training_cells,12800,8,1600,32,400,20,0.010567948575138559,0.010783984095339125,-0.005200118417938995,0.03162608732320158,0.85,0.00918596227230288,0.012734403556402362
logistic_regression,fine,mean_patient_macro_f1,fixed_total_patient_8_to_32,total_training_cells,12800,8,1600,32,400,20,0.008428786028402042,0.0051552240975073485,0.000634156496557034,0.01740243556952644,1.0,0.007298081730175127,0.009999434324291049
logistic_regression,fine,macro_f1,matched_patient_doubling,cells_per_patient,100,8,100,16,100,20,0.05583458408630326,0.008208128305335507,0.04199322586472033,0.06668999347822853,1.0,0.051554816159072654,0.056922630700281626
logistic_regression,fine,patient_balanced_macro_f1,matched_patient_doubling,cells_per_patient,100,8,100,16,100,20,0.05646892620213908,0.008230107805709238,0.04299424818355175,0.06841240711312972,1.0,0.05243765811386916,0.05729664972267446
logistic_regression,fine,mean_patient_macro_f1,matched_patient_doubling,cells_per_patient,100,8,100,16,100,20,0.05246235993152644,0.007295939611918753,0.040945932064363144,0.06260592620187563,1.0,0.043500763462195856,0.046415934438694
logistic_regression,fine,macro_f1,matched_patient_doubling,cells_per_patient,100,16,100,32,100,20,0.03403366048887761,0.007731501343587577,0.025029920363780662,0.04836233564784895,1.0,0.031024733202122748,0.03378939832383519
logistic_regression,fine,patient_balanced_macro_f1,matched_patient_doubling,cells_per_patient,100,16,100,32,100,20,0.034424125778912275,0.008204714226905009,0.023319482035689208,0.049896354721707184,1.0,0.0316201401223835,0.0342522608026881
logistic_regression,fine,mean_patient_macro_f1,matched_patient_doubling,cells_per_patient,100,16,100,32,100,20,0.02977240818417066,0.004468833447825943,0.021966982355364633,0.037596289520326724,1.0,0.025397196673719147,0.027301464385938674
logistic_regression,fine,macro_f1,matched_patient_doubling,cells_per_patient,200,8,200,16,200,20,0.039433803910475684,0.009896299869244224,0.024518674125685338,0.0534788161605641,1.0,0.03519844473536656,0.04043739842388541
logistic_regression,fine,patient_balanced_macro_f1,matched_patient_doubling,cells_per_patient,200,8,200,16,200,20,0.0398723692780729,0.010146984936933277,0.0239757205704714,0.054360924129753484,1.0,0.0361872158096107,0.040530914333353714
logistic_regression,fine,mean_patient_macro_f1,matched_patient_doubling,cells_per_patient,200,8,200,16,200,20,0.03357613576647815,0.005405017574872788,0.026251640064354813,0.04260176691967318,1.0,0.02842813826465103,0.031008128705154517
logistic_regression,fine,macro_f1,matched_patient_doubling,cells_per_patient,200,16,200,32,200,20,0.024692181714009533,0.005968044944602544,0.013318591456838332,0.03469231269655613,1.0,0.02231121531926899,0.02553438046150393
logistic_regression,fine,patient_balanced_macro_f1,matched_patient_doubling,cells_per_patient,200,16,200,32,200,20,0.024867569689667125,0.006432554397236528,0.013531698469854993,0.03545538905396643,1.0,0.022277040105314724,0.02600548760908753
logistic_regression,fine,mean_patient_macro_f1,matched_patient_doubling,cells_per_patient,200,16,200,32,200,20,0.020273233345475546,0.003229782498342975,0.014317992179842151,0.025024466341712827,1.0,0.017053497521060296,0.018853241450705042
logistic_regression,fine,macro_f1,matched_patient_doubling,cells_per_patient,400,8,400,16,400,20,0.028025746295015908,0.007053406681256753,0.015616018753504286,0.039029150225315265,1.0,0.024861123087331707,0.028709996804018846
logistic_regression,fine,patient_balanced_macro_f1,matched_patient_doubling,cells_per_patient,400,8,400,16,400,20,0.02812285738367824,0.007093085398108133,0.01583740539839256,0.03914981240367304,1.0,0.025287983469129787,0.02871234162153975
logistic_regression,fine,mean_patient_macro_f1,matched_patient_doubling,cells_per_patient,400,8,400,16,400,20,0.02278514492221353,0.004372930451235066,0.01571083377429581,0.03186114608511268,1.0,0.019137331437511028,0.02141015196195229
logistic_regression,fine,macro_f1,matched_patient_doubling,cells_per_patient,400,16,400,32,400,20,0.020489341403248207,0.0062340951699961745,0.009113607357455918,0.030393193486257374,1.0,0.01832242025179036,0.021574459482960016
logistic_regression,fine,patient_balanced_macro_f1,matched_patient_doubling,cells_per_patient,400,16,400,32,400,20,0.020563190732435822,0.006738793974140215,0.0092479856950164,0.03248697162882535,1.0,0.018447348296243594,0.021579094244816077
logistic_regression,fine,mean_patient_macro_f1,matched_patient_doubling,cells_per_patient,400,16,400,32,400,20,0.016181586297230495,0.0035559024733019034,0.010157911149908452,0.021809203171202562,1.0,0.013229559273472214,0.015806601456224922
logistic_regression,fine,macro_f1,matched_patient_doubling,cells_per_patient,800,8,800,16,800,20,0.022994052557803218,0.008002737143670727,0.0127251632814391,0.038304807751106305,1.0,0.020815074772099477,0.024126251386893612
logistic_regression,fine,patient_balanced_macro_f1,matched_patient_doubling,cells_per_patient,800,8,800,16,800,20,0.02338980455940955,0.007895428085424924,0.013517937597608994,0.038877160208091316,1.0,0.021054241080861662,0.024920387471705614
logistic_regression,fine,mean_patient_macro_f1,matched_patient_doubling,cells_per_patient,800,8,800,16,800,20,0.01788462799051515,0.004349308660640405,0.010949904065260477,0.025957995467337968,1.0,0.01524558351221637,0.017521603909598407
logistic_regression,fine,macro_f1,matched_patient_doubling,cells_per_patient,800,16,800,32,800,20,0.022693284121719382,0.007267618135847465,0.012125262611110674,0.03773753340676882,1.0,0.02058778054792902,0.023343898782273845
logistic_regression,fine,patient_balanced_macro_f1,matched_patient_doubling,cells_per_patient,800,16,800,32,800,20,0.023142515389539115,0.008367632619278101,0.010855795576227446,0.04109145034787229,1.0,0.020954229031047104,0.024018010543652272
logistic_regression,fine,mean_patient_macro_f1,matched_patient_doubling,cells_per_patient,800,16,800,32,800,20,0.01933885354747179,0.004015435491412665,0.014682384181490099,0.026805843438783155,1.0,0.01656025350917478,0.018996256094991105
logistic_regression,fine,macro_f1,matched_patient_doubling,cells_per_patient,1600,8,1600,16,1600,20,0.023083544388280725,0.006859275663064858,0.01408998069124553,0.03576682988802387,1.0,0.021007750911376723,0.024288174596208748
logistic_regression,fine,patient_balanced_macro_f1,matched_patient_doubling,cells_per_patient,1600,8,1600,16,1600,20,0.023777678409599257,0.006828148356872196,0.015838305302503304,0.03708010884176493,1.0,0.02161381846952953,0.025262584451460617
logistic_regression,fine,mean_patient_macro_f1,matched_patient_doubling,cells_per_patient,1600,8,1600,16,1600,20,0.020051595075533925,0.0038176491092017798,0.013723275952022065,0.025855516385978817,1.0,0.017509023113565107,0.01988610871671107
logistic_regression,fine,macro_f1,matched_patient_doubling,cells_per_patient,1600,16,1600,32,1600,20,0.03005826342894269,0.005965287760178653,0.02255671689316,0.04278406684212659,1.0,0.027480570081358603,0.031521030612399435
logistic_regression,fine,patient_balanced_macro_f1,matched_patient_doubling,cells_per_patient,1600,16,1600,32,1600,20,0.03063934226862434,0.005997853944612771,0.023460910112216803,0.04334510518433946,1.0,0.028287666578270466,0.03218954344046799
logistic_regression,fine,mean_patient_macro_f1,matched_patient_doubling,cells_per_patient,1600,16,1600,32,1600,20,0.028071996363082486,0.003505276900002736,0.024050265035214118,0.03561289270271776,1.0,0.02589181082107062,0.028186542202035352
logistic_regression,fine,macro_f1,matched_cell_doubling,patient_budget,8,8,100,8,200,20,0.0456746067056776,0.007904743533766636,0.032210149956318955,0.05830923404432591,1.0,0.04250868599951197,0.046598304895044615
logistic_regression,fine,patient_balanced_macro_f1,matched_cell_doubling,patient_budget,8,8,100,8,200,20,0.0462435562340289,0.007950339100944209,0.03208022110060565,0.058259049390329685,1.0,0.04310764573653259,0.046933833078653835
logistic_regression,fine,mean_patient_macro_f1,matched_cell_doubling,patient_budget,8,8,100,8,200,20,0.04389774127554073,0.006918678034744568,0.0301067867348976,0.053804547777763854,1.0,0.0361827905907672,0.03879874451594338
logistic_regression,fine,macro_f1,matched_cell_doubling,patient_budget,8,8,200,8,400,20,0.031257950299881286,0.0067402101347234875,0.022336454172607923,0.04491578070383078,1.0,0.028154956575898234,0.03176159753720498
logistic_regression,fine,patient_balanced_macro_f1,matched_cell_doubling,patient_budget,8,8,200,8,400,20,0.03176329924144875,0.007232297027821235,0.022913652009189503,0.046774918484637114,1.0,0.028624054335220216,0.032288969171829815
logistic_regression,fine,mean_patient_macro_f1,matched_cell_doubling,patient_budget,8,8,200,8,400,20,0.027535867274153712,0.0029149999660082323,0.021409586926359976,0.031563088854002275,1.0,0.023022063706922242,0.02524945107131636
logistic_regression,fine,macro_f1,matched_cell_doubling,patient_budget,8,8,400,8,800,20,0.021635348571902396,0.006470862942323467,0.010488500303118495,0.03401611784075109,1.0,0.018554018510220573,0.02206573728083399
logistic_regression,fine,patient_balanced_macro_f1,matched_cell_doubling,patient_budget,8,8,400,8,800,20,0.02168843187570043,0.006381498357834175,0.010320321406750921,0.0337361607726542,1.0,0.018593003525062823,0.022118734704020114
logistic_regression,fine,mean_patient_macro_f1,matched_cell_doubling,patient_budget,8,8,400,8,800,20,0.017289407283062733,0.0035290019675143372,0.011803971821852213,0.022426314991103334,1.0,0.013586494893011647,0.016145930936018467
logistic_regression,fine,macro_f1,matched_cell_doubling,patient_budget,8,8,800,8,1600,20,0.01637192699682772,0.006264255402796736,0.006708792917505563,0.028110603009415435,1.0,0.013727925158309631,0.017240955735402266
logistic_regression,fine,patient_balanced_macro_f1,matched_cell_doubling,patient_budget,8,8,800,8,1600,20,0.016429667665275073,0.006060907944317861,0.007866616799983711,0.027452428371699374,1.0,0.013913003868000701,0.01733854264140159
logistic_regression,fine,mean_patient_macro_f1,matched_cell_doubling,patient_budget,8,8,800,8,1600,20,0.013248537907979252,0.003332441476251101,0.008717286736207867,0.020423397935822853,1.0,0.009999346130121167,0.012615188419809539
logistic_regression,fine,macro_f1,matched_cell_doubling,patient_budget,16,16,100,16,200,20,0.02927382652985002,0.008342080664619179,0.01794087468807202,0.045598463585690335,1.0,0.026582417253408194,0.029698019188190594
logistic_regression,fine,patient_balanced_macro_f1,matched_cell_doubling,patient_budget,16,16,100,16,200,20,0.029646999309962722,0.008918409300698739,0.01828029303244683,0.04765434162888154,1.0,0.02711334239655757,0.02995886832906993
logistic_regression,fine,mean_patient_macro_f1,matched_cell_doubling,patient_budget,16,16,100,16,200,20,0.02501151711049245,0.003896420569336208,0.01926419827714792,0.032085489636286345,1.0,0.021206621111350268,0.0233124746557138
logistic_regression,fine,macro_f1,matched_cell_doubling,patient_budget,16,16,200,16,400,20,0.01984989268442151,0.006433466732688595,0.011573784831640621,0.0320917742677509,1.0,0.017422213279639918,0.02051225583855294
logistic_regression,fine,patient_balanced_macro_f1,matched_cell_doubling,patient_budget,16,16,200,16,400,20,0.020013787347054092,0.007270133067999267,0.009804971222184832,0.03367522809870462,1.0,0.01750119828742931,0.02089503280202534
logistic_regression,fine,mean_patient_macro_f1,matched_cell_doubling,patient_budget,16,16,200,16,400,20,0.016744876429889092,0.0034885635388742418,0.010972236210572453,0.023304835548838398,1.0,0.013735331853571332,0.015658514141203096
logistic_regression,fine,macro_f1,matched_cell_doubling,patient_budget,16,16,400,16,800,20,0.01660365483468971,0.005092733391388178,0.008160643202979167,0.024417410638054464,1.0,0.01418654285531773,0.017575898483457857
logistic_regression,fine,patient_balanced_macro_f1,matched_cell_doubling,patient_budget,16,16,400,16,800,20,0.01695537905143174,0.005414977310673621,0.008210331174482149,0.026541377898465866,1.0,0.014666275016224247,0.01804983272679719
logistic_regression,fine,mean_patient_macro_f1,matched_cell_doubling,patient_budget,16,16,400,16,800,20,0.01238889035136435,0.0037623898165756314,0.006535902695098727,0.019556518573286046,1.0,0.009711675304406489,0.01213647907578964
logistic_regression,fine,macro_f1,matched_cell_doubling,patient_budget,16,16,800,16,1600,20,0.016461418827305223,0.0066277347131627265,0.006879811216468193,0.027248960138834148,1.0,0.013867086068793283,0.017444312238775087
logistic_regression,fine,patient_balanced_macro_f1,matched_cell_doubling,patient_budget,16,16,800,16,1600,20,0.01681754151546478,0.007258216679504126,0.007584956512960895,0.03036502336204807,1.0,0.01429449953035258,0.017911992822600403
logistic_regression,fine,mean_patient_macro_f1,matched_cell_doubling,patient_budget,16,16,800,16,1600,20,0.015415504992998024,0.003161020064753036,0.00937535732456044,0.02060745993121797,1.0,0.012346976109944587,0.014906295978884007
logistic_regression,fine,macro_f1,matched_cell_doubling,patient_budget,32,32,100,32,200,20,0.019932347754981938,0.006486120600677677,0.008699319540295467,0.03131479312719562,1.0,0.018170185399153035,0.021024863241760214
logistic_regression,fine,patient_balanced_macro_f1,matched_cell_doubling,patient_budget,32,32,100,32,200,20,0.020090443220717576,0.006893631434621549,0.008357493202876608,0.031937922357541594,1.0,0.01810455626763139,0.021397591979079644
logistic_regression,fine,mean_patient_macro_f1,matched_cell_doubling,patient_budget,32,32,100,32,200,20,0.015512342271797342,0.0027966187794625707,0.010693324774805757,0.020688600069273217,1.0,0.01283914309676873,0.014938708200331269
logistic_regression,fine,macro_f1,matched_cell_doubling,patient_budget,32,32,200,32,400,20,0.015647052373660188,0.005308407636334996,0.008692522098023844,0.025640508231398074,1.0,0.013338632748442858,0.01688254073206682
logistic_regression,fine,patient_balanced_macro_f1,matched_cell_doubling,patient_budget,32,32,200,32,400,20,0.015709408389822786,0.006042133446549123,0.007957361741859422,0.02822311358985613,1.0,0.013415129393346404,0.01690394563020717
logistic_regression,fine,mean_patient_macro_f1,matched_cell_doubling,patient_budget,32,32,200,32,400,20,0.012653229381644038,0.002727672818513,0.008547140517351493,0.017703311065104532,1.0,0.0099976594444515,0.012474402301929652
logistic_regression,fine,macro_f1,matched_cell_doubling,patient_budget,32,32,400,32,800,20,0.01880759755316088,0.004543081656334518,0.011827881458703195,0.02665160394392162,1.0,0.016253329253500568,0.019819626315867804
logistic_regression,fine,patient_balanced_macro_f1,matched_cell_doubling,patient_budget,32,32,400,32,800,20,0.019534703708535033,0.005125685407728598,0.011023775537781591,0.027389610114472177,1.0,0.01693895014597428,0.020797947300647365
logistic_regression,fine,mean_patient_macro_f1,matched_cell_doubling,patient_budget,32,32,400,32,800,20,0.015546157601605649,0.0020411735474250674,0.011927246999522745,0.01919421715910764,1.0,0.01322413577268591,0.015245554287217949
logistic_regression,fine,macro_f1,matched_cell_doubling,patient_budget,32,32,800,32,1600,20,0.023826398134528533,0.0035255165725277355,0.017916750316297407,0.030077376740237652,1.0,0.020727280614490702,0.025593614566769906
logistic_regression,fine,patient_balanced_macro_f1,matched_cell_doubling,patient_budget,32,32,800,32,1600,20,0.024314368394550007,0.003801690614883299,0.018151458778972576,0.03068561635330255,1.0,0.021500338870527554,0.025814804267777953
logistic_regression,fine,mean_patient_macro_f1,matched_cell_doubling,patient_budget,32,32,800,32,1600,20,0.02414864780860872,0.0021327029338922754,0.020002519530358493,0.027830938307244972,1.0,0.02179975300793641,0.02382572616790904
