patient_budget,cell_cap,model,task,n_unique_resampling_seeds,interval_kind,macro_f1_mean,macro_f1_std,macro_f1_median,macro_f1_min,macro_f1_max,macro_f1_q025,macro_f1_q975,accuracy_mean,accuracy_std,accuracy_median,accuracy_min,accuracy_max,accuracy_q025,accuracy_q975,balanced_accuracy_mean,balanced_accuracy_std,balanced_accuracy_median,balanced_accuracy_min,balanced_accuracy_max,balanced_accuracy_q025,balanced_accuracy_q975,patient_balanced_macro_f1_mean,patient_balanced_macro_f1_std,patient_balanced_macro_f1_median,patient_balanced_macro_f1_min,patient_balanced_macro_f1_max,patient_balanced_macro_f1_q025,patient_balanced_macro_f1_q975,mean_patient_macro_f1_mean,mean_patient_macro_f1_std,mean_patient_macro_f1_median,mean_patient_macro_f1_min,mean_patient_macro_f1_max,mean_patient_macro_f1_q025,mean_patient_macro_f1_q975,exact_path_accuracy_mean,exact_path_accuracy_std,exact_path_accuracy_median,exact_path_accuracy_min,exact_path_accuracy_max,exact_path_accuracy_q025,exact_path_accuracy_q975,root_excluded_hierarchical_f1_mean,root_excluded_hierarchical_f1_std,root_excluded_hierarchical_f1_median,root_excluded_hierarchical_f1_min,root_excluded_hierarchical_f1_max,root_excluded_hierarchical_f1_q025,root_excluded_hierarchical_f1_q975,subtype_tree_distance_mean,subtype_tree_distance_std,subtype_tree_distance_median,subtype_tree_distance_min,subtype_tree_distance_max,subtype_tree_distance_q025,subtype_tree_distance_q975
8,100,logistic_regression,coarse,20,empirical_seed_interval,0.25458824593887586,0.0051753287988840005,0.25432800066217587,0.2460879404995981,0.26659998416520864,0.24694418102516708,0.2651917983016367,0.3607520343180612,0.00976220482002514,0.36050824783300905,0.34642280647443835,0.375304042101539,0.3465751039271183,0.3748825982885194,0.26213334691410906,0.004253610670357521,0.26142461933608585,0.25690874948836756,0.27149819364655114,0.2573625591616848,0.2706250258412102,0.25240516811556407,0.004977503234074032,0.25241971180409506,0.24352180493483563,0.2640678046702372,0.24468055091256738,0.2613270253618276,0.2304858705618143,0.004407966657901423,0.2303366679088148,0.22195195633814513,0.24030434196998174,0.22324933082821594,0.2380656681964977,0.1260558552980718,0.004835925454568723,0.12607658544135858,0.11507164337519901,0.13293826286927296,0.11586595336546966,0.13280565905271538,0.2738089150672209,0.006858242022934387,0.27298972890500617,0.26199998894392357,0.2840831195825226,0.26218510912347426,0.28374570195029186,2.8746357022819744,0.027448629054891253,2.8757407571201132,2.819830178666195,2.934011807889616,2.8271194498496373,2.9215680556784007
8,100,logistic_regression,fine,20,empirical_seed_interval,0.07375952051265441,0.003651792746787044,0.07415120429311647,0.06694942925918795,0.08160507944081294,0.067752364567976,0.08067856526238532,0.1868657958163807,0.006529775124627895,0.18694857818857244,0.1726433973111622,0.19994361401026003,0.17495936891915798,0.19722457931629223,0.07504775251671476,0.0032754439226758483,0.07554408666728286,0.06937783035329181,0.08178062885704585,0.06992504770377662,0.08112794542824268,0.07148066054600946,0.003813106138055654,0.07152861245440462,0.06579133626332324,0.08127887725172442,0.06580697092290025,0.07976014351860462,0.04261999839226055,0.0011363925904861996,0.04261794344236651,0.04087071774032205,0.046028424637637524,0.04093719142458083,0.045080457721492856,0.1260558552980718,0.004835925454568723,0.12607658544135858,0.11507164337519901,0.13293826286927296,0.11586595336546966,0.13280565905271538,0.2738089150672209,0.006858242022934387,0.27298972890500617,0.26199998894392357,0.2840831195825226,0.26218510912347426,0.28374570195029186,2.8746357022819744,0.027448629054891253,2.8757407571201132,2.819830178666195,2.934011807889616,2.8271194498496373,2.9215680556784007
8,100,xgboost,coarse,20,empirical_seed_interval,0.24564811755347202,0.007922200237341397,0.24414388499485118,0.23373836690954364,0.2701357513515267,0.23406885858800758,0.2627611667070784,0.43286584556872454,0.009946976303430263,0.43174531222359813,0.4153519149124359,0.4526495887139572,0.4173265301609765,0.452574752896692,0.25781395648224203,0.006446784206512874,0.2581932530513964,0.24626478618497102,0.27294164694916273,0.24738432535907726,0.2695385618752351,0.24837237475289667,0.007467811038035764,0.24895600165333098,0.23512042824993742,0.2716737170008746,0.2362263321717601,0.26333113265631125,0.22273765632760045,0.006229365206116925,0.22242534543595346,0.2104799928226797,0.23809704572178098,0.21187175301817499,0.23511745371712653,0.15698536728285867,0.0077799868883830624,0.15706262161684062,0.14387825048646735,0.16870467008667964,0.14417759375552802,0.16826221972846275,0.33031127001149835,0.0068840268890046526,0.3282991332036087,0.32165581328498144,0.344993808597205,0.3217221151932602,0.34419818569785954,2.7570034716079954,0.028960851173517654,2.761354590482929,2.6933486644259683,2.80364961082611,2.7060444951795506,2.7957747821952945
8,100,xgboost,fine,20,empirical_seed_interval,0.07275385817276478,0.0028954128972436865,0.07269547132019666,0.06705906363724685,0.07954437225234666,0.06791232341774568,0.07937660846343214,0.22775669445427207,0.007667178463540372,0.22741796391296656,0.21517888731646914,0.24245699186272776,0.21571061549177428,0.24010032007341234,0.07718264511645727,0.0036624628013148344,0.07696736903265644,0.07131598484882135,0.08696918956728403,0.07170027543556723,0.08584060597101244,0.07119802000611714,0.0028941876675651337,0.0708952760731053,0.0673209438856376,0.07886693423312806,0.0677294115371239,0.07832842993724783,0.03988124268242922,0.001020706120338543,0.039956305989129595,0.03815726049683828,0.04176364970726011,0.03831752061801458,0.041725627449052,0.15698536728285867,0.0077799868883830624,0.15706262161684062,0.14387825048646735,0.16870467008667964,0.14417759375552802,0.16826221972846275,0.33031127001149835,0.0068840268890046526,0.3282991332036087,0.32165581328498144,0.344993808597205,0.3217221151932602,0.34419818569785954,2.7570034716079954,0.028960851173517654,2.761354590482929,2.6933486644259683,2.80364961082611,2.7060444951795506,2.7957747821952945
8,200,logistic_regression,coarse,20,empirical_seed_interval,0.2625547180772051,0.0057563994293657415,0.2627831910318007,0.25222800088273173,0.2724740979685947,0.25326520794765955,0.271245296833693,0.35269671523969576,0.010398291970965097,0.35272615204316293,0.33656078630815495,0.3701574385282151,0.337047875574916,0.36753687201485935,0.2784090515849619,0.004493505054882327,0.27813744615449404,0.27172866672677193,0.2883876669429687,0.27254028135922276,0.286611582371312,0.2603665993492794,0.004870678220192967,0.2600237918019711,0.2513900076041903,0.26821699965846424,0.2519685932148641,0.26780511670992874,0.2374378234372288,0.00511509577013187,0.23796376055898882,0.22941418979183684,0.24489981956425763,0.22959097166881412,0.24488163012162473,0.11761246793737838,0.0056009198509466614,0.11793931319653281,0.10780780116752167,0.13058331859189812,0.10853252697682647,0.12766078299133204,0.2628801217274014,0.007123922495231399,0.2640660932248364,0.2513681894569255,0.276161440827879,0.2523023242636653,0.27455706593843976,2.8972097227136033,0.02436668935185616,2.8959706129488767,2.8540266230320186,2.9552394746152486,2.8587635989739963,2.9411808442419956
8,200,logistic_regression,fine,20,empirical_seed_interval,0.078372476392295,0.002912328921138698,0.07921993001737164,0.07150781330567962,0.08275374060707728,0.07242126866004826,0.08217810658261929,0.17306352821510704,0.006941417014876828,0.17406963116929064,0.15964974349902705,0.18345624004953123,0.16037972094463115,0.18295733460109675,0.0810338918670714,0.002955736230632535,0.08160305240725242,0.07470447201115553,0.08514441691877171,0.07592550784566593,0.08508584661640306,0.07527796446908763,0.00309338161598444,0.07583149084504551,0.06900063204962247,0.08148986110213834,0.06952232245763645,0.08017017210459275,0.04572755302825288,0.0011590649570487827,0.046018257337926784,0.043139426411973734,0.04805851879723422,0.04340810715079241,0.04765048743382826,0.11761246793737838,0.0056009198509466614,0.11793931319653281,0.10780780116752167,0.13058331859189812,0.10853252697682647,0.12766078299133204,0.2628801217274014,0.007123922495231399,0.2640660932248364,0.2513681894569255,0.276161440827879,0.2523023242636653,0.27455706593843976,2.8972097227136033,0.02436668935185616,2.8959706129488767,2.8540266230320186,2.9552394746152486,2.8587635989739963,2.9411808442419956
8,200,xgboost,coarse,20,empirical_seed_interval,0.2526145621702511,0.007775594242619831,0.25046673625552834,0.24204150903754523,0.2740396070458181,0.24299154955733263,0.26808468810994324,0.44402806032195297,0.008781068997889996,0.44447223819211035,0.42501492570316646,0.46192563683000176,0.4279689711215284,0.4592276086812312,0.26738028837921035,0.0071025816760650375,0.2667576332479957,0.25312835536672773,0.2822408304828777,0.255921209604733,0.2792579761441214,0.2553783611298809,0.007731336375661408,0.2543373764010053,0.23895289311143375,0.27603250140280267,0.24263941984803675,0.2703721174368826,0.2305396608571954,0.006608996978259783,0.23018984596015576,0.21303846863725906,0.2420203689505714,0.21787259479218699,0.24063393544925157,0.16845494096055194,0.007964804720100662,0.16731298646736248,0.1573058552980718,0.18205764638245178,0.15734918129754114,0.18155480220679285,0.3428002139350787,0.0064667210128035064,0.34238319255262695,0.33098575977357153,0.3549249292411109,0.33213652457765785,0.35415556452326197,2.705130572262515,0.026494112161427434,2.7091947859543604,2.6597271360339643,2.750746285158323,2.660244422209446,2.749793113169998
8,200,xgboost,fine,20,empirical_seed_interval,0.07804685099840106,0.0028225295058081938,0.07824749916362621,0.07315352319078909,0.0855164344657072,0.07338224109493231,0.0838384135307777,0.24157236754820452,0.007208319427369994,0.23897432779055366,0.2292283964266761,0.2551852998407925,0.23137762858216876,0.25443431584999116,0.08312353692659744,0.003659095366705324,0.08294061416469255,0.07868740140576647,0.09482224049113794,0.07876407095982685,0.0909674075674158,0.07625645833546113,0.00308248388828012,0.07615504435010692,0.07154816720916828,0.08483167216035321,0.07161147399264857,0.08310836610443385,0.04293731881510575,0.00142569949894228,0.04267101765304705,0.04054975631600862,0.04592081143120676,0.0407974225738905,0.04573004182250569,0.16845494096055194,0.007964804720100662,0.16731298646736248,0.1573058552980718,0.18205764638245178,0.15734918129754114,0.18155480220679285,0.3428002139350787,0.0064667210128035064,0.34238319255262695,0.33098575977357153,0.3549249292411109,0.33213652457765785,0.35415556452326197,2.705130572262515,0.026494112161427434,2.7091947859543604,2.6597271360339643,2.750746285158323,2.660244422209446,2.749793113169998
8,400,logistic_regression,coarse,20,empirical_seed_interval,0.27094350996003524,0.006701487789471363,0.2707259929049184,0.25761402580639287,0.283807742884947,0.2589362243845907,0.2825934396800642,0.34985613280558997,0.008667932427798158,0.34977970767733946,0.33083097470369716,0.36797386343534405,0.33518983283212456,0.36494760801786663,0.29687314518446145,0.005373579900954963,0.2981695220340442,0.28946232730765276,0.3053647382704228,0.2896435421173477,0.3053217515624759,0.26975478052499047,0.006147270812349252,0.2700913289044712,0.25821774664782376,0.2808148955669878,0.25900570811787094,0.28033457471792583,0.24306433435853797,0.004527141042516999,0.24375377036109686,0.23486285421608297,0.25247187410852173,0.2353279063797158,0.2508250603019344,0.10398391893684769,0.005301707454895373,0.10354430169821333,0.0932994648859013,0.1149417344772687,0.09520974758977535,0.11302620013709534,0.2515105364408278,0.007160438079372304,0.2515761818945692,0.23644110428091278,0.26602163674155316,0.2392947121550504,0.2639682469485229,2.919165155669556,0.026808673646049625,2.917223155846453,2.8672220502388113,2.9736478418538828,2.875506506500973,2.963583080886255
8,400,logistic_regression,fine,20,empirical_seed_interval,0.08203699877483157,0.0026110891168975915,0.08202361699432442,0.07757588638554755,0.08701889656335099,0.07761302369627004,0.08698637212371639,0.15316494007606582,0.0069932748188397675,0.15419218777640192,0.14194067309393243,0.16406941004776224,0.14199318945692554,0.16330660987528745,0.08869425170851651,0.0026863971158436945,0.0889313453722096,0.0840043095572422,0.092880551225453,0.08435418558525516,0.09283672924395889,0.07771540354264249,0.003027849050009198,0.07773443213046641,0.07321533121712417,0.08480343627043378,0.07324011579043886,0.08415608296855868,0.04748024171658682,0.001367692267459411,0.04781520826726478,0.04474119354757723,0.04966679010194293,0.04498846634626273,0.0492839198377856,0.10398391893684769,0.005301707454895373,0.10354430169821333,0.0932994648859013,0.1149417344772687,0.09520974758977535,0.11302620013709534,0.2515105364408278,0.007160438079372304,0.2515761818945692,0.23644110428091278,0.26602163674155316,0.2392947121550504,0.2639682469485229,2.919165155669556,0.026808673646049625,2.917223155846453,2.8672220502388113,2.9736478418538828,2.875506506500973,2.963583080886255
8,400,xgboost,coarse,20,empirical_seed_interval,0.2595928422805805,0.007616511840055131,0.25774662124436887,0.24615832319072384,0.2766425465431398,0.2486515532523026,0.27491554941488383,0.45405896205554563,0.010156306269414122,0.4523455466124182,0.43518375199009374,0.4741481293118698,0.4384266374049177,0.4720789846099416,0.27595879641696563,0.006739461299617163,0.2731521457051693,0.26560416682643173,0.2878424961983992,0.266925632427042,0.2870416841686818,0.26210850824442306,0.0075916698720380526,0.26156393672602285,0.249462998900432,0.27952086058795733,0.2504734463752407,0.2759873300784501,0.23724845769585362,0.006172063983889274,0.2366209699574281,0.22442323112076706,0.24796155328318653,0.22638007443165675,0.24763875311220246,0.18041319321599153,0.00911544861836157,0.1789467428798868,0.16548735184857596,0.19627299663895276,0.1664904143817442,0.1947828448390235,0.35512932845391826,0.00866809612994209,0.35514397775517426,0.34234587829471075,0.37237141783124006,0.34241349311206437,0.3723156191955599,2.651003338935079,0.03575305063711566,2.647065164514417,2.5859333539713427,2.715018574208385,2.5898300681054307,2.71193586370069
8,400,xgboost,fine,20,empirical_seed_interval,0.08372555790506767,0.0032603295199102535,0.08310313060072005,0.07899408015055237,0.09168308633165001,0.07953624242494936,0.09037483680169636,0.25619969485229077,0.008924295896129478,0.2558569564832832,0.24268087741022465,0.2759845436051654,0.24346730994604635,0.27538191833981956,0.08859305255723234,0.0038209311716302214,0.08654449167148316,0.0841032127396793,0.09692386888888367,0.08413125376017709,0.09541065171079027,0.0816930635605442,0.003192990663811098,0.08167669181032244,0.07738572751525677,0.08832065550438785,0.07757875214504922,0.08827957489410122,0.04674062516715625,0.0013906322845927586,0.04637967660812373,0.04456053441689693,0.04986035839580336,0.04474460180584487,0.04932506659286626,0.18041319321599153,0.00911544861836157,0.1789467428798868,0.16548735184857596,0.19627299663895276,0.1664904143817442,0.1947828448390235,0.35512932845391826,0.00866809612994209,0.35514397775517426,0.34234587829471075,0.37237141783124006,0.34241349311206437,0.3723156191955599,2.651003338935079,0.03575305063711566,2.647065164514417,2.5859333539713427,2.715018574208385,2.5898300681054307,2.71193586370069
8,800,logistic_regression,coarse,20,empirical_seed_interval,0.2779319216084138,0.006865141110986335,0.27831434059691834,0.2612364665980059,0.2932720927695863,0.265896093113134,0.2910125932229339,0.35006854767380147,0.008627098672395896,0.35105944852290816,0.3281222359808951,0.3711524854059791,0.33301282228462764,0.3663157283743145,0.3136144000926261,0.0070193384590393915,0.31094131082064347,0.29968809545378117,0.32788468734233106,0.30314405111331166,0.32497347195243903,0.2770457352795337,0.006321508884106639,0.2766781163471728,0.2637746735534298,0.2897610188795142,0.2657315917705784,0.2896433376095092,0.24657138918689073,0.004740446778147705,0.24619581632529744,0.23784655057437049,0.25772388652063477,0.23914539619986133,0.2564811653442693,0.09261232973642314,0.004572551781727222,0.09243847293472493,0.08139207058199187,0.10048315053953653,0.08478856635857067,0.10029934326906068,0.24356177029895626,0.006500902599929726,0.24283704448965152,0.22693702458871395,0.2591240270652751,0.2316050728042632,0.25522665647664955,2.940707367769326,0.023706215593207028,2.94704968600743,2.8952049796568193,2.9757263842207675,2.896355088006368,2.9746891860516538
8,800,logistic_regression,fine,20,empirical_seed_interval,0.08544741934933384,0.002453347120189664,0.08535286592796594,0.08167932828143806,0.09073917174700578,0.08177455929766429,0.08956915454268949,0.1370549929241111,0.005572825075806939,0.1365922961259508,0.1257518131965328,0.14709556872457102,0.1279982006235627,0.14709031708827172,0.10184683578963591,0.003085490923609986,0.1021748682768149,0.0955421007175316,0.10663975482921167,0.09686657551102207,0.10653630869012871,0.08037218432356008,0.0029765903299313707,0.07992094260821825,0.07651327856080899,0.08815798585404959,0.07652224784652556,0.08659079627108844,0.04889380561253699,0.0015920011638898331,0.049540910907506286,0.046140059423222995,0.051854877354638104,0.046267302275909604,0.051396882644589144,0.09261232973642314,0.004572551781727222,0.09243847293472493,0.08139207058199187,0.10048315053953653,0.08478856635857067,0.10029934326906068,0.24356177029895626,0.006500902599929726,0.24283704448965152,0.22693702458871395,0.2591240270652751,0.2316050728042632,0.25522665647664955,2.940707367769326,0.023706215593207028,2.94704968600743,2.8952049796568193,2.9757263842207675,2.896355088006368,2.9746891860516538
8,800,xgboost,coarse,20,empirical_seed_interval,0.26695910010265506,0.009170483531645294,0.2670417085250073,0.2528544895591792,0.28642379243671057,0.2536680817247099,0.28543685274818903,0.4597159417565894,0.010651488400170299,0.4595416703520255,0.4436001901645144,0.48166902529630284,0.4445769945161861,0.4802655254953122,0.2833247304344912,0.006645397653295909,0.2814308294841631,0.27420653876551687,0.2960561426261751,0.27471860983361573,0.2957711145448612,0.2693952539651899,0.007631809903622654,0.26899529963404056,0.25588439642126704,0.2892650681932837,0.2576412401945345,0.28435835842406976,0.24369897124159254,0.006021845789929511,0.2445549807129757,0.2349783437712499,0.2552220784216838,0.23533098865329194,0.2536425450672737,0.18844156310808421,0.009351198648048092,0.18782477224482574,0.17552626923757297,0.2033627056430214,0.17553939832832124,0.2029714587387228,0.36305273472050237,0.00883651346466587,0.3612262017955068,0.3516233084203078,0.38296037502211216,0.35192659041659297,0.38087678832036087,2.611113844418893,0.03353330576088297,2.6141429329559527,2.5438152308508757,2.6585607199716965,2.5557574517955066,2.6551707887404916
8,800,xgboost,fine,20,empirical_seed_interval,0.08873631202265024,0.004702801027418437,0.08756243593229458,0.08223008231347366,0.09872201659985483,0.08248863198114058,0.09758236957768542,0.2663895276844154,0.008693417426797112,0.2651026003891739,0.25505539094286217,0.28720646117105963,0.2551433558508756,0.28455044611268354,0.09377301964496706,0.004288531997766172,0.0927507993130391,0.0880871333189504,0.10224854848361653,0.08817100718609178,0.10099076890838156,0.08646274885786695,0.0041356054471920626,0.08512830426700307,0.0810185752881402,0.09485002525332396,0.08121922257358649,0.09418559228239343,0.051059748771664214,0.001771090652083927,0.05119724928456809,0.04822878254425883,0.054524860070434486,0.04836618299405817,0.0544049215166618,0.18844156310808421,0.009351198648048092,0.18782477224482574,0.17552626923757297,0.2033627056430214,0.17553939832832124,0.2029714587387228,0.36305273472050237,0.00883651346466587,0.3612262017955068,0.3516233084203078,0.38296037502211216,0.35192659041659297,0.38087678832036087,2.611113844418893,0.03353330576088297,2.6141429329559527,2.5438152308508757,2.6585607199716965,2.5557574517955066,2.6551707887404916
8,1600,logistic_regression,coarse,20,empirical_seed_interval,0.2824803170936464,0.006893212378838923,0.28260977792032405,0.266945295589445,0.2987044781309503,0.26863459213371815,0.2958308008774184,0.34914564169467543,0.00827088616717196,0.34898919821333807,0.3343164027949761,0.3684437466831771,0.3347877371528392,0.36400742691933485,0.3295589902371633,0.008137875550805062,0.33016119726406457,0.3123395887694453,0.3453640999507385,0.31373432864030965,0.341802364155196,0.281464835680821,0.006508558087020235,0.2821409855786561,0.26836624971494344,0.2942333699567159,0.2698201827889501,0.29367692260198364,0.24815082322908122,0.004957250942070049,0.24904312590505778,0.23967206947907646,0.2574363530750553,0.24008284277760505,0.2566452583356186,0.08736677427914381,0.0044371165294182615,0.08827033212453564,0.07995201662833894,0.09485560764196002,0.08028680844241995,0.09468492946223245,0.23861673281885717,0.006025475412187086,0.2380850046435521,0.22679329559525915,0.2533458451264815,0.22808585457942684,0.25019814561958253,2.967539912435875,0.02507037146382089,2.9678047054661243,2.915155669555988,3.009370024765611,2.918206870245887,3.0040028524677163
8,1600,logistic_regression,fine,20,empirical_seed_interval,0.08688207726758976,0.0031284719242702175,0.0871936735686471,0.08144189287847065,0.09238465502640923,0.08161645256631132,0.09210116873006192,0.1280878239430391,0.005809637355071279,0.12819658809481693,0.1192701883955422,0.1397266937909075,0.12011438893065629,0.13902428743587475,0.11788707429957412,0.003442265804288244,0.11730384068366903,0.11075295291215324,0.12425383900510552,0.11205111420184012,0.12364611804666868,0.08123670455873669,0.003555544346622668,0.08065889439050854,0.07595305502592413,0.08923249276194017,0.07606419413158505,0.08744376561330161,0.04914086617240772,0.0019264414489441662,0.04906289193835279,0.045490902880549404,0.05291110922493749,0.045853960610818534,0.05224899041939624,0.08736677427914381,0.0044371165294182615,0.08827033212453564,0.07995201662833894,0.09485560764196002,0.08028680844241995,0.09468492946223245,0.23861673281885717,0.006025475412187086,0.2380850046435521,0.22679329559525915,0.2533458451264815,0.22808585457942684,0.25019814561958253,2.967539912435875,0.02507037146382089,2.9678047054661243,2.915155669555988,3.009370024765611,2.918206870245887,3.0040028524677163
8,1600,xgboost,coarse,20,empirical_seed_interval,0.27372248590003884,0.009294601343210808,0.2748481424442928,0.25940388302108125,0.2918908460494299,0.2598776920833956,0.29146228234239147,0.463389599548912,0.010419286697871899,0.46363932867503976,0.44618178400849107,0.4842395630638599,0.4481406443481337,0.4821796087254555,0.28943878084339114,0.006917729184747432,0.2868671862049622,0.27944733632418345,0.3027121892485357,0.2807795311220137,0.3027084040952906,0.27630472830082115,0.007494430125052586,0.2753197876852197,0.26634332239574815,0.29456553727190393,0.2665092031607352,0.2901366418667036,0.2506082245495374,0.00571216110860976,0.25074688609091156,0.2420753190396816,0.26009792837816165,0.2427505681658329,0.2595790068382766,0.19385793494604636,0.010087601408843341,0.19438793560941092,0.17838426499203963,0.21047729081903413,0.17938338879798338,0.2104418422740138,0.3684190087121882,0.00855566707220383,0.3703191336458518,0.35328724792145766,0.3856663497258093,0.3552881213514948,0.38387619820228197,2.5879190252963027,0.03306720945949317,2.5872600831416945,2.5211723863435345,2.637537590659827,2.5301684393242527,2.637490325933133
8,1600,xgboost,fine,20,empirical_seed_interval,0.09441900231372155,0.00396976625324242,0.09445479773544294,0.08836637070565354,0.10108453121238391,0.08857021219296798,0.10102645171148736,0.2734484178754643,0.008068542894802338,0.27149715858836015,0.2603927118344242,0.2914298823633469,0.26144960363966036,0.2888040642136918,0.09930830227691627,0.003411745683480958,0.09833542082234142,0.09477184752221239,0.1047003427535148,0.09506927387765696,0.10459635452444441,0.09203665324467077,0.0035013582050183395,0.09136605161791228,0.08681757672945066,0.09792935772216652,0.08703870321919567,0.09754999887890778,0.05547162839782227,0.0016594177796896293,0.0554942584163029,0.05281702097561565,0.05968662181287092,0.053062798488919295,0.05863223915662814,0.19385793494604636,0.010087601408843341,0.19438793560941092,0.17838426499203963,0.21047729081903413,0.17938338879798338,0.2104418422740138,0.3684190087121882,0.00855566707220383,0.3703191336458518,0.35328724792145766,0.3856663497258093,0.3552881213514948,0.38387619820228197,2.5879190252963027,0.03306720945949317,2.5872600831416945,2.5211723863435345,2.637537590659827,2.5301684393242527,2.637490325933133
16,100,logistic_regression,coarse,20,empirical_seed_interval,0.26578899799113853,0.0029863906776291596,0.266055953892014,0.26011866713194276,0.2710693840611911,0.26092027845109705,0.2704872281373083,0.35385815606757476,0.004308855229994595,0.3539906907836547,0.3468595214930126,0.36187090925172477,0.34725995876083493,0.361701543981072,0.28033210704522166,0.0031546321644307074,0.2806770143821229,0.2735790412394438,0.28619300271681697,0.2741708275041399,0.28520443660209455,0.26408256236546684,0.0035097176135803917,0.2643214433976988,0.2588179723774333,0.2703911800370631,0.2591509349821306,0.2700861145947316,0.2413659324079485,0.0027276391616345747,0.24173621301483184,0.23538030798457638,0.2469886788950677,0.23639484644917735,0.24581366095768054,0.11882131169290641,0.0027978879399247706,0.1194719617901999,0.1144552671148063,0.12310388289403856,0.11450515765964975,0.12286230762427029,0.26560295694763847,0.0029865225746847994,0.2650134607730409,0.2598868963382275,0.2697917588006368,0.2606542916924642,0.26974711989209266,2.8785255063683004,0.014980842032151569,2.8801300194586945,2.839847205023881,2.903425172474792,2.8499618565363525,2.8995337099770033
16,100,logistic_regression,fine,20,empirical_seed_interval,0.08146438112235072,0.001930451531448611,0.08120783011867387,0.07732484218140537,0.08560267165984967,0.07838702206234797,0.08525326586095693,0.17734775782770212,0.0029483701161657004,0.17715704050946401,0.1729142711834424,0.18395376348841322,0.173305518087741,0.18313056949849635,0.08366671791318,0.002032244596006518,0.08332022701783093,0.0806111851579467,0.08826655068213055,0.08064374407976366,0.08773360997906422,0.07844525110366106,0.0023831757043347624,0.07796105823546758,0.07332080172467116,0.08441623395994992,0.07448219932212059,0.08322789358976133,0.04719831846970578,0.0007806529421802126,0.04722644918559593,0.045349868908030194,0.04853771089757599,0.04576034975319866,0.04837295791167064,0.11882131169290641,0.0027978879399247706,0.1194719617901999,0.1144552671148063,0.12310388289403856,0.11450515765964975,0.12286230762427029,0.26560295694763847,0.0029865225746847994,0.2650134607730409,0.2598868963382275,0.2697917588006368,0.2606542916924642,0.26974711989209266,2.8785255063683004,0.014980842032151569,2.8801300194586945,2.839847205023881,2.903425172474792,2.8499618565363525,2.8995337099770033
16,100,xgboost,coarse,20,empirical_seed_interval,0.260407030102504,0.006365394261624295,0.25858436054839806,0.2520821326246573,0.2730106329773031,0.25248100092521863,0.27187904884333686,0.45669915310454634,0.007807788602758374,0.4567306629223421,0.4426659517070582,0.4763704006722094,0.4431451635193702,0.4718776258181496,0.27157623149306487,0.005624799191717719,0.2709067054027682,0.2632095241922197,0.281627705936794,0.2634788875497523,0.280864800288285,0.26400606058253084,0.0069798844448181845,0.2635718646587183,0.2511266966584792,0.276741483850152,0.2536720463534581,0.2759693994249776,0.23886818625690115,0.005673173162905587,0.23799589783861905,0.22819627054660066,0.2493708130547209,0.22933137859439431,0.2492357784644596,0.17497443282327968,0.005463402441577547,0.1749140390058376,0.16588260658057669,0.18525008844861135,0.16594693912524322,0.1841879450070759,0.3547810620467009,0.006117159579370588,0.35449927029895634,0.3430617592428799,0.36738236334689545,0.3452484093070051,0.3663215328144348,2.6658787369538297,0.025714241631424942,2.6673392446488586,2.618416106492128,2.7152065275075183,2.6194533046612416,2.708379400318415
16,100,xgboost,fine,20,empirical_seed_interval,0.08207574486644666,0.002690159515965541,0.08262352250896055,0.07572392008237966,0.08592711101620717,0.07659317155974504,0.08543018731587311,0.25286297098885546,0.005657542301219238,0.25203570007075893,0.24136796833539714,0.26338614452503095,0.24236052759596674,0.2613826452768441,0.08628529596800275,0.002185887731650625,0.08679521002997775,0.08160236666004676,0.0896205847827411,0.08227008177442197,0.08959989680190518,0.08072789926003579,0.003000272501867066,0.08162162857985968,0.07419997968733796,0.08569333536340967,0.07488352818952912,0.08526151547947022,0.045126171626525144,0.0016048075161152388,0.045425942294651245,0.04237542924384222,0.048526417342880754,0.04261673159942508,0.04794647911363281,0.17497443282327968,0.005463402441577547,0.1749140390058376,0.16588260658057669,0.18525008844861135,0.16594693912524322,0.1841879450070759,0.3547810620467009,0.006117159579370588,0.35449927029895634,0.3430617592428799,0.36738236334689545,0.3452484093070051,0.3663215328144348,2.6658787369538297,0.025714241631424942,2.6673392446488586,2.618416106492128,2.7152065275075183,2.6194533046612416,2.708379400318415
16,200,logistic_regression,coarse,20,empirical_seed_interval,0.2785141201160749,0.004123026538326541,0.2777314309537843,0.27135514259486115,0.2869401444054188,0.2724564067530578,0.2853936980526693,0.35779950911020697,0.006029845556627295,0.3586328608703343,0.3491619494073943,0.3676891694675394,0.3492486014063329,0.36669529729789496,0.3027553619478281,0.004255644329828115,0.3009896090363645,0.29698894772523654,0.31298054090378963,0.2973362864246985,0.3116994748108816,0.2771379050565939,0.004750624617675163,0.2769506238447294,0.2693798733653613,0.28496399708743636,0.2695239872251885,0.2846711671419948,0.25077185574187016,0.0033120119648255664,0.25051383998256166,0.2438871957267005,0.2559030214987354,0.2450322282473493,0.2558709506104709,0.10719018109853176,0.0030400277421129135,0.1065322063506103,0.10216367415531576,0.11233526446134795,0.10239737197063506,0.11227749646205554,0.2582603401954714,0.004220882106951278,0.2584392413320361,0.2519417234211923,0.2647626260392712,0.2524150271426676,0.2644626263156731,2.890874038121351,0.014783403985678607,2.8893590792499557,2.8582500442243055,2.9137017955068107,2.8659331881301964,2.913470723509641
16,200,logistic_regression,fine,20,empirical_seed_interval,0.08654883965295283,0.0018006725366781684,0.08676100094679126,0.08323133182528084,0.08922475959785238,0.08344270649304619,0.08916769991949432,0.15872117128073587,0.0034660983419468314,0.15850820360870332,0.15398074031487705,0.16448124889439236,0.1539833661330267,0.16403223399080136,0.0932742512586391,0.0022425337996477505,0.09281348374297946,0.08921723437708204,0.09958330337373492,0.08992735230500641,0.0979968599623822,0.08236936304838874,0.00228449117778709,0.08213153975034723,0.07884235851717838,0.08726280649627255,0.07889908479260094,0.08651097872740636,0.04971630612936205,0.0008985036122935128,0.04995008320983334,0.04770236932051348,0.051057302266091065,0.04786440123406322,0.05093582160764704,0.10719018109853176,0.0030400277421129135,0.1065322063506103,0.10216367415531576,0.11233526446134795,0.10239737197063506,0.11227749646205554,0.2582603401954714,0.004220882106951278,0.2584392413320361,0.2519417234211923,0.2647626260392712,0.2524150271426676,0.2644626263156731,2.890874038121351,0.014783403985678607,2.8893590792499557,2.8582500442243055,2.9137017955068107,2.8659331881301964,2.913470723509641
16,200,xgboost,coarse,20,empirical_seed_interval,0.2677707271149306,0.006746247599021298,0.2680754641473813,0.2579287822650763,0.2783788305791649,0.25835767297220763,0.2780623698304013,0.4695449318945693,0.008057001650795297,0.46928621970635065,0.4534705023881125,0.4860472315584645,0.45399304019989384,0.4825168190562533,0.28053955356975946,0.005792028816703199,0.28039432115230223,0.27057073414875105,0.2919340030219729,0.27096865121890407,0.2907497979925604,0.2715836574494237,0.007511780157671406,0.27119753684619696,0.25933245888110534,0.2859529205751965,0.2604462326393978,0.28415059234302764,0.2465157273369635,0.0056261518505107315,0.24690578268244875,0.23466153753526262,0.2577451139919618,0.23717006443292266,0.25608783770907617,0.18630732575623565,0.006199991048027624,0.186643154077481,0.17670097735715548,0.19724040332566778,0.17714342771537236,0.196020710795153,0.368717591875995,0.006702692507655621,0.36946297872810896,0.35566568636122414,0.3786042809127897,0.3570862539801875,0.37810209319166815,2.605806927737485,0.02707981403213163,2.6041371837962144,2.5544069520608526,2.6596331593843976,2.560196881080842,2.6506266031310806
16,200,xgboost,fine,20,empirical_seed_interval,0.08891053309004793,0.0028634931932621705,0.08964244862524469,0.08307294891597396,0.09336895247906128,0.08392188084632604,0.09288688535763794,0.2678902518574208,0.006589118597534628,0.269012305413055,0.2544030824341058,0.27737208119582524,0.2555229938749337,0.27698083429152665,0.09284201895426707,0.0023555632374182853,0.09273127951743552,0.08864701105376681,0.09818108315275272,0.0887238053841725,0.09714612087067218,0.08711056879578818,0.00338329123578202,0.08811325479785337,0.08009851877333549,0.09204841146536878,0.08125097766881617,0.09162773313566432,0.04950933952364846,0.001511603440184602,0.049406031777653694,0.046467402059785626,0.051655677664812924,0.04698667190360183,0.051624798488940804,0.18630732575623565,0.006199991048027624,0.186643154077481,0.17670097735715548,0.19724040332566778,0.17714342771537236,0.196020710795153,0.368717591875995,0.006702692507655621,0.36946297872810896,0.35566568636122414,0.3786042809127897,0.3570862539801875,0.37810209319166815,2.605806927737485,0.02707981403213163,2.6041371837962144,2.5544069520608526,2.6596331593843976,2.560196881080842,2.6506266031310806
16,400,logistic_regression,coarse,20,empirical_seed_interval,0.2872257445535714,0.004002538170721959,0.2867875408552602,0.2785179992100263,0.29417503469633055,0.279976126457312,0.2936689820420729,0.359155536883071,0.00596149785955458,0.3585264461347957,0.3472658323014329,0.37042278436228554,0.34948333572881657,0.36973613291615076,0.3211917919429285,0.005130936729317868,0.3207550073977611,0.3141862101334573,0.32917992487057157,0.31423390452017463,0.32890806764111236,0.28562629359005054,0.004262018328030558,0.2852427869086779,0.2765396490298394,0.29409637309248154,0.27828172478935725,0.2934232427817407,0.25604218204730805,0.0029217133749012197,0.2556610734490637,0.25018750697940095,0.2628983019211522,0.2510810253054277,0.26167082992664753,0.09641244140279497,0.004096345013357093,0.09584512648151425,0.09126514682469485,0.10702834777993986,0.09129271791526623,0.10556576707058199,0.2510188174420661,0.00491865667137576,0.25000967406686714,0.2421847359808951,0.2600886697328852,0.24334928633026712,0.25977094573677695,2.9118523903237223,0.01912920323827106,2.9153132186449673,2.8745080045993276,2.942281753051477,2.877779774013798,2.940530332345657
16,400,logistic_regression,fine,20,empirical_seed_interval,0.08975387556249581,0.0020635513298440395,0.08981448592317048,0.08640404806091517,0.09362195532503634,0.08655104234155885,0.09357068817044453,0.1428820980010614,0.005020672684579998,0.14118194984963733,0.13710363966035732,0.1549039226959137,0.13721523693171767,0.15250917654342827,0.10722906424183917,0.002536450873973606,0.10724944730002277,0.1039462923146291,0.11176953492825954,0.10397148067526434,0.11158148190224712,0.08510466112348444,0.0025144476982287725,0.08503292492759597,0.08054979444653977,0.09029066183740173,0.08103419971281564,0.08934653395800225,0.05088241152479937,0.00106212754019106,0.05088530332174417,0.049347400328233884,0.052464785799094284,0.049393755260636954,0.05243111015282352,0.09641244140279497,0.004096345013357093,0.09584512648151425,0.09126514682469485,0.10702834777993986,0.09129271791526623,0.10556576707058199,0.2510188174420661,0.00491865667137576,0.25000967406686714,0.2421847359808951,0.2600886697328852,0.24334928633026712,0.25977094573677695,2.9118523903237223,0.01912920323827106,2.9153132186449673,2.8745080045993276,2.942281753051477,2.877779774013798,2.940530332345657
16,400,xgboost,coarse,20,empirical_seed_interval,0.27547910550250293,0.006689667388935448,0.27449692856253494,0.2652807825817818,0.2849073871060892,0.265478889371697,0.2847719396768113,0.4776728064744383,0.007738878295009471,0.4798972890500619,0.4638438660888024,0.4903895055722625,0.46393708263311517,0.4887247368653812,0.288544318707955,0.0051040584781923935,0.28665150302327747,0.2817607215706783,0.29743766397571436,0.282245074392931,0.2970054283253028,0.2792983886098076,0.007103729534668829,0.2791050329864988,0.2660432654138876,0.28952197389372347,0.2671187408201887,0.28943564158127927,0.2540711777641521,0.005649994174877344,0.2538227283465452,0.24490716150628544,0.2645995269573822,0.24506190921665535,0.2637212932271148,0.1956524743499027,0.00680337222072897,0.19539542057314702,0.182549641783124,0.20633955421899877,0.18423541703520255,0.205157936051654,0.37898219142490713,0.006773716172998734,0.3798667466389528,0.36646332699451617,0.3880282040509464,0.3680191242481868,0.3878956002343888,2.561792134707235,0.02736587058027198,2.560816712365116,2.5223056341765435,2.618062312046701,2.5246714963293826,2.613002360472316
16,400,xgboost,fine,20,empirical_seed_interval,0.0938066118792647,0.002807836567809222,0.093446454562565,0.0895207884028008,0.0992135320628721,0.08964655295815965,0.0985750454263704,0.28029157637537594,0.0064642237234575255,0.28078426278082436,0.26700148151424025,0.2908300902175836,0.2679901020475854,0.2900423447726871,0.0982373543613812,0.0026515480454701846,0.0980196192405326,0.09201380057839614,0.1035502634995621,0.09299879973128293,0.10285788284643782,0.09142825354925244,0.003275716394387842,0.09122423599814655,0.08610132436311073,0.09672940930382078,0.08630646908535312,0.09664216583587475,0.05304452994657529,0.001160831574472263,0.052970148853918236,0.050511440152026486,0.055146515083407885,0.05083879216800516,0.05491806355723024,0.1956524743499027,0.00680337222072897,0.19539542057314702,0.182549641783124,0.20633955421899877,0.18423541703520255,0.205157936051654,0.37898219142490713,0.006773716172998734,0.3798667466389528,0.36646332699451617,0.3880282040509464,0.3680191242481868,0.3878956002343888,2.561792134707235,0.02736587058027198,2.560816712365116,2.5223056341765435,2.618062312046701,2.5246714963293826,2.613002360472316
16,800,logistic_regression,coarse,20,empirical_seed_interval,0.29285907970548586,0.003997096857708552,0.29294872692695406,0.2842530338787509,0.3008433849496687,0.2857914775742525,0.2998463337951118,0.35923873385812843,0.005948372930298062,0.3581104612595082,0.3491785335220237,0.37124093401733593,0.3506936305943747,0.36994509276048115,0.3404296370722685,0.006680594246280137,0.3403044699166736,0.33186759879141137,0.3531861636065547,0.33206926999931724,0.35223471548802127,0.29137741698065867,0.004497766852530422,0.29111919026334776,0.2831015922653751,0.30094368477432615,0.28366202843566396,0.2998504886344498,0.2592464206377428,0.0032655277199780826,0.2592895694383522,0.2522305829411562,0.2658664033835013,0.25328310153301314,0.2646839298972291,0.09310985317530515,0.003703650263206708,0.09312256766318769,0.08644746152485407,0.10128471607995755,0.08759100532902883,0.10089346917565895,0.24743644138068283,0.004837868312986525,0.24714407725986204,0.23996384663010792,0.257646658853706,0.2403977630793384,0.2558374701485937,2.9390356890146827,0.020297727467623185,2.9410849327790554,2.8979358305324605,2.971270785423669,2.900818978860782,2.9689758203608703
16,800,logistic_regression,fine,20,empirical_seed_interval,0.09179565996917485,0.0020627293617866828,0.09129506493167328,0.0879392373665459,0.0965926618235802,0.08858715044333346,0.09563622557986366,0.13563414890323722,0.004695291597370934,0.13529182513709537,0.12876735803997877,0.14661739341942331,0.12891440385635944,0.14539901379798337,0.12396281919005825,0.002219597022272655,0.1238030005440014,0.1194254599447813,0.12945402568364206,0.12003926869667565,0.12814346706651944,0.08670781998364281,0.0024395892670497025,0.08586026671713984,0.08183953634965523,0.09050835571985398,0.08273878893896235,0.09047657181479492,0.05160196122220364,0.001122510708435387,0.05152310546510602,0.04944925572424994,0.05384829675235262,0.04976491773388088,0.05357283665196556,0.09310985317530515,0.003703650263206708,0.09312256766318769,0.08644746152485407,0.10128471607995755,0.08759100532902883,0.10089346917565895,0.24743644138068283,0.004837868312986525,0.24714407725986204,0.23996384663010792,0.257646658853706,0.2403977630793384,0.2558374701485937,2.9390356890146827,0.020297727467623185,2.9410849327790554,2.8979358305324605,2.971270785423669,2.900818978860782,2.9689758203608703
16,800,xgboost,coarse,20,empirical_seed_interval,0.28440809135278744,0.006519912124505646,0.28365543044304864,0.2705306724309421,0.29593593265202633,0.2734556320012364,0.29476699074635215,0.4835434448522909,0.008060358987596612,0.48659727136033964,0.4675559437466832,0.49285501061383336,0.4675756373828056,0.4927722973421192,0.2964858450588568,0.004938720685161702,0.2950723240439701,0.28806002613645826,0.30539474441789605,0.28946057331923913,0.3049036603515066,0.28874864698981034,0.006571674931108577,0.2885916527433847,0.2746993501821402,0.29875534225224504,0.2767380570955817,0.2981665455894448,0.26285330094197296,0.004998666443790384,0.26236025301441157,0.25279578171917005,0.27237837881052335,0.25471159115746156,0.2709845530630802,0.2031645254732001,0.005834985778918115,0.20353407482752522,0.19518950114983194,0.21208594993808597,0.1953733084203078,0.21191264594020875,0.3866485439147355,0.006517501788171593,0.38909442442066156,0.37483001282504863,0.39510685697859543,0.3751280431850345,0.3946690018021405,2.5276672784362284,0.02314988362785941,2.52710397134265,2.496185653635238,2.57134486113568,2.497249109985848,2.566421452105077
16,800,xgboost,fine,20,empirical_seed_interval,0.09977761764733892,0.003609141687676047,0.10047773428010563,0.0943138115696672,0.10561862661792197,0.09439512219046554,0.10552341172833438,0.28975364297718026,0.005440997332974051,0.29078448390235273,0.2794699716964444,0.2973587033433575,0.28039032095789845,0.2971197538917389,0.10412140985343679,0.0028836612016515245,0.1049393355364002,0.09905040572465046,0.10943826756465781,0.09967740432689777,0.10901844118724689,0.09697674716966095,0.0038726517842885004,0.09691471786359704,0.0914711799697428,0.10244669024331916,0.09150361345491367,0.10241840739453704,0.057905903013992524,0.0013361184006662982,0.0580452235667773,0.05547416089874331,0.060536993697974315,0.05570407065124427,0.060342325277139744,0.2031645254732001,0.005834985778918115,0.20353407482752522,0.19518950114983194,0.21208594993808597,0.1953733084203078,0.21191264594020875,0.3866485439147355,0.006517501788171593,0.38909442442066156,0.37483001282504863,0.39510685697859543,0.3751280431850345,0.3946690018021405,2.5276672784362284,0.02314988362785941,2.52710397134265,2.496185653635238,2.57134486113568,2.497249109985848,2.566421452105077
16,1600,logistic_regression,coarse,20,empirical_seed_interval,0.29075019783246947,0.003669282993042503,0.29153220376276345,0.2840165073601165,0.29689199336860267,0.2847438820849409,0.2967431538717923,0.3486861235184858,0.005798479197246936,0.34938168892623384,0.3395238147886078,0.3580980231735362,0.3395461342428799,0.3579522902662303,0.3644018041573952,0.00839694236777334,0.3638449038779519,0.34951840447405186,0.37673810595000695,0.35036945558411153,0.3766449485876767,0.29098811417199916,0.0037794618828850303,0.2912439125639017,0.28370936698960747,0.29812523411406916,0.28410306787029577,0.29753319596275973,0.25772769913762467,0.003232348317749269,0.2576825296902893,0.2524470224505738,0.26380889477255665,0.2524827002283707,0.2631053641184309,0.09092724548912082,0.002767880197670656,0.09075794931894568,0.08529762957721564,0.09664669202193525,0.08647268319918627,0.09631190020785423,0.2397141866044578,0.004392461988260831,0.24022020940208738,0.23239596232089157,0.24801267026357687,0.23277670595259153,0.24764636863169998,2.974873960728817,0.022317931571228633,2.975195692552627,2.9297939147355385,3.012537590659827,2.9306998219971696,3.0081997390765967
16,1600,logistic_regression,fine,20,empirical_seed_interval,0.09384197773149976,0.002469237327301512,0.09360557322192464,0.0899080033396924,0.09895612470615749,0.09003811448736598,0.09811632723330192,0.13074224969042983,0.0039761717476160235,0.13021985007960374,0.12522112152839202,0.1402131611533699,0.1254390644348134,0.13912738534848754,0.14191832060967827,0.002522270547307211,0.14211160333043177,0.13655131355267744,0.1466586084266057,0.13734594533545952,0.1460221130223525,0.08870052698903882,0.002629087245860868,0.0884848621659951,0.08363411953293447,0.09258964687214509,0.08458446990418213,0.092519859509645,0.05273930870722511,0.0014543300726268529,0.05243610119918461,0.04962233913222269,0.05590227516605516,0.05031449495221093,0.05528854035185036,0.09092724548912082,0.002767880197670656,0.09075794931894568,0.08529762957721564,0.09664669202193525,0.08647268319918627,0.09631190020785423,0.2397141866044578,0.004392461988260831,0.24022020940208738,0.23239596232089157,0.24801267026357687,0.23277670595259153,0.24764636863169998,2.974873960728817,0.022317931571228633,2.975195692552627,2.9297939147355385,3.012537590659827,2.9306998219971696,3.0081997390765967
16,1600,xgboost,coarse,20,empirical_seed_interval,0.2922891457177833,0.0068165639277524845,0.29224899355726724,0.2764718630510813,0.30359226037636267,0.27966208529808095,0.3018945769361248,0.487989093180612,0.007587893329001195,0.49156974173005485,0.46934979214576333,0.49755937113037324,0.472511277197948,0.4968504002299664,0.3035781722223244,0.004894288017053099,0.3022796092199248,0.29665580092930355,0.3122025445900782,0.2967694085389438,0.31200478299564166,0.2967309720884573,0.00685488835680892,0.29713567801889995,0.2808807385392078,0.307137560354528,0.28334434010998943,0.30667737934679945,0.27081949345071604,0.005056971029520931,0.27061094822784304,0.2589939911413955,0.28039036573879134,0.2616425097163361,0.27886170224741985,0.2094971696444366,0.005931985440949057,0.20967157924995578,0.19972525650097295,0.22062124093401733,0.1997712083185919,0.2181359040553688,0.39174131821599156,0.0064277592450084796,0.3945837663629931,0.3769431054307447,0.399874789934548,0.37900568558729875,0.3998084880262692,2.5030940429860253,0.023968198949423408,2.4954780647443835,2.471939678047055,2.5500121616840614,2.4744000696532815,2.5449968490182204
16,1600,xgboost,fine,20,empirical_seed_interval,0.10676816566637189,0.0033299481453131947,0.1063035356422536,0.10078348991786314,0.11411157654650446,0.10093309856511214,0.1125122546089879,0.295493543251371,0.005727951366823029,0.29690402220060147,0.28453641871572616,0.3035556341765434,0.28550009397664955,0.3032812361799045,0.11038690046885587,0.0026065210375104024,0.11063459339095047,0.10635811981270936,0.11539400129117201,0.10651788715320096,0.11513606711371073,0.10358131081872088,0.0036050551690839676,0.1035837054807413,0.0973371346088175,0.10989844064803111,0.09800963946891114,0.10909304397561827,0.06350490025474403,0.001408625402703001,0.06322465802799374,0.06140904032418136,0.06592081946411196,0.061488635210398726,0.06570009804103778,0.2094971696444366,0.005931985440949057,0.20967157924995578,0.19972525650097295,0.22062124093401733,0.1997712083185919,0.2181359040553688,0.39174131821599156,0.0064277592450084796,0.3945837663629931,0.3769431054307447,0.399874789934548,0.37900568558729875,0.3998084880262692,2.5030940429860253,0.023968198949423408,2.4954780647443835,2.471939678047055,2.5500121616840614,2.4744000696532815,2.5449968490182204
32,100,logistic_regression,coarse,20,empirical_seed_interval,0.28305206092281854,0.0031064322690987243,0.2823825985520344,0.2771319887105649,0.28877489510231535,0.2779456667191637,0.2878570208266292,0.3620339863789138,0.004512292878951406,0.3629115624447196,0.3549719175658942,0.3697096674332213,0.35498635956571734,0.36889960253405274,0.3064774678366461,0.002675909910070536,0.30616707764882956,0.30157648338485654,0.3121458227984636,0.3025751348845224,0.31127809026422776,0.2821307038585266,0.002241242851827696,0.2818826895635564,0.2792227629293438,0.28628102593738214,0.2793084022913555,0.2858282617571035,0.25552521066722755,0.0018334962528098043,0.2561419796780875,0.2512087849730926,0.2581502794176137,0.2519009293102097,0.2579235239000355,0.10928613678577745,0.0020696269032767565,0.10873651158676809,0.10593379621439944,0.1144497390765965,0.1065521763886432,0.11370400672209446,0.26210661098089516,0.0026469395937783447,0.2622770818591898,0.25841643817442067,0.2673248717495135,0.2585116240823457,0.267157475842473,2.876547021493013,0.01044478193205103,2.8762023483106316,2.8588415443127544,2.9014516628338933,2.8615067497346542,2.8956879919954006
32,100,logistic_regression,fine,20,empirical_seed_interval,0.08851383371216917,0.0017877857950422866,0.08838209336607258,0.08516217768838533,0.09422639366572962,0.08577382385853463,0.09218608932770779,0.16217923558287634,0.0028389954602836124,0.16163154519724038,0.15733902352733062,0.1680164293295595,0.15758059879709888,0.16744006224571023,0.09431004788357189,0.0019464178834325443,0.09475644893818316,0.09029720004406933,0.09966640796520601,0.09105766168285755,0.09804411381486261,0.08540530562576083,0.0016527264568456433,0.08496696991872367,0.08250616691382896,0.09056617147221838,0.08298990657159769,0.08892873516592611,0.05104984598643728,0.0006691466507568429,0.05101257954533815,0.04948684484215219,0.05275602212123467,0.04991624269241625,0.05237335503638843,0.10928613678577745,0.0020696269032767565,0.10873651158676809,0.10593379621439944,0.1144497390765965,0.1065521763886432,0.11370400672209446,0.26210661098089516,0.0026469395937783447,0.2622770818591898,0.25841643817442067,0.2673248717495135,0.2585116240823457,0.267157475842473,2.876547021493013,0.01044478193205103,2.8762023483106316,2.8588415443127544,2.9014516628338933,2.8615067497346542,2.8956879919954006
32,100,xgboost,coarse,20,empirical_seed_interval,0.2748556514528283,0.002983285155106957,0.2740227696081854,0.2694747086794973,0.2802355515229283,0.26994030698497556,0.2797050617084648,0.4818430202989563,0.0026719998445016036,0.4823130417477446,0.4728462763134619,0.4853313506102954,0.4760707810012383,0.48495717152396955,0.28421327310526107,0.0023060814494565954,0.2840929930293121,0.2791159196515246,0.28879471609258733,0.28034990898274503,0.2884891592045067,0.2792617107273655,0.003132204075994095,0.2791272042599876,0.2734202458859835,0.2842988016816378,0.2740237740921796,0.2840565299591735,0.25221555180288235,0.0022943913708158305,0.2522589628136782,0.24793234122586733,0.2559608738015275,0.24800823810982142,0.25553320712546995,0.19044077812665844,0.002658983577541662,0.19039807403148773,0.18649389704581637,0.19690595701397487,0.18703087685742084,0.195900268662657,0.379157015633292,0.0018669739224378206,0.3790161197594198,0.374391915796922,0.3818202171413409,0.3756601859632054,0.3815727337807359,2.5768170661595606,0.010112655527932978,2.5747667167875465,2.5552416858305325,2.5934127896692023,2.5599366486821156,2.592987407128958
32,100,xgboost,fine,20,empirical_seed_interval,0.08986225736543918,0.001995164949997989,0.09050535158876966,0.08659337886055028,0.09323597087383702,0.08664517063818304,0.09311385402084663,0.2764710109676278,0.0028895462030270754,0.2764115845568724,0.27254610383866973,0.2815955023881125,0.27254610383866973,0.2815863120245887,0.09375564593605754,0.0016729229776576782,0.09396390981835834,0.0908000655165913,0.09794524186613415,0.09115137234450195,0.09725658213382643,0.08868375583632145,0.0018006843531465535,0.08896404729103177,0.08592475009409062,0.09215463379425577,0.08592814994510631,0.09185364555381546,0.04959929231524189,0.0014520729913005464,0.049540074035583734,0.04693517401802301,0.053334963520528654,0.04745932397642367,0.05272523309029026,0.19044077812665844,0.002658983577541662,0.19039807403148773,0.18649389704581637,0.19690595701397487,0.18703087685742084,0.195900268662657,0.379157015633292,0.0018669739224378206,0.3790161197594198,0.374391915796922,0.3818202171413409,0.3756601859632054,0.3815727337807359,2.5768170661595606,0.010112655527932978,2.5747667167875465,2.5552416858305325,2.5934127896692023,2.5599366486821156,2.592987407128958
32,200,logistic_regression,coarse,20,empirical_seed_interval,0.2934094559270953,0.002444226732783746,0.2937456540039135,0.2889110957839057,0.29815710464507256,0.2892857625815535,0.2971866114391795,0.3652898626835309,0.0031489847586646915,0.3658759729347249,0.35725499734654165,0.3692149080134442,0.3581714078807713,0.36914532383247833,0.3275347852758916,0.003614686415817289,0.32682167572183973,0.32374820821354966,0.3376176183453744,0.32374891024351365,0.33547148916073277,0.2923246487760684,0.0014841798059807704,0.2923635501333559,0.28943447454349247,0.2952288697659763,0.28980921864381554,0.2951684397507221,0.2624522399596797,0.0013091068698164083,0.2623636121358923,0.2594644787326452,0.2652885162879933,0.26020337173532104,0.2651414706791624,0.09993311073766142,0.0010594988268085197,0.09987921236511588,0.09811991420484699,0.10198124889439236,0.09812122711392182,0.10181713526003892,0.2564102440076066,0.0016599885239974698,0.2565058099681585,0.25276678312400497,0.2600375353794445,0.2535131719330444,0.2592451947527861,2.8916786440827877,0.009334222702617316,2.8896631213514947,2.872479214576331,2.905558995223775,2.8756669578100125,2.905249148682116
32,200,logistic_regression,fine,20,empirical_seed_interval,0.09269936528598276,0.001120983282247092,0.09272467839094899,0.09092681858681859,0.09577450197649037,0.09093842015354371,0.09482076693329507,0.1475306253316823,0.0019047327905704976,0.14744798116044577,0.14389759862020166,0.1508601627454449,0.14441225897753404,0.1506553489297718,0.10909282086614791,0.001301515750264377,0.109275567933164,0.1069147388133288,0.11175621175402393,0.10695436011779864,0.11138302510216538,0.08904749588112346,0.0010727103869021277,0.08894345005398217,0.08707375748967269,0.09154354876112573,0.08740433337778764,0.09107025976294184,0.0525731148095831,0.0005711412852253109,0.0524858170929209,0.051651543250765375,0.05365482371186618,0.05177275056148992,0.053567256430338085,0.09993311073766142,0.0010594988268085197,0.09987921236511588,0.09811991420484699,0.10198124889439236,0.09812122711392182,0.10181713526003892,0.2564102440076066,0.0016599885239974698,0.2565058099681585,0.25276678312400497,0.2600375353794445,0.2535131719330444,0.2592451947527861,2.8916786440827877,0.009334222702617316,2.8896631213514947,2.872479214576331,2.905558995223775,2.8756669578100125,2.905249148682116
32,200,xgboost,coarse,20,empirical_seed_interval,0.28307232146447353,0.002334829546375756,0.2831951231979081,0.27802100546969727,0.2870266009542875,0.27899324823220006,0.2868308732800694,0.4912540907482753,0.0018870937209559061,0.4915711237396073,0.48726616398372546,0.4952652352733062,0.487604894525031,0.49420046601362105,0.2925061471300748,0.001615711546642487,0.29215261731617725,0.2900590042779332,0.29594295092128886,0.29026287872980855,0.2953509303789409,0.2877191718531462,0.002196065558451246,0.2874557352740594,0.28425097056460896,0.2932921320848226,0.28474776199035445,0.2923408239263072,0.2601374045797137,0.00171116218357134,0.26013067678009805,0.25663881774047875,0.2629067658112539,0.25698761093356703,0.2628354213909998,0.20057076994516185,0.0029430440686428723,0.20029049840792498,0.19069244206615957,0.20421955156554042,0.19450775583760835,0.20409745102158147,0.39084501592075005,0.0013066206564206157,0.39131254975234386,0.38755832080311337,0.39262891385105253,0.3879613838890854,0.3924306645807536,2.524285501061383,0.006318966844643363,2.523577082964797,2.51548403502565,2.5402496462055546,2.516208760834955,2.537657963691845
32,200,xgboost,fine,20,empirical_seed_interval,0.0963727772176072,0.0019335048632089487,0.09691791592679593,0.091929714225415,0.09905640158465732,0.09229177043925384,0.09885718668582055,0.2904359410932248,0.0016483234850869178,0.2907057093578631,0.28719540509464003,0.29309934990270653,0.28750656454537415,0.29285514881478864,0.10035818545305701,0.0015752979221469513,0.10044598326598264,0.09676301483563561,0.1030541643220592,0.0970549654614848,0.10281815500752679,0.09472991848125643,0.0020475345125604122,0.09526044490330102,0.09014124231796214,0.09764094924494574,0.09047356307032384,0.09756582603855621,0.054106396259959555,0.0011924770500341552,0.05408088389355588,0.05182878473384332,0.05611887357372475,0.052030477745444725,0.055966210054007086,0.20057076994516185,0.0029430440686428723,0.20029049840792498,0.19069244206615957,0.20421955156554042,0.19450775583760835,0.20409745102158147,0.39084501592075005,0.0013066206564206157,0.39131254975234386,0.38755832080311337,0.39262891385105253,0.3879613838890854,0.3924306645807536,2.524285501061383,0.006318966844643363,2.523577082964797,2.51548403502565,2.5402496462055546,2.516208760834955,2.537657963691845
32,400,logistic_regression,coarse,20,empirical_seed_interval,0.2986598256919103,0.002049999868047733,0.29843137486734084,0.2952257167590832,0.302558230864146,0.2954675241300226,0.30251753304043394,0.3642986854325137,0.003195312833085489,0.3644303909428622,0.35809249513532637,0.36993908101892803,0.35909687057756945,0.36963054738634354,0.3471508552737318,0.004094787966073805,0.34643521992479465,0.34089845637030847,0.356102925658476,0.34105293326240305,0.3540268100274045,0.2984478953589459,0.0014391056644279343,0.2986433934634358,0.2953468531402139,0.3008903802509735,0.29566766152977375,0.30079512587282575,0.26618577577934,0.0014056495206753543,0.2661619743153767,0.26280004205067364,0.26816844503598447,0.2630513350409105,0.26809590421773166,0.09654953675039801,0.0012242025799638723,0.09645873872280206,0.09441336458517602,0.09981149389704581,0.09468119803644083,0.0989384093622855,0.2523740160091986,0.0019060320031452898,0.2522188163364585,0.2496462055545728,0.25590532681761896,0.24974270437157262,0.25560532709402084,2.9154851406332924,0.009516842950588038,2.9154956439058903,2.9004400318415002,2.935371705289227,2.9009231823810366,2.9337226914912438
32,400,logistic_regression,fine,20,empirical_seed_interval,0.09514296435679939,0.001273425662792908,0.09519414837280843,0.09235934559827959,0.09767813091974636,0.09299644953821182,0.09737221867668801,0.1404493465858836,0.0018670839435784264,0.14050752918804177,0.13708705554572792,0.14348852379267646,0.13715401390854415,0.14324169688660887,0.1270636696881361,0.001837055118995755,0.12761108457489903,0.12365148296927499,0.12962377708173622,0.12386597817809528,0.1295401251418356,0.09132806102091799,0.0013098362102518947,0.09126041016769132,0.08880776819448231,0.09416231649826665,0.08917998020580303,0.0937753917765484,0.053652501955744024,0.0006767689358788561,0.05361595007701894,0.05267607054677681,0.05487835212263218,0.052688180645068354,0.054797185872753694,0.09654953675039801,0.0012242025799638723,0.09645873872280206,0.09441336458517602,0.09981149389704581,0.09468119803644083,0.0989384093622855,0.2523740160091986,0.0019060320031452898,0.2522188163364585,0.2496462055545728,0.25590532681761896,0.24974270437157262,0.25560532709402084,2.9154851406332924,0.009516842950588038,2.9154956439058903,2.9004400318415002,2.935371705289227,2.9009231823810366,2.9337226914912438
32,400,xgboost,coarse,20,empirical_seed_interval,0.2928993844100923,0.0016223254870344967,0.29311413904461375,0.28983327890031213,0.29671023262618884,0.2901687448427047,0.2962920515589631,0.4978477965239695,0.0017754565320923256,0.49800299619670974,0.4938362373960729,0.5011470679285335,0.49391369903148774,0.5005470684813373,0.30117433871452437,0.001278219622356231,0.30105873985240106,0.298816283132286,0.3039792342254584,0.2991577645736533,0.30345128246892955,0.29790226302094824,0.0013030434472517895,0.29781070608512916,0.2960640396124596,0.30073731609859533,0.296149698361384,0.30024843298215664,0.2696610860291598,0.001355325876070726,0.2698568475284473,0.26753527743788463,0.2722058576057949,0.26754131715348595,0.2717074008189333,0.20870403436228552,0.0022485490516331126,0.20893358614894747,0.2025058597205024,0.21252542897576507,0.2042467771537237,0.21225103097912612,0.3993533577304086,0.0013435195154431583,0.3996806175924288,0.3971992194410048,0.4021481956483283,0.39733773134839906,0.40167751774500265,2.4873595878294714,0.007588376232966128,2.488037325313993,2.4742780382098,2.5013433132849814,2.4747480596585882,2.4995341245798692
32,400,xgboost,fine,20,empirical_seed_interval,0.10048680463657825,0.001716238961846091,0.10052416067115738,0.09655742064673932,0.10338498088084522,0.09730287750903419,0.10321613909023958,0.3008589189368477,0.0019780486256633545,0.3011108592782593,0.2964659251724748,0.30437378383159386,0.2970409793472492,0.30380529420219354,0.10534134921682525,0.0013743031175415098,0.1052490806972045,0.1026241188261728,0.10768973704373733,0.10308045756824562,0.10750941905607724,0.09846611135724792,0.001539430736079353,0.09874116264153182,0.0953642349897292,0.10099900989854459,0.09580978001493787,0.1005881155862434,0.05824817982023321,0.0010302152760023986,0.058040739164577484,0.0566235959435931,0.06018884185140361,0.05673348681427792,0.060016295967655904,0.20870403436228552,0.0022485490516331126,0.20893358614894747,0.2025058597205024,0.21252542897576507,0.2042467771537237,0.21225103097912612,0.3993533577304086,0.0013435195154431583,0.3996806175924288,0.3971992194410048,0.4021481956483283,0.39733773134839906,0.40167751774500265,2.4873595878294714,0.007588376232966128,2.488037325313993,2.4742780382098,2.5013433132849814,2.4747480596585882,2.4995341245798692
32,800,logistic_regression,coarse,20,empirical_seed_interval,0.2973875414296315,0.0013605440877327698,0.29726034150975333,0.2949913774029927,0.3003378410476287,0.29520959567782185,0.2998470687443067,0.35509933884663014,0.002801192050721978,0.354756324075712,0.3511852113921811,0.36078464974349905,0.3512981215726163,0.3607728335618256,0.37279202548621887,0.005919660989958089,0.37255380072246946,0.36063710876490573,0.3856577383648291,0.3619464236090469,0.3845216689048053,0.2986137644703379,0.0014905840993912737,0.2985334529099673,0.2955950502180492,0.30062034139961835,0.295692384119972,0.30058786616279315,0.26538041302473,0.0014173397217260922,0.26524384519965827,0.26260532596486935,0.268531239633209,0.26311986844189583,0.26810412274141965,0.09583738722802052,0.0014425079278651111,0.09598056341765435,0.093528878471608,0.0988717274013798,0.09359846265257385,0.09844109322483637,0.24563554473288515,0.001724599437338159,0.24585673536175484,0.24269331549619672,0.24953149876171943,0.2427779981315231,0.24875556949849637,2.950470988855475,0.008841922677104548,2.948459335750929,2.939490093755528,2.968164027949761,2.9404353882894037,2.9669036352379266
32,800,logistic_regression,fine,20,empirical_seed_interval,0.09664831113548672,0.0017628801576571101,0.0968839851863409,0.09330994994157556,0.09958548416214864,0.0935302639356199,0.09925026443500079,0.13617175061914027,0.0020446223032201507,0.1361804572793207,0.13195980010613834,0.13983725455510349,0.13226570792057316,0.1391033383822749,0.1450692564113279,0.0020130955915972893,0.14521232154347913,0.14083317955089467,0.14893175193529057,0.14139750402680284,0.14827943527411527,0.09281571754043831,0.0014298431071075837,0.09312308876563896,0.08994949174416904,0.09567554627026936,0.09000290303269685,0.09496525182518734,0.05467144932007746,0.0007278781522298104,0.05481320193250619,0.05285758951554124,0.05581890930188345,0.05318540190027192,0.05565596376394979,0.09583738722802052,0.0014425079278651111,0.09598056341765435,0.093528878471608,0.0988717274013798,0.09359846265257385,0.09844109322483637,0.24563554473288515,0.001724599437338159,0.24585673536175484,0.24269331549619672,0.24953149876171943,0.2427779981315231,0.24875556949849637,2.950470988855475,0.008841922677104548,2.948459335750929,2.939490093755528,2.968164027949761,2.9404353882894037,2.9669036352379266
32,800,xgboost,coarse,20,empirical_seed_interval,0.3017779670506084,0.0011863886368092456,0.302071873151722,0.2999361744874046,0.3045059454906526,0.3000282276982713,0.3041114754736332,0.5031312190429861,0.0013096008781108897,0.5034204736423138,0.5007656332920574,0.5051631876879533,0.500806333473377,0.5048415249646205,0.3090291453811592,0.0008287809614588453,0.3089927929428682,0.30752782002490514,0.31126955795373046,0.3078001576058377,0.31080561661115225,0.3074887444385593,0.001276081018043637,0.30778337127196365,0.30484869399326664,0.3094876789451897,0.30540583959508394,0.3092489874575774,0.27842605882616556,0.0007739172652292799,0.27852120631330257,0.27681716331546813,0.27954036884843936,0.27696952452845663,0.27951366887880025,0.21716248562710067,0.002016668167621602,0.21760016805236157,0.2132965903060322,0.22047751194056253,0.21332284848752875,0.22020967848929773,0.4054199650627985,0.0009009155253428945,0.405427013311516,0.4033685100831417,0.40679865779232266,0.4037321858968689,0.4066916557027242,2.4582997965681934,0.005643924654852242,2.4571742879886784,2.4485007960375023,2.468086635414824,2.4501077967450913,2.4678975765080486
32,800,xgboost,fine,20,empirical_seed_interval,0.107672188194986,0.0013391791419086827,0.10794676670688316,0.1056075600586221,0.11006937717299282,0.10584909014832729,0.11005159335573102,0.30770871108261094,0.0015863430541108198,0.30770857288165576,0.30429086325844684,0.3107199716964444,0.304936814523262,0.3102919633380506,0.11192044608394262,0.0012277300534223382,0.11178400682880528,0.10934328126435168,0.11384239724907358,0.10993763019153967,0.11368665591924346,0.1052765725607975,0.0012954812077030635,0.10552591471178877,0.10323149172310167,0.10774229222144563,0.10330644415236512,0.10754409563685612,0.06422942346406772,0.0010219420706517985,0.06450213105401775,0.062788403068844,0.06572710964696567,0.0627984713352259,0.06562251001752985,0.21716248562710067,0.002016668167621602,0.21760016805236157,0.2132965903060322,0.22047751194056253,0.21332284848752875,0.22020967848929773,0.4054199650627985,0.0009009155253428945,0.405427013311516,0.4033685100831417,0.40679865779232266,0.4037321858968689,0.4066916557027242,2.4582997965681934,0.005643924654852242,2.4571742879886784,2.4485007960375023,2.468086635414824,2.4501077967450913,2.4678975765080486
32,1600,logistic_regression,coarse,20,empirical_seed_interval,0.288342109218973,0.0014225591198466076,0.2881486835115161,0.28618842990925225,0.2914496648587068,0.286316045996069,0.29088937565571804,0.33289638797983373,0.0027028966425730752,0.33244930788961613,0.3284953785600566,0.3378460551919335,0.3284966914691314,0.3372801913806828,0.40047635113137864,0.005268714850012742,0.4003725915679156,0.390500838146424,0.41033519720534006,0.39168299290587283,0.4092812708152296,0.29221750750066755,0.0013296875638976412,0.2922539061717142,0.28950311314532096,0.29411313978511067,0.289752767635069,0.29408507610638956,0.2586476869710337,0.001172079395300731,0.25847845226634025,0.2564116840992595,0.2609091060349463,0.25677225659209185,0.2608801305496924,0.09599452171413408,0.001285757452915416,0.09591422695913675,0.09341002565009729,0.09833827171413409,0.09369886564655935,0.09803236389969927,0.23548323346010971,0.0016357213577456494,0.23527123319476384,0.2318390124712542,0.23798342694144703,0.23231625491995403,0.2378967749425084,2.9602688837785247,0.008346201876461639,2.9584236246240936,2.9455211834424198,2.976682734831063,2.946403458340704,2.9749812046700868
32,1600,logistic_regression,fine,20,empirical_seed_interval,0.10250819269691788,0.0019473611207308265,0.10249863953061225,0.09758016235411675,0.10545056731015832,0.09873143423812004,0.10532832913765872,0.13807007894038564,0.0015389580232959166,0.13807933840438705,0.1351798823633469,0.1412082080311339,0.13561970690341413,0.14048610803997877,0.16484364864032966,0.002139043644430566,0.1647802082696691,0.16138003492362263,0.16977178650360217,0.16146549870863852,0.16877705707062723,0.09835116917540275,0.0015062753144207664,0.09869590935137304,0.09543990775265146,0.10055050368603603,0.09583129315626991,0.10040594793456392,0.05732301641244739,0.0007028670877956998,0.05723874203436327,0.05631808792978987,0.058595358267330644,0.056337722014174314,0.058593173686852,0.09599452171413408,0.001285757452915416,0.09591422695913675,0.09341002565009729,0.09833827171413409,0.09369886564655935,0.09803236389969927,0.23548323346010971,0.0016357213577456494,0.23527123319476384,0.2318390124712542,0.23798342694144703,0.23231625491995403,0.2378967749425084,2.9602688837785247,0.008346201876461639,2.9584236246240936,2.9455211834424198,2.976682734831063,2.946403458340704,2.9749812046700868
32,1600,xgboost,coarse,20,empirical_seed_interval,0.3079795177247354,0.0012193746752621063,0.30788110154946347,0.3053785208482516,0.31040590052557027,0.305947727790891,0.3100288940390927,0.5079097934724924,0.0011728804256145467,0.5079714310985317,0.5061527065275075,0.5102406907836547,0.5061855292543782,0.5101212160578454,0.31489454751931306,0.0008415820899584923,0.31475010240017376,0.31354837322434187,0.3167828644093166,0.31366809305010124,0.31656144506346867,0.3137600459784414,0.0009555586177653414,0.31354855708956497,0.31176006269452966,0.31590728696990766,0.3122153034038478,0.315526509344369,0.2841178576330434,0.001030079643579598,0.28429614292339234,0.28195753752636304,0.28555004681735446,0.2823368632880637,0.2855459377896824,0.22660022886078188,0.0015019183081620227,0.22628471607995754,0.2246871130373253,0.2302317353617548,0.2247054937643729,0.22959891318768796,0.41053837564125245,0.001023898214787839,0.41041330377675567,0.4088053356624801,0.4125961878648505,0.4089490992061737,0.4124025337763135,2.4281523637891387,0.004119798440961863,2.4280221784892975,2.420246992747214,2.4342716256854766,2.420451806562887,2.4340746893242526
32,1600,xgboost,fine,20,empirical_seed_interval,0.11564533111906897,0.0011942487145213691,0.11553096938660556,0.11407567756529485,0.11743916387762333,0.11408560313398827,0.11739557622065808,0.31316695781001236,0.0013389524725184831,0.31299199540067224,0.3107531399257032,0.31586657526976825,0.3109868377410225,0.3155921772731293,0.11893864794475754,0.0009106892130306227,0.11887409732344273,0.11756409350048284,0.12041569769653661,0.11758064225219735,0.12034888274468686,0.11276778339911289,0.0011413453932242338,0.11268168718278995,0.11096812168586612,0.11469809999416854,0.11109554608881293,0.1145576574876164,0.07015509123184112,0.0004807876485800877,0.070233731872642,0.06907814969520774,0.0708457685405611,0.06918450561119785,0.07081589307336984,0.22660022886078188,0.0015019183081620227,0.22628471607995754,0.2246871130373253,0.2302317353617548,0.2247054937643729,0.22959891318768796,0.41053837564125245,0.001023898214787839,0.41041330377675567,0.4088053356624801,0.4125961878648505,0.4089490992061737,0.4124025337763135,2.4281523637891387,0.004119798440961863,2.4280221784892975,2.420246992747214,2.4342716256854766,2.420451806562887,2.4340746893242526
